frame_id,track_id,predicted_label,confidence,bbox_x1,bbox_y1,bbox_x2,bbox_y2
30,1,Unknown,0.0,786,537,1166,952
30,2,Unknown,0.0,1455,427,1635,654
30,3,Unknown,0.0,1176,440,1356,664
30,4,Unknown,0.0,347,547,684,968
30,5,Unknown,0.0,1548,528,1915,889
30,6,Unknown,0.0,523,429,693,690
30,7,Unknown,0.0,621,388,829,599
30,8,Unknown,0.0,812,431,1011,694
30,9,Unknown,0.0,35,442,323,708
30,10,Unknown,0.0,1903,690,1919,793
60,2,Unknown,0.0,1429,428,1604,662
60,1,Unknown,0.0,785,536,1153,953
60,3,Unknown,0.0,1177,440,1356,665
60,4,Unknown,0.0,368,550,696,989
60,6,Unknown,0.0,480,430,686,675
60,5,Unknown,0.0,1546,544,1909,889
60,7,Unknown,0.0,616,407,840,596
60,8,Unknown,0.0,809,432,1010,692
60,10,Unknown,0.0,1892,695,1919,813
60,9,Unknown,0.0,33,441,321,708
90,2,Unknown,0.0,1429,430,1636,662
90,1,Unknown,0.0,783,536,1147,953
90,3,Unknown,0.0,1176,441,1356,665
90,5,Unknown,0.0,1551,537,1905,888
90,6,Unknown,0.0,482,432,688,687
90,4,Unknown,0.0,372,584,719,965
90,7,Unknown,0.0,620,408,833,595
90,8,Unknown,0.0,813,424,970,690
90,9,Unknown,0.0,34,441,322,707
90,10,Unknown,0.0,1892,696,1919,818
120,2,Unknown,0.0,1441,426,1634,655
120,3,Unknown,0.0,1176,440,1356,665
120,1,Unknown,0.0,784,533,1145,953
120,5,Unknown,0.0,1551,543,1899,889
120,6,Unknown,0.0,482,433,689,687
120,4,Unknown,0.0,376,585,718,964
120,7,Unknown,0.0,619,407,841,596
120,8,Unknown,0.0,820,441,1017,691
120,10,Unknown,0.0,1887,693,1919,821
120,9,Unknown,0.0,36,442,321,708
150,2,Focused,0.976,1435,425,1635,663
150,1,Focused,0.955,784,533,1136,953
150,3,Focused,0.978,1176,441,1356,664
150,5,Focused,0.981,1551,540,1913,893
150,6,Focused,0.985,480,435,688,688
150,4,Focused,0.977,377,585,722,978
150,7,Focused,0.985,617,407,841,596
150,8,Focused,0.983,812,440,1016,693
150,10,Focused,0.982,1897,686,1919,803
150,9,Focused,0.976,34,439,313,707
180,2,Focused,0.975,1438,425,1633,651
180,3,Focused,0.98,1176,440,1356,664
180,1,Focused,0.967,780,527,1140,957
180,5,Focused,0.982,1550,531,1901,887
180,6,Focused,0.984,482,431,689,688
180,4,Focused,0.979,377,586,720,978
180,7,Focused,0.982,621,409,807,595
180,8,Focused,0.981,811,442,1017,694
180,9,Focused,0.979,34,438,317,707
180,10,Focused,0.981,1886,693,1919,820
210,2,Focused,0.974,1435,425,1631,652
210,3,Focused,0.98,1176,441,1356,665
210,1,Focused,0.601,781,533,1141,956
210,5,Focused,0.978,1565,529,1900,900
210,6,Focused,0.984,481,435,689,688
210,4,Focused,0.961,378,585,720,977
210,7,Focused,0.98,624,406,811,596
210,8,Focused,0.853,815,444,1018,693
210,10,Focused,0.961,1869,641,1919,818
210,9,Focused,0.981,16,433,323,697
240,2,Focused,0.98,1433,426,1632,662
240,5,Focused,0.904,1566,527,1899,902
240,3,Focused,0.982,1176,440,1355,665
240,1,Focused,0.51,783,532,1139,956
240,6,Focused,0.985,483,432,689,688
240,4,Focused,0.974,378,586,720,976
240,7,Focused,0.984,621,404,812,593
240,8,Chatting,0.386,815,443,1015,692
240,10,Focused,0.944,1873,648,1919,819
240,9,Focused,0.981,43,438,327,702
270,2,Focused,0.969,1433,425,1632,662
270,3,Focused,0.972,1176,441,1356,664
270,1,Focused,0.664,779,531,1142,957
270,5,Focused,0.891,1566,530,1899,898
270,6,Focused,0.983,483,435,688,689
270,4,Focused,0.957,377,584,719,978
270,7,Focused,0.851,623,404,811,596
270,8,Using Phone,0.475,815,443,1014,693
270,10,Focused,0.967,1877,656,1919,818
270,9,Focused,0.981,47,425,324,700
300,2,Focused,0.974,1433,425,1630,662
300,1,Using Phone,0.561,791,533,1148,962
300,5,Focused,0.97,1566,528,1898,895
300,3,Focused,0.921,1176,441,1357,665
300,4,Focused,0.937,375,582,735,977
300,6,Focused,0.959,483,435,686,684
300,7,Focused,0.707,622,406,812,596
300,8,Using Phone,0.577,815,441,1015,692
300,10,Focused,0.937,1877,660,1919,817
300,9,Focused,0.981,44,427,323,700
330,3,Focused,0.964,1175,441,1356,665
330,1,Focused,0.589,792,529,1141,964
330,5,Focused,0.946,1565,530,1899,899
330,2,Focused,0.977,1433,429,1633,650
330,4,Focused,0.534,359,566,673,978
330,6,Focused,0.98,485,430,688,679
330,7,Focused,0.842,621,407,812,596
330,8,Focused,0.779,814,452,1027,694
330,10,Focused,0.883,1881,692,1919,821
330,9,Focused,0.982,45,428,322,701
360,2,Focused,0.977,1435,427,1632,651
360,5,Focused,0.599,1566,527,1898,898
360,3,Focused,0.969,1176,440,1356,664
360,1,Using Phone,0.531,792,534,1141,965
360,4,Focused,0.772,361,566,686,978
360,6,Focused,0.985,483,434,690,679
360,7,Focused,0.909,622,407,812,596
360,8,Focused,0.851,816,443,1013,694
360,10,Focused,0.966,1882,697,1919,821
360,9,Focused,0.983,46,428,322,702
390,2,Focused,0.981,1434,427,1632,650
390,1,Using Phone,0.527,791,533,1140,963
390,3,Focused,0.974,1175,439,1356,665
390,5,Focused,0.969,1566,528,1899,897
390,4,Focused,0.958,366,549,701,969
390,7,Focused,0.934,625,407,812,595
390,6,Focused,0.986,484,436,689,670
390,8,Focused,0.986,815,451,1010,693
390,10,Focused,0.977,1884,691,1919,821
390,9,Focused,0.982,45,428,322,702
420,2,Focused,0.983,1431,426,1632,663
420,3,Focused,0.976,1174,440,1356,665
420,1,Focused,0.7,793,524,1138,961
420,5,Focused,0.975,1563,530,1900,889
420,4,Focused,0.954,366,549,698,969
420,7,Focused,0.953,626,407,811,596
420,6,Focused,0.987,483,435,689,670
420,8,Focused,0.985,816,446,1017,695
420,10,Focused,0.971,1883,693,1919,821
420,9,Focused,0.981,51,454,327,706
450,2,Focused,0.975,1431,426,1631,662
450,1,Focused,0.499,793,529,1140,964
450,3,Focused,0.956,1174,441,1356,665
450,5,Focused,0.96,1557,530,1900,906
450,4,Focused,0.953,361,550,695,969
450,7,Focused,0.977,627,405,810,595
450,6,Focused,0.985,483,435,690,671
450,8,Focused,0.983,815,446,1018,695
450,10,Focused,0.975,1880,677,1919,821
450,9,Focused,0.981,50,442,322,707
480,5,Focused,0.97,1565,523,1901,910
480,2,Focused,0.975,1441,427,1631,651
480,1,Focused,0.513,792,529,1138,963
480,3,Focused,0.691,1175,441,1356,665
480,4,Focused,0.977,364,545,698,970
480,7,Focused,0.979,626,408,839,596
480,8,Focused,0.984,815,445,1021,695
480,6,Focused,0.986,485,436,690,670
480,10,Focused,0.971,1882,685,1919,822
480,9,Focused,0.98,49,438,322,707
510,5,Focused,0.972,1565,526,1900,907
510,2,Focused,0.978,1442,427,1635,651
510,1,Using Phone,0.486,793,530,1137,963
510,3,Using Phone,0.546,1177,440,1356,668
510,4,Focused,0.977,363,545,698,970
510,6,Focused,0.986,488,432,692,669
510,7,Focused,0.974,620,409,839,596
510,8,Focused,0.955,815,444,1020,694
510,10,Focused,0.963,1881,684,1919,821
510,9,Focused,0.98,50,440,321,707
540,5,Focused,0.884,1561,528,1898,917
540,2,Focused,0.958,1440,428,1633,650
540,1,Focused,0.636,794,533,1138,962
540,3,Focused,0.962,1178,438,1356,670
540,4,Focused,0.971,365,544,697,969
540,6,Focused,0.984,488,435,692,668
540,7,Focused,0.76,623,410,839,596
540,8,Using Phone,0.472,815,444,1020,694
540,10,Focused,0.929,1880,675,1919,821
540,9,Focused,0.982,51,438,321,707
570,2,Focused,0.96,1439,428,1634,650
570,1,Focused,0.548,793,530,1138,968
570,5,Focused,0.549,1562,530,1898,919
570,4,Focused,0.917,366,541,700,969
570,3,Focused,0.923,1179,440,1356,665
570,7,Focused,0.846,626,410,839,596
570,8,Using Phone,0.705,815,444,1020,694
570,6,Focused,0.981,527,433,692,611
570,10,Focused,0.807,1884,698,1919,822
570,9,Focused,0.977,51,438,322,708
600,2,Focused,0.959,1440,427,1634,650
600,5,Focused,0.731,1567,528,1898,902
600,1,Using Phone,0.526,792,529,1136,964
600,3,Focused,0.957,1179,439,1356,666
600,4,Focused,0.974,366,543,697,969
600,7,Focused,0.899,624,409,839,597
600,8,Focused,0.526,815,443,1022,694
600,6,Focused,0.965,530,434,692,627
600,10,Focused,0.939,1885,697,1919,822
600,9,Focused,0.976,50,437,321,708
630,2,Focused,0.97,1441,427,1634,651
630,1,Using Phone,0.625,783,534,1136,966
630,3,Focused,0.96,1176,440,1356,668
630,5,Focused,0.895,1569,527,1898,896
630,4,Focused,0.977,360,543,690,970
630,7,Focused,0.948,627,400,809,596
630,6,Focused,0.985,537,434,691,689
630,8,Focused,0.967,820,440,1020,694
630,10,Focused,0.925,1884,697,1919,822
630,9,Focused,0.976,50,438,322,707
660,2,Focused,0.904,1441,427,1634,651
660,1,Using Phone,0.603,791,533,1137,962
660,3,Focused,0.954,1178,441,1356,665
660,4,Focused,0.966,364,544,696,970
660,5,Focused,0.788,1564,530,1900,892
660,7,Focused,0.929,625,406,816,596
660,8,Focused,0.689,820,434,1026,694
660,6,Focused,0.983,525,434,691,627
660,10,Focused,0.966,1882,695,1919,822
660,9,Focused,0.975,50,438,320,708
690,2,Focused,0.952,1440,427,1635,651
690,5,Focused,0.914,1566,528,1899,909
690,1,Using Phone,0.594,794,533,1136,963
690,3,Focused,0.967,1178,440,1356,665
690,4,Focused,0.972,364,542,699,969
690,7,Focused,0.96,623,407,817,596
690,8,Using Phone,0.47,818,443,1021,695
690,6,Focused,0.987,534,435,692,633
690,10,Focused,0.973,1872,652,1919,821
690,9,Focused,0.967,51,438,321,708
720,2,Focused,0.806,1439,427,1636,650
720,1,Focused,0.88,790,534,1135,970
720,3,Focused,0.867,1178,439,1356,666
720,5,Focused,0.96,1567,525,1901,900
720,4,Focused,0.911,365,543,701,969
720,7,Focused,0.686,653,407,840,596
720,6,Focused,0.983,487,447,690,669
720,8,Using Phone,0.448,819,443,1021,692
720,10,Focused,0.948,1875,662,1919,820
720,9,Focused,0.561,29,431,353,706
750,2,Focused,0.904,1439,427,1634,650
750,5,Focused,0.911,1606,535,1903,870
750,1,Focused,0.736,792,531,1135,963
750,4,Focused,0.901,363,539,692,970
750,3,Focused,0.932,1175,439,1356,671
750,7,Focused,0.823,624,409,841,597
750,6,Focused,0.985,547,433,691,639
750,8,Focused,0.535,820,442,1020,693
750,10,Focused,0.917,1878,663,1919,819
750,9,Focused,0.981,31,433,349,706
780,3,Focused,0.973,1177,440,1356,666
780,5,Focused,0.953,1614,532,1902,873
780,2,Focused,0.962,1438,427,1634,651
780,1,Focused,0.565,791,532,1136,964
780,4,Focused,0.969,369,541,699,969
780,7,Focused,0.887,624,409,840,597
780,8,Focused,0.526,805,442,1023,693
780,6,Focused,0.986,526,433,690,623
780,10,Focused,0.958,1879,669,1919,820
780,9,Focused,0.982,31,429,350,706
810,2,Focused,0.954,1440,427,1635,651
810,1,Focused,0.624,790,532,1135,967
810,5,Focused,0.883,1582,528,1901,904
810,3,Focused,0.97,1179,441,1356,665
810,4,Focused,0.965,366,538,695,969
810,6,Focused,0.945,548,437,691,687
810,7,Focused,0.883,625,409,841,597
810,8,Focused,0.867,818,447,1023,693
810,10,Focused,0.687,1878,666,1919,819
810,9,Focused,0.98,16,432,359,704
840,2,Focused,0.929,1440,427,1635,651
840,5,Focused,0.87,1581,523,1900,904
840,1,Focused,0.523,790,528,1134,968
840,4,Focused,0.963,368,537,694,970
840,3,Focused,0.975,1179,441,1356,666
840,7,Focused,0.946,627,409,840,597
840,8,Focused,0.875,817,446,1017,693
840,6,Focused,0.786,552,434,692,656
840,10,Focused,0.888,1878,668,1919,820
840,9,Focused,0.981,57,435,358,707
870,5,Focused,0.94,1581,526,1902,911
870,2,Focused,0.955,1439,433,1636,651
870,1,Focused,0.68,789,528,1133,964
870,4,Focused,0.945,365,541,691,970
870,3,Focused,0.979,1179,440,1356,667
870,7,Focused,0.95,627,404,834,596
870,6,Focused,0.986,544,434,693,691
870,8,Focused,0.734,817,446,1023,693
870,10,Focused,0.956,1879,666,1919,820
870,9,Focused,0.981,54,436,357,708
900,5,Focused,0.961,1580,533,1901,912
900,2,Focused,0.956,1440,428,1630,652
900,3,Focused,0.982,1179,440,1357,666
900,1,Focused,0.659,790,531,1136,964
900,4,Focused,0.978,363,557,689,969
900,7,Focused,0.954,631,404,834,596
900,8,Using Phone,0.45,817,446,1094,693
900,6,Focused,0.985,489,436,693,661
900,10,Focused,0.591,1880,671,1919,820
900,9,Focused,0.981,53,435,357,707
930,5,Focused,0.962,1580,534,1901,913
930,2,Focused,0.913,1439,432,1644,652
930,4,Focused,0.977,360,562,688,976
930,3,Focused,0.977,1179,440,1357,666
930,1,Using Phone,0.568,793,533,1137,964
930,6,Focused,0.984,487,435,691,674
930,7,Focused,0.972,629,404,834,596
930,8,Focused,0.853,817,447,1094,693
930,10,Focused,0.843,1880,672,1919,820
930,9,Focused,0.983,47,436,357,708
960,2,Focused,0.862,1444,428,1634,651
960,5,Focused,0.976,1580,533,1900,904
960,4,Focused,0.975,362,562,691,969
960,3,Focused,0.98,1178,440,1356,665
960,1,Focused,0.584,794,533,1138,962
960,7,Focused,0.974,628,404,834,596
960,6,Focused,0.985,486,434,692,662
960,8,Focused,0.979,817,445,1021,693
960,10,Focused,0.925,1878,667,1919,820
960,9,Focused,0.966,47,439,359,708
990,2,Focused,0.886,1444,427,1633,651
990,3,Focused,0.982,1179,440,1356,666
990,1,Focused,0.968,797,536,1138,960
990,4,Focused,0.985,365,560,704,968
990,5,Focused,0.985,1576,534,1901,891
990,6,Focused,0.985,487,437,691,670
990,7,Focused,0.973,626,404,835,597
990,8,Focused,0.772,817,445,1021,693
990,10,Focused,0.952,1878,668,1919,820
990,9,Focused,0.898,45,442,357,708
1020,2,Focused,0.822,1443,428,1632,653
1020,3,Focused,0.982,1178,440,1356,666
1020,1,Focused,0.781,797,533,1137,961
1020,5,Focused,0.984,1576,534,1902,892
1020,4,Focused,0.871,376,581,741,970
1020,6,Focused,0.983,485,438,692,684
1020,7,Focused,0.914,628,404,835,597
1020,8,Focused,0.792,817,445,1020,694
1020,10,Focused,0.282,1881,670,1919,821
1020,9,Focused,0.98,0,450,374,711
1050,2,Focused,0.679,1444,428,1635,651
1050,3,Focused,0.953,1176,442,1356,666
1050,5,Focused,0.644,1577,530,1902,897
1050,1,Focused,0.634,796,529,1136,962
1050,4,Focused,0.728,377,581,740,970
1050,6,Focused,0.938,491,438,697,686
1050,7,Focused,0.907,629,405,835,597
1050,8,Focused,0.494,816,445,1021,694
1050,10,Focused,0.412,1880,673,1919,820
1050,9,Focused,0.98,0,447,373,710
1050,11,Unknown,0.0,69,810,313,1078
1080,5,Focused,0.649,1575,530,1899,906
1080,2,Focused,0.961,1442,428,1634,650
1080,1,Focused,0.55,795,536,1136,962
1080,3,Focused,0.952,1179,443,1357,666
1080,4,Focused,0.795,384,584,740,965
1080,6,Focused,0.984,489,438,694,687
1080,7,Focused,0.96,624,405,834,596
1080,8,Focused,0.972,817,445,1022,692
1080,10,Focused,0.692,1878,667,1919,822
1080,9,Focused,0.982,0,453,374,711
1080,11,Unknown,0.0,69,811,311,1078
1110,2,Focused,0.975,1442,428,1634,651
1110,5,Focused,0.973,1576,530,1902,896
1110,1,Using Phone,0.5,796,536,1137,962
1110,3,Focused,0.964,1178,441,1356,667
1110,4,Focused,0.944,383,584,740,980
1110,6,Focused,0.985,489,439,693,688
1110,7,Focused,0.977,624,405,835,597
1110,8,Focused,0.915,816,444,1022,694
1110,10,Focused,0.862,1878,668,1919,820
1110,9,Focused,0.984,0,441,373,710
1110,11,Unknown,0.0,69,810,312,1079
1140,2,Focused,0.976,1442,427,1633,651
1140,1,Focused,0.689,796,534,1137,962
1140,3,Focused,0.971,1120,443,1356,706
1140,5,Focused,0.975,1568,527,1903,892
1140,4,Focused,0.931,381,588,740,982
1140,7,Focused,0.965,631,405,835,597
1140,6,Focused,0.985,491,436,695,687
1140,8,Focused,0.981,817,444,1022,693
1140,10,Focused,0.927,1878,668,1919,820
1140,9,Focused,0.981,0,447,378,711
1140,11,Unknown,0.0,68,810,309,1079
1170,2,Focused,0.971,1443,427,1634,651
1170,5,Focused,0.964,1577,525,1901,897
1170,1,Focused,0.764,796,533,1135,963
1170,4,Focused,0.585,376,581,741,969
1170,3,Focused,0.971,1155,439,1354,682
1170,7,Focused,0.935,627,405,835,597
1170,6,Focused,0.981,489,437,693,684
1170,8,Using Phone,0.501,816,445,1028,694
1170,10,Using Phone,0.334,1879,669,1919,820
1170,9,Focused,0.987,0,444,378,709
1170,11,Focused,0.982,67,810,310,1079
1200,2,Focused,0.97,1443,427,1635,651
1200,1,Focused,0.674,796,536,1133,962
1200,5,Focused,0.604,1571,532,1900,894
1200,4,Focused,0.728,363,574,688,969
1200,7,Focused,0.969,636,405,834,596
1200,6,Focused,0.984,491,439,692,672
1200,3,Focused,0.975,1157,442,1343,676
1200,8,Focused,0.683,816,446,1016,693
1200,10,Using Phone,0.334,1886,687,1919,819
1200,9,Focused,0.986,0,444,378,709
1200,11,Focused,0.982,67,811,309,1079
1230,2,Focused,0.975,1442,427,1633,651
1230,5,Focused,0.916,1571,529,1898,892
1230,1,Focused,0.581,788,530,1147,961
1230,4,Focused,0.774,369,573,699,968
1230,7,Focused,0.976,631,406,835,597
1230,6,Focused,0.986,492,439,694,683
1230,8,Using Phone,0.392,816,446,1023,693
1230,3,Focused,0.975,1157,442,1347,678
1230,10,Using Phone,0.334,1881,677,1919,821
1230,9,Focused,0.984,0,447,376,709
1230,11,Focused,0.98,71,810,300,1076
1260,2,Focused,0.976,1443,427,1634,651
1260,5,Focused,0.941,1571,529,1900,894
1260,1,Focused,0.529,795,524,1088,959
1260,4,Focused,0.712,368,571,698,968
1260,7,Focused,0.975,631,405,834,596
1260,3,Focused,0.972,1173,443,1359,685
1260,6,Focused,0.986,491,437,693,682
1260,8,Focused,0.446,817,441,1093,693
1260,10,Using Phone,0.334,1881,674,1919,819
1260,9,Focused,0.987,0,432,339,707
1260,11,Focused,0.979,73,810,295,1077
1290,2,Focused,0.976,1442,428,1633,653
1290,3,Focused,0.984,1117,442,1352,705
1290,1,Focused,0.651,794,525,1100,960
1290,4,Focused,0.812,367,569,698,968
1290,5,Focused,0.883,1571,537,1902,895
1290,7,Focused,0.975,636,377,805,596
1290,6,Focused,0.986,491,438,693,677
1290,8,Focused,0.642,816,445,1095,693
1290,10,Using Phone,0.334,1883,674,1919,819
1290,9,Focused,0.988,2,433,328,709
1290,11,Focused,0.98,75,809,292,1078
1320,2,Focused,0.976,1442,428,1634,651
1320,1,Using Phone,0.541,804,519,1105,950
1320,5,Focused,0.818,1571,536,1900,893
1320,4,Focused,0.909,366,569,697,968
1320,3,Focused,0.981,1174,443,1358,665
1320,6,Focused,0.986,489,432,691,676
1320,7,Focused,0.977,622,380,816,598
1320,8,Focused,0.942,919,444,1093,649
1320,10,Using Phone,0.334,1879,670,1919,821
1320,11,Focused,0.979,72,809,299,1077
1320,9,Focused,0.986,54,426,332,701
1350,2,Focused,0.969,1443,427,1634,651
1350,1,Using Phone,0.548,804,521,1103,952
1350,3,Focused,0.759,1175,441,1358,666
1350,4,Focused,0.931,368,573,698,968
1350,5,Focused,0.683,1572,533,1899,893
1350,6,Focused,0.985,490,435,694,680
1350,7,Focused,0.967,628,397,835,597
1350,8,Focused,0.938,917,445,1092,648
1350,10,Using Phone,0.334,1883,684,1919,819
1350,9,Focused,0.984,63,430,327,707
1350,11,Focused,0.976,73,810,292,1077
1380,2,Focused,0.933,1443,427,1634,651
1380,3,Focused,0.957,1139,442,1357,675
1380,1,Focused,0.508,803,524,1105,959
1380,4,Focused,0.901,369,572,700,968
1380,5,Focused,0.592,1573,538,1886,895
1380,6,Focused,0.98,490,436,693,677
1380,7,Focused,0.968,630,395,835,597
1380,10,Using Phone,0.334,1881,683,1919,821
1380,8,Focused,0.983,932,443,1096,646
1380,9,Focused,0.98,45,427,347,705
1380,11,Focused,0.888,73,809,298,1076
1410,3,Focused,0.947,1115,442,1355,708
1410,4,Focused,0.914,362,571,697,968
1410,1,Focused,0.664,800,527,1112,961
1410,5,Focused,0.757,1572,536,1891,894
1410,7,Focused,0.981,631,395,835,597
1410,2,Focused,0.885,1446,428,1635,652
1410,6,Focused,0.944,490,437,692,675
1410,8,Focused,0.829,817,443,1094,692
1410,10,Focused,0.331,1880,680,1919,820
1410,9,Focused,0.98,39,432,328,705
1410,11,Focused,0.92,71,809,297,1077
1440,5,Focused,0.821,1570,534,1898,916
1440,1,Focused,0.812,797,524,1086,958
1440,2,Focused,0.967,1442,426,1635,652
1440,4,Focused,0.844,365,569,697,968
1440,3,Focused,0.972,1150,440,1355,686
1440,7,Focused,0.967,632,392,835,596
1440,6,Focused,0.983,490,437,693,680
1440,8,Focused,0.984,916,441,1093,649
1440,10,Focused,0.574,1881,676,1919,820
1440,11,Focused,0.982,70,809,300,1076
1440,9,Focused,0.967,36,426,324,704
1470,2,Focused,0.978,1440,426,1635,651
1470,1,Focused,0.981,800,527,1101,962
1470,4,Focused,0.782,366,569,698,967
1470,3,Focused,0.974,1146,439,1354,688
1470,5,Focused,0.924,1572,545,1900,893
1470,6,Focused,0.98,493,442,696,681
1470,7,Focused,0.968,638,392,835,597
1470,8,Focused,0.982,917,449,1094,650
1470,10,Focused,0.874,1876,661,1919,818
1470,9,Focused,0.927,0,419,330,715
1470,11,Focused,0.963,73,809,298,1077
1500,2,Focused,0.969,1441,426,1635,651
1500,1,Focused,0.675,798,534,1152,959
1500,4,Focused,0.961,382,587,687,966
1500,3,Focused,0.973,1146,441,1354,690
1500,6,Focused,0.982,495,437,692,692
1500,5,Focused,0.826,1567,553,1900,892
1500,7,Focused,0.976,638,401,835,598
1500,8,Focused,0.982,815,450,1096,695
1500,10,Focused,0.948,1880,672,1919,818
1500,9,Focused,0.792,35,425,329,705
1530,2,Focused,0.976,1442,425,1635,651
1530,5,Focused,0.967,1568,540,1895,895
1530,1,Focused,0.706,793,532,1147,951
1530,4,Focused,0.965,386,593,738,969
1530,3,Focused,0.979,1150,441,1354,692
1530,6,Focused,0.981,488,434,693,690
1530,7,Focused,0.982,628,402,835,596
1530,8,Focused,0.983,812,443,1021,695
1530,10,Focused,0.965,1875,672,1919,820
1530,9,Focused,0.645,43,424,339,705
1530,11,Focused,0.971,71,810,296,1077
1560,2,Focused,0.97,1439,426,1634,662
1560,1,Focused,0.658,805,523,1106,946
1560,5,Focused,0.793,1559,541,1896,917
1560,4,Focused,0.85,384,584,739,966
1560,3,Focused,0.974,1150,441,1354,691
1560,6,Focused,0.865,488,439,693,689
1560,7,Focused,0.929,628,402,836,597
1560,10,Using Phone,0.334,1877,672,1919,820
1560,8,Focused,0.982,815,448,1097,693
1560,9,Focused,0.982,40,427,338,705
1560,11,Focused,0.976,71,810,296,1077
1590,2,Focused,0.969,1439,427,1634,662
1590,1,Focused,0.608,804,520,1105,945
1590,5,Focused,0.786,1560,533,1896,918
1590,4,Focused,0.632,359,559,700,967
1590,3,Focused,0.983,1155,441,1353,696
1590,7,Focused,0.949,627,395,814,595
1590,8,Focused,0.833,918,448,1093,649
1590,6,Focused,0.954,498,437,693,689
1590,10,Using Phone,0.334,1874,674,1919,823
1590,9,Focused,0.984,42,427,337,705
1590,11,Focused,0.979,70,810,296,1077
1620,2,Focused,0.973,1438,426,1634,662
1620,1,Focused,0.507,807,513,1105,944
1620,5,Focused,0.931,1558,534,1896,925
1620,4,Using Phone,0.523,354,574,703,971
1620,3,Focused,0.985,1174,440,1359,666
1620,6,Focused,0.95,497,438,694,691
1620,7,Focused,0.95,628,395,814,595
1620,8,Using Phone,0.412,920,448,1093,648
1620,10,Using Phone,0.334,1875,674,1919,823
1620,9,Focused,0.981,41,426,338,705
1620,11,Focused,0.972,70,810,296,1077
1650,1,Focused,0.649,808,516,1108,945
1650,2,Focused,0.967,1438,426,1631,662
1650,5,Focused,0.756,1567,534,1901,898
1650,4,Focused,0.635,350,579,704,970
1650,3,Focused,0.984,1174,441,1359,665
1650,6,Focused,0.948,495,438,695,692
1650,7,Focused,0.938,628,389,813,595
1650,8,Focused,0.697,921,449,1093,650
1650,10,Using Phone,0.334,1885,673,1919,822
1650,9,Focused,0.981,38,423,339,705
1650,11,Focused,0.95,69,810,297,1077
1680,2,Focused,0.948,1438,427,1633,662
1680,1,Focused,0.535,806,516,1109,943
1680,4,Focused,0.783,349,583,703,970
1680,5,Focused,0.719,1572,532,1898,892
1680,3,Focused,0.983,1172,442,1354,666
1680,6,Focused,0.936,495,438,694,695
1680,7,Focused,0.91,625,400,836,596
1680,8,Focused,0.926,921,448,1095,649
1680,10,Using Phone,0.334,1881,673,1919,822
1680,9,Focused,0.981,38,423,339,705
1680,11,Focused,0.806,71,809,297,1077
1710,4,Focused,0.909,350,571,699,971
1710,2,Focused,0.949,1440,428,1633,662
1710,5,Focused,0.587,1573,533,1898,903
1710,1,Focused,0.563,788,533,1142,954
1710,6,Focused,0.952,495,439,693,691
1710,3,Focused,0.977,1173,440,1359,666
1710,7,Focused,0.898,626,401,836,597
1710,8,Focused,0.864,820,446,1022,695
1710,10,Using Phone,0.334,1879,674,1919,822
1710,9,Focused,0.981,40,425,340,705
1710,11,Focused,0.71,70,810,297,1077
1740,2,Focused,0.946,1438,427,1633,662
1740,5,Focused,0.633,1570,532,1899,905
1740,4,Focused,0.88,350,573,701,970
1740,1,Focused,0.505,787,533,1137,955
1740,6,Focused,0.97,498,439,692,692
1740,3,Focused,0.965,1178,441,1358,668
1740,7,Focused,0.932,630,401,836,598
1740,8,Focused,0.976,818,450,1023,694
1740,10,Using Phone,0.334,1887,692,1919,819
1740,9,Focused,0.981,38,423,338,705
1740,11,Focused,0.671,70,810,297,1077
1770,2,Focused,0.951,1439,427,1633,662
1770,4,Focused,0.648,351,572,700,971
1770,1,Focused,0.531,786,536,1136,955
1770,5,Focused,0.569,1571,537,1901,897
1770,3,Focused,0.946,1178,440,1358,668
1770,7,Focused,0.958,631,401,836,598
1770,6,Focused,0.957,496,439,694,685
1770,8,Using Phone,0.471,817,449,1023,692
1770,10,Using Phone,0.334,1890,702,1919,820
1770,9,Focused,0.981,38,423,339,706
1770,11,Focused,0.947,71,810,296,1077
1800,2,Focused,0.953,1437,428,1637,662
1800,5,Focused,0.859,1570,535,1900,907
1800,1,Focused,0.617,791,532,1140,963
1800,4,Focused,0.762,360,576,705,969
1800,3,Focused,0.914,1178,440,1358,668
1800,6,Focused,0.952,491,439,694,681
1800,7,Focused,0.941,630,402,836,597
1800,8,Using Phone,0.431,818,448,1024,694
1800,10,Focused,0.294,1888,703,1919,821
1800,9,Focused,0.981,38,423,340,705
1800,11,Focused,0.929,72,810,296,1077
1830,2,Focused,0.969,1438,428,1634,662
1830,1,Focused,0.848,791,535,1137,964
1830,4,Focused,0.913,356,576,705,970
1830,5,Focused,0.873,1570,528,1899,897
1830,3,Focused,0.981,1178,441,1358,667
1830,6,Focused,0.934,491,439,692,681
1830,7,Focused,0.926,633,402,836,597
1830,8,Focused,0.81,817,450,1022,693
1830,10,Focused,0.749,1887,703,1919,821
1830,9,Focused,0.982,38,420,341,704
1830,11,Focused,0.669,72,810,295,1077
1860,5,Focused,0.954,1570,526,1900,913
1860,2,Focused,0.974,1445,427,1633,654
1860,1,Focused,0.968,790,535,1139,966
1860,4,Focused,0.975,355,573,704,969
1860,3,Focused,0.984,1175,441,1358,667
1860,6,Focused,0.985,490,439,693,681
1860,7,Focused,0.956,632,402,836,597
1860,8,Using Phone,0.396,817,448,1025,694
1860,10,Focused,0.953,1888,700,1919,821
1860,9,Focused,0.982,56,425,342,702
1860,11,Focused,0.962,73,809,298,1078
1890,1,Focused,0.937,790,535,1129,964
1890,2,Focused,0.97,1438,427,1633,652
1890,5,Focused,0.949,1565,531,1899,893
1890,4,Focused,0.971,358,560,707,970
1890,6,Focused,0.985,491,440,693,672
1890,3,Focused,0.984,1177,441,1359,669
1890,7,Focused,0.959,633,402,836,597
1890,8,Focused,0.689,815,453,1025,693
1890,10,Focused,0.972,1879,665,1919,820
1890,9,Focused,0.982,62,422,335,702
1890,11,Focused,0.955,71,808,299,1078
1920,2,Focused,0.977,1445,427,1632,651
1920,1,Focused,0.963,792,530,1132,965
1920,5,Focused,0.972,1568,531,1899,900
1920,4,Focused,0.979,358,562,705,970
1920,7,Focused,0.982,634,402,836,596
1920,3,Focused,0.985,1177,439,1357,666
1920,8,Focused,0.924,818,450,1023,694
1920,6,Focused,0.986,492,440,695,639
1920,10,Focused,0.976,1888,697,1919,821
1920,11,Focused,0.968,64,809,306,1077
1920,9,Focused,0.982,43,419,333,701
1950,2,Focused,0.98,1443,428,1633,651
1950,5,Focused,0.979,1568,530,1900,912
1950,1,Focused,0.956,792,531,1134,966
1950,6,Focused,0.985,497,440,694,695
1950,4,Focused,0.979,356,565,709,967
1950,3,Focused,0.985,1178,440,1358,669
1950,7,Focused,0.984,634,402,837,596
1950,8,Focused,0.982,814,448,1024,694
1950,10,Focused,0.969,1886,684,1919,820
1950,11,Focused,0.917,64,809,306,1077
1950,9,Focused,0.97,42,420,333,702
1980,2,Focused,0.955,1441,427,1633,651
1980,5,Focused,0.948,1568,528,1898,901
1980,1,Focused,0.741,792,534,1136,966
1980,4,Focused,0.878,393,581,721,967
1980,3,Focused,0.97,1178,440,1357,666
1980,6,Focused,0.969,491,433,693,668
1980,8,Focused,0.675,825,446,1097,692
1980,7,Focused,0.875,624,402,837,596
1980,10,Using Phone,0.334,1885,684,1919,822
1980,11,Focused,0.933,68,809,306,1076
1980,9,Focused,0.979,30,438,365,703
2010,5,Focused,0.947,1569,528,1899,904
2010,2,Focused,0.962,1442,428,1632,653
2010,1,Focused,0.497,792,532,1142,965
2010,4,Focused,0.937,393,580,720,966
2010,3,Focused,0.959,1177,440,1356,667
2010,7,Focused,0.949,631,399,836,597
2010,6,Focused,0.973,489,437,693,662
2010,8,Focused,0.569,841,430,1014,683
2010,10,Using Phone,0.334,1886,688,1919,821
2010,9,Focused,0.98,3,435,375,708
2010,11,Focused,0.877,75,810,298,1079
2040,1,Focused,0.531,791,525,1125,960
2040,2,Focused,0.961,1441,428,1633,651
2040,5,Focused,0.711,1572,530,1897,901
2040,4,Focused,0.91,397,581,723,967
2040,3,Focused,0.97,1178,440,1358,669
2040,7,Focused,0.938,631,398,836,597
2040,6,Focused,0.984,490,436,693,670
2040,8,Focused,0.351,841,431,1014,683
2040,10,Using Phone,0.334,1884,686,1919,821
2040,9,Focused,0.981,37,439,374,707
2040,11,Focused,0.55,71,809,301,1077
2070,5,Focused,0.524,1571,530,1898,904
2070,2,Focused,0.968,1441,428,1634,651
2070,1,Focused,0.552,785,534,1131,958
2070,4,Focused,0.818,396,581,719,968
2070,3,Focused,0.975,1175,442,1359,667
2070,6,Focused,0.974,492,439,694,653
2070,7,Focused,0.95,632,401,837,597
2070,8,Focused,0.473,842,430,1015,683
2070,10,Using Phone,0.334,1885,686,1919,820
2070,9,Focused,0.98,37,440,372,708
2070,11,Focused,0.923,73,810,296,1077
2100,2,Focused,0.968,1442,428,1634,652
2100,1,Using Phone,0.526,786,535,1132,959
2100,5,Focused,0.531,1573,531,1896,901
2100,4,Using Phone,0.55,396,578,719,967
2100,3,Focused,0.976,1175,441,1359,668
2100,7,Focused,0.944,627,401,837,597
2100,6,Focused,0.98,491,439,693,663
2100,8,Focused,0.954,842,428,1013,683
2100,10,Using Phone,0.334,1884,685,1919,822
2100,9,Focused,0.98,36,442,370,708
2100,11,Focused,0.97,74,810,293,1077
2130,2,Focused,0.967,1441,427,1634,652
2130,1,Focused,0.575,792,533,1141,958
2130,4,Using Phone,0.523,398,617,729,968
2130,5,Focused,0.626,1568,536,1899,893
2130,3,Focused,0.967,1174,442,1358,670
2130,7,Focused,0.944,629,398,830,596
2130,6,Focused,0.982,491,439,692,674
2130,8,Focused,0.967,841,431,1016,684
2130,10,Using Phone,0.334,1888,688,1919,821
2130,9,Focused,0.98,36,440,370,708
2130,11,Focused,0.977,70,810,299,1076
2160,2,Focused,0.97,1441,428,1634,651
2160,1,Focused,0.533,790,535,1130,958
2160,4,Using Phone,0.503,398,610,724,968
2160,5,Focused,0.606,1568,542,1899,893
2160,3,Focused,0.977,1178,443,1357,670
2160,6,Focused,0.983,491,439,692,673
2160,7,Focused,0.949,632,405,837,597
2160,8,Focused,0.983,842,430,1016,683
2160,10,Using Phone,0.334,1888,689,1919,821
2160,9,Focused,0.979,35,449,371,709
2160,11,Focused,0.973,74,810,293,1078
2190,2,Focused,0.959,1442,428,1634,651
2190,4,Using Phone,0.582,396,587,725,967
2190,5,Focused,0.646,1568,537,1899,892
2190,1,Focused,0.771,815,596,1133,952
2190,3,Focused,0.977,1178,441,1357,669
2190,6,Focused,0.979,492,439,692,679
2190,7,Focused,0.902,631,396,837,597
2190,8,Focused,0.933,842,429,1019,685
2190,10,Using Phone,0.334,1888,687,1918,818
2190,9,Focused,0.977,36,443,371,709
2190,11,Focused,0.932,71,809,298,1076
2220,2,Focused,0.962,1441,428,1634,651
2220,5,Focused,0.619,1569,529,1900,902
2220,1,Focused,0.524,804,538,1136,963
2220,4,Using Phone,0.569,381,575,690,966
2220,3,Focused,0.978,1179,440,1358,668
2220,6,Focused,0.982,491,436,692,672
2220,7,Focused,0.943,627,401,838,597
2220,8,Focused,0.951,843,429,1078,687
2220,10,Using Phone,0.334,1890,692,1918,820
2220,9,Focused,0.979,35,444,371,709
2220,11,Focused,0.826,70,810,298,1076
2250,2,Focused,0.956,1443,428,1634,651
2250,1,Using Phone,0.528,798,549,1145,964
2250,4,Using Phone,0.588,378,572,701,967
2250,3,Focused,0.96,1178,442,1358,667
2250,5,Focused,0.886,1569,537,1901,892
2250,6,Focused,0.917,489,437,692,682
2250,7,Focused,0.926,632,403,838,597
2250,8,Focused,0.906,842,429,1035,684
2250,10,Using Phone,0.334,1892,686,1919,819
2250,9,Focused,0.979,35,442,371,708
2250,11,Focused,0.932,70,810,300,1077
2280,2,Focused,0.944,1441,428,1634,651
2280,4,Using Phone,0.535,379,574,703,996
2280,1,Using Phone,0.523,798,533,1146,963
2280,3,Focused,0.973,1175,442,1359,667
2280,6,Focused,0.883,490,439,692,684
2280,5,Focused,0.738,1495,538,1896,875
2280,7,Focused,0.918,634,404,838,597
2280,8,Focused,0.97,843,429,1016,686
2280,10,Using Phone,0.334,1889,685,1919,819
2280,9,Focused,0.979,35,449,372,709
2280,11,Focused,0.924,72,810,299,1076
2310,2,Focused,0.89,1443,428,1634,651
2310,1,Focused,0.711,798,533,1146,963
2310,4,Focused,0.559,378,566,699,988
2310,5,Focused,0.712,1502,531,1874,875
2310,3,Focused,0.938,1174,441,1358,671
2310,6,Focused,0.921,493,437,691,680
2310,7,Focused,0.917,639,404,838,597
2310,8,Focused,0.952,842,428,1017,687
2310,10,Using Phone,0.334,1875,686,1919,820
2310,9,Focused,0.978,35,447,372,709
2310,11,Focused,0.904,74,810,296,1077
2340,2,Focused,0.881,1441,427,1635,650
2340,5,Focused,0.523,1597,556,1869,868
2340,1,Focused,0.569,799,540,1145,962
2340,3,Focused,0.959,1173,440,1357,670
2340,4,Focused,0.767,389,602,753,966
2340,6,Focused,0.981,493,433,696,690
2340,7,Focused,0.917,632,405,838,597
2340,8,Focused,0.85,843,428,1016,687
2340,10,Using Phone,0.334,1872,691,1919,820
2340,9,Focused,0.978,35,447,372,709
2340,11,Focused,0.965,71,810,298,1076
2370,2,Focused,0.961,1442,427,1634,651
2370,1,Using Phone,0.522,792,544,1142,963
2370,3,Focused,0.979,1173,441,1357,671
2370,4,Focused,0.545,392,604,750,965
2370,6,Focused,0.983,486,433,691,689
2370,5,Focused,0.805,1515,530,1870,870
2370,7,Focused,0.909,627,405,838,597
2370,8,Focused,0.975,843,428,1023,686
2370,10,Using Phone,0.334,1871,685,1919,821
2370,9,Focused,0.979,35,445,372,709
2370,11,Focused,0.963,70,810,298,1077
2400,1,Focused,0.833,792,546,1144,967
2400,5,Focused,0.941,1504,546,1884,871
2400,2,Focused,0.959,1437,427,1634,658
2400,4,Using Phone,0.562,392,604,753,966
2400,3,Focused,0.97,1174,447,1359,672
2400,6,Focused,0.983,490,436,693,692
2400,7,Focused,0.902,630,405,838,597
2400,8,Focused,0.774,843,431,1021,686
2400,10,Using Phone,0.334,1880,690,1919,820
2400,9,Focused,0.979,35,447,371,709
2430,2,Focused,0.966,1443,427,1635,651
2430,1,Focused,0.523,793,544,1141,964
2430,4,Focused,0.536,392,606,755,965
2430,3,Focused,0.975,1173,441,1359,671
2430,5,Focused,0.965,1504,540,1895,872
2430,6,Focused,0.98,491,438,694,691
2430,7,Focused,0.924,628,406,838,597
2430,8,Focused,0.836,842,428,1021,687
2430,10,Using Phone,0.334,1886,687,1919,819
2430,9,Focused,0.979,34,448,371,708
2460,2,Focused,0.968,1446,427,1634,651
2460,1,Focused,0.517,793,543,1145,964
2460,5,Focused,0.962,1563,541,1907,902
2460,4,Using Phone,0.579,392,604,754,965
2460,7,Focused,0.913,631,407,837,596
2460,6,Focused,0.956,492,439,694,691
2460,3,Focused,0.978,1165,429,1357,685
2460,8,Focused,0.963,811,441,1044,680
2460,10,Using Phone,0.334,1893,685,1919,818
2460,9,Focused,0.979,34,448,371,708
2460,11,Focused,0.962,71,810,297,1076
2490,2,Focused,0.97,1445,427,1635,651
2490,1,Focused,0.507,793,543,1143,964
2490,5,Focused,0.956,1565,538,1905,904
2490,4,Using Phone,0.535,384,563,707,966
2490,6,Focused,0.978,492,441,694,675
2490,7,Focused,0.947,632,407,838,596
2490,8,Focused,0.978,803,467,1060,681
2490,3,Focused,0.981,1174,436,1360,683
2490,10,Using Phone,0.334,1891,683,1919,817
2490,9,Focused,0.98,34,447,371,708
2490,11,Focused,0.954,72,809,296,1077
2520,2,Focused,0.972,1444,427,1634,650
2520,5,Focused,0.968,1564,537,1906,900
2520,1,Focused,0.497,792,548,1142,963
2520,4,Focused,0.557,365,559,707,970
2520,6,Focused,0.981,492,442,693,667
2520,7,Focused,0.964,633,407,838,596
2520,8,Focused,0.984,804,468,1073,682
2520,3,Focused,0.972,1174,437,1359,682
2520,10,Using Phone,0.334,1891,685,1919,817
2520,9,Focused,0.98,35,448,372,708
2520,11,Focused,0.95,71,810,296,1077
2550,2,Focused,0.975,1446,427,1634,651
2550,5,Focused,0.977,1572,534,1905,897
2550,1,Using Phone,0.531,793,545,1145,964
2550,4,Focused,0.702,383,552,708,987
2550,7,Focused,0.978,633,407,838,596
2550,6,Focused,0.986,492,442,693,667
2550,3,Focused,0.938,1174,436,1359,677
2550,8,Focused,0.985,804,466,1062,682
2550,10,Using Phone,0.334,1889,686,1919,817
2550,9,Focused,0.98,35,447,371,708
2550,11,Focused,0.97,73,809,295,1077
2580,2,Focused,0.97,1445,427,1634,651
2580,5,Focused,0.61,1570,534,1902,901
2580,1,Using Phone,0.559,793,542,1144,964
2580,4,Focused,0.904,376,546,705,967
2580,3,Focused,0.942,1174,435,1359,671
2580,7,Focused,0.95,633,408,838,596
2580,8,Focused,0.806,803,466,1059,681
2580,6,Focused,0.985,492,443,693,664
2580,10,Using Phone,0.334,1890,688,1918,819
2580,9,Focused,0.98,37,455,373,709
2580,11,Focused,0.968,71,810,300,1077
2610,2,Focused,0.961,1443,428,1636,650
2610,1,Focused,0.741,788,542,1141,964
2610,5,Focused,0.812,1569,534,1901,897
2610,4,Focused,0.941,377,549,703,966
2610,7,Focused,0.888,631,408,838,597
2610,8,Using Phone,0.409,802,467,1058,681
2610,3,Focused,0.947,1177,434,1357,679
2610,10,Using Phone,0.334,1888,688,1918,819
2610,6,Focused,0.973,493,443,694,665
2610,9,Focused,0.98,36,447,372,708
2610,11,Focused,0.956,70,810,296,1076
2640,2,Focused,0.938,1440,428,1634,652
2640,1,Focused,0.749,788,544,1140,963
2640,5,Focused,0.605,1568,533,1901,894
2640,4,Focused,0.884,381,554,706,966
2640,7,Focused,0.868,634,408,838,596
2640,6,Focused,0.945,491,439,692,665
2640,8,Using Phone,0.457,802,468,1060,681
2640,3,Focused,0.93,1178,435,1360,696
2640,10,Using Phone,0.334,1888,690,1919,820
2640,9,Focused,0.98,29,434,354,707
2640,11,Focused,0.954,71,809,299,1077
2670,2,Focused,0.929,1441,429,1635,652
2670,1,Focused,0.852,788,542,1140,967
2670,5,Focused,0.848,1569,531,1901,900
2670,4,Focused,0.934,379,550,702,967
2670,7,Focused,0.855,634,408,838,596
2670,3,Focused,0.958,1177,434,1358,677
2670,8,Using Phone,0.458,802,468,1059,681
2670,6,Focused,0.982,492,439,692,665
2670,10,Using Phone,0.334,1887,690,1919,819
2670,9,Focused,0.98,30,430,352,706
2670,11,Focused,0.939,71,810,295,1077
2700,2,Focused,0.972,1441,427,1635,651
2700,1,Focused,0.921,787,541,1140,970
2700,5,Focused,0.95,1560,534,1901,919
2700,4,Focused,0.97,365,553,700,968
2700,7,Focused,0.869,634,408,838,596
2700,6,Focused,0.982,492,440,695,669
2700,8,Using Phone,0.41,802,468,1076,681
2700,3,Focused,0.983,1178,434,1357,673
2700,10,Using Phone,0.334,1886,686,1919,820
2700,9,Focused,0.98,30,428,350,706
2700,11,Focused,0.968,73,810,296,1078
2730,2,Focused,0.97,1442,427,1635,651
2730,1,Focused,0.645,790,543,1139,964
2730,5,Focused,0.937,1558,533,1902,925
2730,4,Focused,0.971,369,545,701,967
2730,7,Focused,0.903,633,408,838,596
2730,8,Using Phone,0.455,803,468,1075,681
2730,3,Focused,0.973,1178,435,1357,680
2730,10,Using Phone,0.334,1885,682,1919,821
2730,6,Focused,0.985,492,441,694,667
2730,9,Focused,0.98,31,427,350,706
2730,11,Focused,0.974,71,809,298,1077
2760,2,Focused,0.968,1442,427,1635,651
2760,4,Focused,0.961,355,544,687,969
2760,5,Focused,0.85,1557,535,1902,925
2760,1,Focused,0.583,790,542,1139,964
2760,7,Focused,0.92,634,408,838,597
2760,8,Using Phone,0.64,802,467,1071,681
2760,3,Focused,0.85,1178,436,1358,678
2760,6,Focused,0.986,539,440,695,652
2760,10,Using Phone,0.334,1887,684,1919,820
2760,9,Focused,0.981,33,426,351,706
2760,11,Focused,0.965,70,809,298,1077
2790,2,Focused,0.97,1444,427,1636,650
2790,4,Focused,0.971,368,544,695,970
2790,1,Focused,0.561,792,539,1138,965
2790,5,Focused,0.807,1563,534,1901,891
2790,7,Focused,0.951,634,408,838,596
2790,8,Focused,0.619,802,468,1059,681
2790,3,Focused,0.929,1179,435,1359,669
2790,6,Focused,0.987,542,440,695,633
2790,10,Using Phone,0.334,1887,686,1919,821
2790,9,Focused,0.981,33,426,350,706
2790,11,Focused,0.967,70,809,298,1076
2820,2,Focused,0.971,1443,428,1636,651
2820,5,Focused,0.682,1561,537,1901,883
2820,1,Focused,0.609,787,543,1137,962
2820,4,Focused,0.972,367,542,697,969
2820,7,Focused,0.939,636,408,838,596
2820,8,Focused,0.525,803,469,1059,681
2820,3,Focused,0.977,1179,435,1359,670
2820,6,Focused,0.986,533,438,694,605
2820,10,Using Phone,0.334,1887,688,1919,819
2820,9,Focused,0.981,32,425,349,706
2820,11,Focused,0.918,74,809,297,1077
2850,2,Focused,0.971,1443,427,1636,652
2850,1,Focused,0.814,787,543,1140,963
2850,5,Focused,0.838,1566,533,1901,900
2850,4,Focused,0.976,367,546,698,970
2850,7,Focused,0.859,633,407,838,596
2850,3,Focused,0.973,1178,435,1359,669
2850,8,Using Phone,0.389,803,469,1058,681
2850,6,Focused,0.986,533,439,694,608
2850,10,Using Phone,0.296,1887,684,1919,821
2850,9,Focused,0.981,32,425,350,706
2850,11,Focused,0.955,74,810,297,1077
2880,2,Focused,0.972,1442,427,1636,651
2880,1,Focused,0.962,791,540,1140,962
2880,4,Focused,0.966,367,545,697,969
2880,5,Focused,0.965,1558,556,1901,893
2880,7,Focused,0.826,634,407,838,596
2880,3,Focused,0.983,1179,435,1357,680
2880,8,Focused,0.551,802,468,1054,680
2880,6,Focused,0.986,532,439,694,606
2880,10,Focused,0.347,1891,688,1919,817
2880,9,Focused,0.98,33,425,350,705
2880,11,Focused,0.967,73,809,298,1077
2910,1,Focused,0.935,790,541,1143,961
2910,2,Focused,0.962,1438,427,1636,659
2910,5,Focused,0.97,1562,533,1900,892
2910,4,Focused,0.959,366,540,700,969
2910,7,Focused,0.871,634,408,838,596
2910,8,Focused,0.417,803,468,1074,682
2910,3,Focused,0.982,1178,434,1357,679
2910,6,Focused,0.985,554,440,694,608
2910,10,Focused,0.565,1886,688,1919,821
2910,9,Focused,0.98,60,430,355,706
2910,11,Focused,0.974,74,810,294,1077
2940,2,Focused,0.955,1444,428,1636,651
2940,1,Focused,0.776,790,534,1140,963
2940,4,Focused,0.945,365,540,699,970
2940,5,Focused,0.937,1561,531,1901,893
2940,7,Focused,0.906,634,408,838,596
2940,3,Focused,0.948,1178,437,1357,675
2940,8,Focused,0.725,802,467,1077,681
2940,6,Focused,0.984,555,439,694,617
2940,10,Focused,0.849,1889,689,1918,819
2940,9,Focused,0.981,47,432,353,704
2940,11,Focused,0.981,70,809,300,1077
2970,2,Focused,0.959,1445,427,1636,651
2970,1,Focused,0.807,789,539,1139,964
2970,4,Focused,0.958,372,542,697,968
2970,5,Focused,0.947,1565,538,1900,920
2970,7,Focused,0.926,636,401,838,597
2970,8,Focused,0.971,802,466,1075,681
2970,3,Focused,0.971,1177,436,1357,675
2970,6,Focused,0.984,535,438,693,604
2970,10,Focused,0.933,1889,689,1918,819
2970,9,Focused,0.981,45,433,350,705
2970,11,Focused,0.982,73,809,293,1077
3000,2,Focused,0.971,1437,428,1636,662
3000,1,Focused,0.929,789,541,1140,962
3000,7,Focused,0.923,638,404,838,596
3000,4,Focused,0.964,380,572,706,968
3000,6,Focused,0.985,419,431,691,693
3000,8,Focused,0.894,802,466,1074,681
3000,3,Focused,0.98,1179,435,1358,670
3000,5,Focused,0.976,1562,461,1917,895
3000,9,Focused,0.981,47,435,347,705
3030,2,Focused,0.975,1434,431,1636,661
3030,1,Focused,0.961,790,541,1138,962
3030,7,Focused,0.965,681,383,831,594
3030,4,Focused,0.979,379,569,705,968
3030,5,Focused,0.982,1570,537,1900,898
3030,3,Focused,0.984,1164,224,1415,898
3030,6,Focused,0.987,477,417,750,690
3030,8,Focused,0.968,802,468,1077,681
3030,10,Focused,0.758,1885,676,1919,821
3030,9,Focused,0.981,49,444,346,705
3030,11,Focused,0.981,70,809,298,1077
3060,2,Focused,0.976,1431,431,1612,662
3060,1,Focused,0.968,790,539,1138,965
3060,5,Focused,0.979,1531,522,1899,879
3060,4,Focused,0.977,386,572,705,966
3060,6,Focused,0.987,478,435,741,692
3060,8,Focused,0.985,801,395,988,681
3060,7,Focused,0.979,666,372,843,591
3060,9,Focused,0.981,49,444,346,705
3060,10,Focused,0.889,1890,705,1918,819
3060,11,Focused,0.981,72,809,296,1077
3090,2,Focused,0.955,1425,428,1617,651
3090,5,Focused,0.674,1531,530,1898,880
3090,1,Focused,0.593,792,541,1138,960
3090,4,Focused,0.895,384,569,706,967
3090,6,Focused,0.985,479,427,742,688
3090,7,Focused,0.974,670,387,816,591
3090,13,Unknown,0.0,1176,443,1359,669
3090,8,Focused,0.724,803,440,1003,683
3090,12,Unknown,0.0,879,216,1100,497
3090,10,Focused,0.935,1890,707,1918,819
3090,9,Focused,0.979,27,418,344,704
3120,2,Focused,0.957,1418,429,1595,652
3120,5,Focused,0.977,1534,532,1897,886
3120,1,Focused,0.498,783,539,1143,956
3120,4,Focused,0.843,374,554,705,968
3120,13,Unknown,0.0,1177,443,1360,670
3120,7,Focused,0.985,676,392,829,593
3120,8,Focused,0.977,803,456,1017,683
3120,6,Focused,0.976,481,430,742,676
3120,10,Using Phone,0.334,1888,700,1919,819
3120,9,Focused,0.98,41,424,343,704
3120,11,Focused,0.98,70,809,308,1075
3150,2,Focused,0.873,1418,430,1595,651
3150,5,Focused,0.978,1532,533,1896,882
3150,1,Focused,0.629,781,551,1139,957
3150,4,Focused,0.895,376,552,705,967
3150,7,Focused,0.754,669,408,841,596
3150,12,Unknown,0.0,913,215,1083,560
3150,13,Unknown,0.0,1179,440,1358,670
3150,6,Focused,0.972,505,420,727,665
3150,8,Focused,0.983,803,433,1043,683
3150,10,Focused,0.307,1880,678,1919,820
3150,9,Focused,0.98,41,420,339,704
3150,11,Focused,0.978,75,809,292,1076
3180,2,Focused,0.981,1418,426,1596,651
3180,5,Focused,0.971,1531,534,1897,887
3180,1,Focused,0.555,781,543,1138,957
3180,4,Focused,0.935,372,550,702,967
3180,7,Focused,0.701,670,398,828,593
3180,13,Unknown,0.0,1178,443,1358,667
3180,6,Focused,0.937,500,427,732,667
3180,8,Focused,0.981,804,444,1029,683
3180,10,Focused,0.437,1885,696,1919,819
3180,12,Unknown,0.0,848,350,1123,586
3180,9,Focused,0.98,40,422,342,705
3180,11,Focused,0.98,69,810,297,1077
3210,2,Focused,0.981,1412,428,1593,651
3210,4,Focused,0.793,370,548,699,969
3210,5,Focused,0.935,1532,530,1897,880
3210,1,Focused,0.857,782,543,1138,956
3210,13,Focused,0.967,1178,443,1358,668
3210,7,Focused,0.905,670,398,816,593
3210,6,Focused,0.938,540,423,723,611
3210,10,Focused,0.786,1877,656,1919,819
3210,8,Focused,0.531,799,421,1014,685
3210,9,Focused,0.978,41,423,343,705
3210,11,Focused,0.979,69,810,297,1078
3240,1,Focused,0.639,785,558,1216,994
3240,5,Focused,0.982,1533,537,1897,888
3240,2,Focused,0.985,1412,429,1591,651
3240,4,Focused,0.965,372,548,699,968
3240,13,Focused,0.985,1178,440,1357,667
3240,14,Unknown,0.0,818,371,931,577
3240,7,Focused,0.971,660,398,818,594
3240,8,Focused,0.983,809,422,1037,690
3240,6,Focused,0.984,540,423,717,613
3240,10,Focused,0.928,1880,686,1919,823
3240,9,Focused,0.972,41,423,342,705
3240,11,Focused,0.978,70,810,296,1077
3270,5,Focused,0.981,1532,536,1896,889
3270,1,Focused,0.895,787,558,1164,964
3270,2,Focused,0.984,1412,429,1591,651
3270,4,Focused,0.978,376,560,694,967
3270,6,Focused,0.985,502,425,724,670
3270,13,Focused,0.985,1178,440,1358,668
3270,7,Focused,0.974,660,398,817,593
3270,10,Focused,0.959,1879,680,1919,823
3270,8,Focused,0.986,816,440,1036,696
3270,14,Unknown,0.0,826,388,973,580
3270,9,Focused,0.744,42,422,342,705
3300,2,Focused,0.976,1412,429,1591,651
3300,1,Focused,0.492,787,563,1172,964
3300,5,Focused,0.958,1533,538,1897,888
3300,4,Focused,0.848,378,568,698,967
3300,6,Focused,0.944,503,427,723,674
3300,13,Focused,0.971,1176,441,1359,671
3300,7,Focused,0.877,664,399,819,592
3300,14,Unknown,0.0,824,384,963,582
3300,8,Focused,0.914,816,445,1017,696
3300,10,Using Phone,0.334,1877,681,1919,823
3300,9,Focused,0.979,43,422,342,704
3330,2,Focused,0.979,1422,424,1604,651
3330,5,Focused,0.981,1533,538,1896,888
3330,1,Using Phone,0.533,787,562,1175,964
3330,4,Focused,0.767,373,553,706,967
3330,6,Focused,0.98,502,426,719,666
3330,7,Focused,0.856,656,402,818,592
3330,13,Focused,0.979,1176,440,1359,673
3330,14,Unknown,0.0,824,382,961,582
3330,8,Focused,0.983,816,449,1023,698
3330,10,Using Phone,0.334,1877,680,1919,822
3330,9,Focused,0.978,44,420,342,704
3360,2,Focused,0.975,1418,426,1605,650
3360,1,Focused,0.5,787,555,1170,964
3360,5,Focused,0.983,1533,539,1897,887
3360,4,Focused,0.965,376,547,699,968
3360,7,Focused,0.83,663,395,823,593
3360,14,Focused,0.781,825,391,978,581
3360,13,Focused,0.977,1175,440,1358,672
3360,8,Focused,0.966,815,450,1017,698
3360,6,Focused,0.976,529,426,723,601
3360,10,Focused,0.281,1881,684,1919,822
3360,9,Focused,0.979,43,420,341,704
3390,2,Focused,0.975,1412,428,1600,651
3390,5,Focused,0.977,1533,537,1896,888
3390,1,Focused,0.625,785,559,1172,961
3390,6,Focused,0.984,523,427,735,704
3390,4,Focused,0.947,329,563,666,970
3390,7,Focused,0.901,671,404,828,594
3390,14,Focused,0.967,830,392,970,581
3390,13,Focused,0.983,1176,440,1359,673
3390,8,Focused,0.93,815,454,1020,698
3390,10,Focused,0.419,1881,683,1919,823
3390,9,Focused,0.978,44,422,342,704
3390,11,Focused,0.978,70,808,301,1076
3420,5,Focused,0.958,1530,531,1899,902
3420,2,Focused,0.979,1411,429,1595,651
3420,1,Using Phone,0.509,793,550,1162,955
3420,4,Focused,0.944,334,592,677,974
3420,6,Focused,0.986,508,427,732,697
3420,7,Focused,0.965,668,405,831,595
3420,14,Focused,0.985,835,395,966,582
3420,13,Focused,0.984,1175,440,1358,673
3420,8,Focused,0.976,815,449,1021,699
3420,10,Focused,0.738,1886,681,1919,821
3420,9,Focused,0.981,44,422,342,704
3420,11,Focused,0.973,72,809,298,1077
3450,1,Focused,0.692,814,542,1151,963
3450,4,Focused,0.969,332,581,692,975
3450,5,Focused,0.981,1552,560,1915,895
3450,6,Focused,0.986,515,426,733,708
3450,2,Focused,0.918,1412,433,1615,651
3450,7,Focused,0.951,670,405,830,596
3450,14,Focused,0.985,832,392,972,582
3450,8,Focused,0.983,815,449,1023,700
3450,13,Focused,0.983,1178,440,1358,669
3450,10,Focused,0.931,1883,666,1919,781
3450,9,Focused,0.981,49,426,344,700
3450,11,Focused,0.932,72,809,298,1078
3480,1,Focused,0.885,811,538,1162,965
3480,4,Focused,0.972,333,575,694,974
3480,2,Focused,0.982,1411,427,1594,652
3480,5,Focused,0.975,1548,545,1900,892
3480,6,Focused,0.986,518,425,732,706
3480,7,Focused,0.971,669,409,827,596
3480,14,Focused,0.985,822,380,952,581
3480,13,Focused,0.983,1176,441,1358,668
3480,8,Focused,0.985,814,453,1020,698
3480,10,Focused,0.964,1879,660,1919,820
3480,9,Focused,0.981,59,431,337,703
3480,15,Unknown,0.0,1346,733,1547,927
3480,11,Focused,0.908,73,809,297,1078
3510,2,Focused,0.967,1414,427,1595,651
3510,1,Focused,0.718,811,544,1166,965
3510,4,Focused,0.706,334,545,693,975
3510,5,Focused,0.802,1550,540,1901,890
3510,6,Focused,0.795,550,425,738,699
3510,7,Focused,0.899,670,410,829,595
3510,14,Focused,0.977,829,392,973,581
3510,13,Focused,0.974,1177,440,1357,671
3510,8,Focused,0.958,815,449,1022,698
3510,10,Focused,0.734,1885,685,1919,822
3510,9,Focused,0.979,59,432,337,703
3510,11,Focused,0.96,71,809,297,1077
3540,2,Focused,0.964,1413,428,1593,651
3540,1,Focused,0.645,808,540,1161,967
3540,4,Focused,0.886,332,544,678,975
3540,5,Focused,0.659,1548,539,1900,891
3540,6,Focused,0.843,546,425,738,693
3540,7,Focused,0.947,670,409,828,594
3540,13,Focused,0.975,1177,441,1357,671
3540,14,Focused,0.973,828,391,968,583
3540,8,Focused,0.945,815,450,1022,696
3540,10,Focused,0.883,1883,682,1919,822
3540,9,Focused,0.979,62,429,336,702
3540,11,Focused,0.926,73,810,295,1077
3570,2,Focused,0.956,1412,428,1593,651
3570,1,Focused,0.616,808,538,1170,966
3570,4,Focused,0.949,333,546,671,975
3570,5,Focused,0.834,1548,537,1899,889
3570,6,Focused,0.842,546,426,739,697
3570,7,Focused,0.978,671,397,820,586
3570,13,Focused,0.975,1179,440,1358,670
3570,8,Using Phone,0.505,817,435,1015,693
3570,10,Focused,0.936,1884,685,1919,823
3570,14,Focused,0.981,822,413,993,581
3570,9,Focused,0.98,49,422,336,700
3600,4,Focused,0.971,332,542,687,975
3600,1,Focused,0.565,810,535,1168,965
3600,2,Focused,0.971,1412,428,1594,651
3600,5,Focused,0.936,1548,537,1899,907
3600,6,Focused,0.818,552,418,741,690
3600,7,Focused,0.893,658,394,819,589
3600,14,Focused,0.97,822,394,961,582
3600,8,Using Phone,0.507,816,444,1015,693
3600,13,Focused,0.915,1181,439,1358,669
3600,10,Using Phone,0.278,1884,685,1919,822
3600,9,Focused,0.981,50,423,334,700
3600,15,Unknown,0.0,1346,734,1546,927
3630,1,Focused,0.556,810,534,1169,964
3630,2,Focused,0.962,1412,428,1596,652
3630,4,Focused,0.779,333,543,672,975
3630,5,Focused,0.958,1557,535,1900,898
3630,6,Focused,0.861,551,429,732,695
3630,7,Focused,0.857,663,396,817,590
3630,14,Focused,0.784,818,383,947,581
3630,8,Using Phone,0.426,814,447,1026,694
3630,13,Focused,0.928,1177,440,1358,668
3630,10,Focused,0.599,1893,717,1918,820
3630,9,Focused,0.981,49,422,315,704
3660,2,Focused,0.982,1429,428,1632,661
3660,5,Focused,0.979,1557,535,1902,896
3660,1,Using Phone,0.501,808,536,1163,965
3660,4,Focused,0.861,333,542,672,975
3660,6,Focused,0.968,551,432,731,695
3660,7,Focused,0.916,668,410,829,596
3660,13,Focused,0.983,1180,439,1357,669
3660,8,Focused,0.637,814,448,1023,695
3660,14,Focused,0.976,828,395,974,582
3660,10,Focused,0.899,1880,666,1919,819
3660,11,Focused,0.932,67,808,306,1063
3660,9,Focused,0.982,53,420,319,704
3690,5,Focused,0.978,1558,538,1900,910
3690,1,Using Phone,0.609,808,536,1165,965
3690,2,Focused,0.982,1430,427,1633,649
3690,4,Focused,0.814,333,545,675,975
3690,7,Focused,0.902,666,412,831,597
3690,13,Focused,0.978,1180,438,1358,669
3690,14,Focused,0.949,827,393,973,580
3690,6,Focused,0.946,549,430,721,698
3690,8,Focused,0.942,814,450,1017,694
3690,10,Focused,0.952,1882,673,1919,818
3690,11,Focused,0.97,66,808,307,1063
3690,9,Focused,0.982,54,419,320,704
3720,2,Focused,0.984,1430,428,1630,662
3720,1,Focused,0.569,808,536,1164,965
3720,4,Focused,0.975,332,543,685,975
3720,5,Focused,0.982,1556,538,1901,892
3720,6,Focused,0.984,546,427,726,696
3720,7,Focused,0.971,660,411,828,596
3720,13,Focused,0.984,1177,443,1358,670
3720,8,Focused,0.982,803,454,1018,696
3720,14,Focused,0.98,825,390,961,583
3720,10,Focused,0.965,1884,675,1919,820
3720,11,Focused,0.97,67,808,307,1063
3720,9,Focused,0.982,54,419,322,703
3750,4,Focused,0.979,333,542,686,975
3750,1,Focused,0.814,808,536,1165,965
3750,5,Focused,0.981,1557,544,1901,892
3750,2,Focused,0.982,1440,430,1631,651
3750,6,Focused,0.985,550,429,731,697
3750,7,Focused,0.974,662,411,828,595
3750,14,Focused,0.986,826,392,965,583
3750,8,Focused,0.73,809,454,1025,698
3750,15,Unknown,0.0,1347,735,1548,930
3750,10,Focused,0.903,1890,707,1919,819
3750,13,Focused,0.984,1177,442,1358,667
3750,11,Focused,0.943,67,807,307,1064
3750,9,Focused,0.982,54,419,321,704
3780,2,Focused,0.979,1441,430,1631,652
3780,4,Focused,0.942,332,542,678,975
3780,1,Focused,0.758,808,535,1162,966
3780,5,Focused,0.978,1541,542,1900,920
3780,6,Focused,0.978,544,426,731,694
3780,7,Focused,0.961,662,412,829,596
3780,13,Focused,0.984,1175,440,1357,667
3780,14,Focused,0.928,827,388,970,583
3780,8,Using Phone,0.731,809,455,1105,697
3780,10,Using Phone,0.334,1890,707,1918,817
3780,9,Focused,0.981,53,418,321,703
3780,11,Focused,0.532,67,808,307,1064
3810,4,Using Phone,0.523,332,542,683,975
3810,5,Focused,0.643,1554,537,1900,906
3810,1,Focused,0.556,808,537,1164,966
3810,2,Focused,0.96,1440,430,1631,652
3810,6,Using Phone,0.814,545,429,731,696
3810,7,Using Phone,0.553,663,412,829,596
3810,14,Focused,0.469,827,389,965,583
3810,13,Focused,0.949,1176,440,1358,668
3810,8,Focused,0.611,809,453,1099,696
3810,10,Using Phone,0.334,1891,702,1919,821
3810,9,Focused,0.981,54,418,322,703
3810,11,Focused,0.969,67,808,307,1064
3840,5,Focused,0.982,1559,537,1900,910
3840,4,Focused,0.91,335,542,678,975
3840,1,Focused,0.652,810,537,1163,964
3840,2,Focused,0.955,1433,429,1631,662
3840,6,Focused,0.923,554,430,731,697
3840,7,Using Phone,0.488,661,410,828,596
3840,14,Focused,0.942,823,388,964,582
3840,13,Focused,0.943,1175,440,1359,669
3840,8,Focused,0.892,808,459,1039,696
3840,10,Using Phone,0.334,1887,697,1919,820
3840,11,Focused,0.98,67,808,307,1063
3840,9,Focused,0.981,54,418,322,703
3840,15,Unknown,0.0,1346,734,1551,928
3870,5,Focused,0.966,1558,536,1900,908
3870,1,Focused,0.631,807,534,1160,965
3870,4,Focused,0.842,332,540,680,975
3870,2,Focused,0.906,1433,429,1632,662
3870,6,Focused,0.773,552,427,729,698
3870,7,Using Phone,0.462,660,411,828,596
3870,14,Focused,0.729,825,390,966,582
3870,13,Focused,0.91,1175,443,1357,668
3870,8,Focused,0.617,808,457,1041,697
3870,10,Using Phone,0.334,1887,695,1919,819
3870,11,Focused,0.969,67,808,307,1064
3870,9,Focused,0.981,54,418,322,703
3870,15,Focused,0.983,1346,732,1549,928
3900,4,Focused,0.598,331,539,683,975
3900,1,Focused,0.653,811,537,1160,965
3900,2,Focused,0.966,1434,429,1631,653
3900,5,Focused,0.784,1559,538,1900,901
3900,6,Focused,0.501,554,433,730,697
3900,7,Focused,0.747,662,410,828,596
3900,8,Focused,0.729,809,456,1040,697
3900,14,Focused,0.933,827,391,980,583
3900,13,Focused,0.924,1175,443,1355,668
3900,15,Focused,0.981,1347,735,1549,930
3900,10,Using Phone,0.334,1888,698,1919,820
3900,11,Focused,0.969,67,807,307,1064
3900,9,Focused,0.98,54,417,322,703
3930,5,Focused,0.814,1559,538,1900,912
3930,1,Focused,0.69,807,539,1159,968
3930,4,Focused,0.678,332,540,671,975
3930,6,Focused,0.467,553,433,731,698
3930,2,Focused,0.965,1433,430,1631,652
3930,7,Focused,0.719,663,410,828,596
3930,14,Focused,0.882,824,388,963,583
3930,8,Using Phone,0.762,808,457,1039,696
3930,15,Looking Away,0.908,1347,735,1549,930
3930,13,Focused,0.879,1178,443,1350,669
3930,10,Using Phone,0.334,1888,699,1918,819
3930,9,Focused,0.98,50,416,329,702
3930,11,Focused,0.956,69,808,304,1064
3960,5,Focused,0.806,1558,535,1900,906
3960,1,Focused,0.727,812,530,1160,966
3960,4,Focused,0.618,332,539,672,975
3960,2,Focused,0.969,1433,429,1631,652
3960,6,Focused,0.646,551,434,729,697
3960,7,Focused,0.815,662,410,829,596
3960,14,Focused,0.888,825,388,962,582
3960,8,Focused,0.464,808,453,1036,697
3960,15,Looking Away,0.851,1347,734,1549,929
3960,10,Using Phone,0.334,1887,698,1919,820
3960,13,Focused,0.89,1175,442,1359,672
3960,9,Focused,0.981,49,417,331,703
3990,1,Focused,0.878,813,534,1163,966
3990,5,Focused,0.969,1559,535,1900,896
3990,4,Focused,0.747,332,538,677,975
3990,2,Focused,0.974,1434,431,1631,652
3990,6,Focused,0.587,553,434,729,698
3990,7,Focused,0.879,660,410,829,596
3990,14,Focused,0.968,824,388,964,582
3990,8,Chatting,0.411,813,457,1020,697
3990,13,Focused,0.976,1176,442,1358,669
3990,10,Using Phone,0.334,1888,700,1919,820
3990,15,Using Phone,0.43,1347,735,1550,928
3990,9,Focused,0.981,44,417,335,702
4020,5,Focused,0.954,1556,538,1900,915
4020,1,Focused,0.979,815,530,1164,969
4020,4,Focused,0.974,331,539,673,975
4020,2,Focused,0.976,1433,430,1633,654
4020,13,Focused,0.982,1173,444,1358,669
4020,6,Focused,0.941,551,432,730,699
4020,7,Focused,0.912,667,410,829,596
4020,14,Focused,0.982,825,388,963,582
4020,8,Focused,0.642,812,457,1019,697
4020,10,Using Phone,0.334,1888,700,1919,819
4020,9,Focused,0.981,54,416,314,702
4050,2,Focused,0.96,1432,429,1632,662
4050,1,Focused,0.789,812,531,1161,966
4050,5,Focused,0.969,1557,541,1902,891
4050,6,Focused,0.712,560,433,730,700
4050,4,Focused,0.755,290,541,671,979
4050,7,Focused,0.756,664,411,829,596
4050,15,Looking Away,0.44,1339,738,1486,940
4050,14,Focused,0.907,825,388,964,583
4050,8,Using Phone,0.526,803,456,1019,697
4050,10,Using Phone,0.266,1890,698,1919,818
4050,9,Focused,0.977,56,415,316,702
4050,11,Focused,0.847,71,809,313,1055
4080,5,Focused,0.499,1556,535,1901,911
4080,1,Focused,0.541,813,542,1160,966
4080,2,Focused,0.959,1433,429,1633,662
4080,6,Focused,0.547,499,433,728,699
4080,7,Focused,0.817,662,411,828,596
4080,4,Focused,0.607,321,571,646,967
4080,14,Focused,0.938,824,387,963,583
4080,15,Looking Away,0.535,1336,739,1487,940
4080,8,Focused,0.903,802,458,1020,697
4080,10,Focused,0.324,1887,699,1919,820
4080,9,Focused,0.979,56,415,319,702
4110,2,Focused,0.964,1433,429,1632,662
4110,1,Focused,0.536,813,541,1161,966
4110,5,Focused,0.767,1562,537,1899,901
4110,4,Focused,0.645,364,604,753,982
4110,7,Focused,0.882,662,410,828,596
4110,6,Focused,0.664,485,432,728,690
4110,14,Focused,0.819,825,388,969,583
4110,15,Looking Away,0.46,1340,739,1487,940
4110,8,Focused,0.835,803,461,1016,697
4110,10,Focused,0.569,1886,700,1919,820
4110,9,Focused,0.979,55,415,319,702
4140,2,Focused,0.966,1433,429,1632,662
4140,1,Focused,0.504,817,527,1169,967
4140,4,Focused,0.542,368,572,736,988
4140,5,Using Phone,0.552,1563,535,1899,900
4140,7,Focused,0.85,665,410,828,595
4140,6,Focused,0.963,487,433,729,686
4140,14,Focused,0.902,826,389,963,583
4140,8,Using Phone,0.513,802,462,1012,692
4140,15,Focused,0.945,1334,740,1487,941
4140,10,Focused,0.814,1885,700,1919,820
4140,9,Focused,0.976,56,416,319,702
4140,13,Focused,0.87,1177,444,1356,669
4170,5,Focused,0.612,1563,529,1899,899
4170,4,Focused,0.726,359,575,678,965
4170,1,Using Phone,0.512,822,566,1230,968
4170,2,Focused,0.968,1432,430,1632,660
4170,7,Focused,0.834,662,410,828,596
4170,14,Focused,0.981,824,388,954,584
4170,15,Focused,0.975,1337,739,1486,940
4170,6,Focused,0.98,486,433,729,684
4170,8,Using Phone,0.588,802,456,1053,694
4170,10,Focused,0.915,1884,701,1919,821
4170,9,Focused,0.957,55,416,319,702
4170,11,Focused,0.972,71,808,312,1055
4200,2,Focused,0.962,1433,429,1633,662
4200,5,Focused,0.816,1559,539,1900,914
4200,4,Focused,0.727,365,574,674,965
4200,1,Focused,0.511,821,562,1231,968
4200,14,Focused,0.919,831,387,971,582
4200,7,Focused,0.74,661,411,829,596
4200,6,Focused,0.81,511,434,727,690
4200,15,Using Phone,0.497,1340,739,1487,941
4200,8,Using Phone,0.483,812,450,1047,698
4200,10,Using Phone,0.334,1884,701,1919,821
4200,9,Focused,0.98,55,416,320,703
4200,11,Focused,0.981,71,809,311,1055
4230,5,Focused,0.677,1559,538,1898,892
4230,2,Focused,0.968,1433,429,1631,652
4230,1,Using Phone,0.504,821,560,1229,968
4230,4,Focused,0.535,370,581,699,966
4230,6,Focused,0.966,486,432,728,691
4230,7,Focused,0.862,663,411,829,595
4230,14,Focused,0.935,825,388,959,583
4230,15,Looking Away,0.534,1340,737,1486,940
4230,8,Focused,0.938,812,451,1049,698
4230,10,Using Phone,0.334,1882,697,1919,821
4230,9,Focused,0.981,55,416,319,702
4260,5,Focused,0.803,1558,539,1899,910
4260,1,Focused,0.526,821,561,1229,968
4260,2,Focused,0.968,1433,429,1631,652
4260,4,Focused,0.651,374,580,702,966
4260,6,Focused,0.975,490,431,729,691
4260,7,Focused,0.867,660,413,829,596
4260,14,Focused,0.98,828,388,966,582
4260,15,Using Phone,0.49,1336,738,1488,942
4260,8,Focused,0.981,812,452,1051,697
4260,10,Using Phone,0.334,1882,698,1919,820
4260,9,Focused,0.98,55,416,319,702
4290,2,Focused,0.967,1439,429,1631,651
4290,5,Focused,0.853,1563,539,1898,902
4290,1,Focused,0.755,821,560,1228,968
4290,4,Focused,0.932,354,554,703,969
4290,7,Focused,0.856,659,412,829,595
4290,6,Focused,0.894,495,432,731,674
4290,14,Focused,0.981,826,388,969,582
4290,15,Looking Away,0.782,1339,738,1487,941
4290,8,Focused,0.972,815,447,1051,701
4290,10,Using Phone,0.334,1884,704,1919,821
4290,9,Focused,0.98,56,415,319,702
4290,11,Focused,0.971,71,809,311,1055
4320,2,Focused,0.968,1440,429,1631,652
4320,4,Focused,0.963,353,563,665,969
4320,5,Focused,0.778,1563,537,1898,911
4320,1,Focused,0.816,821,563,1227,967
4320,6,Focused,0.784,520,436,728,700
4320,7,Focused,0.795,664,412,830,596
4320,15,Looking Away,0.4,1340,738,1488,941
4320,8,Focused,0.943,817,448,1053,699
4320,14,Focused,0.978,826,393,986,582
4320,10,Using Phone,0.334,1884,703,1919,820
4320,9,Focused,0.979,55,415,319,703
4320,11,Focused,0.966,71,808,312,1055
4350,1,Focused,0.977,823,565,1226,966
4350,5,Focused,0.793,1562,536,1898,899
4350,4,Focused,0.945,371,564,675,966
4350,2,Focused,0.967,1437,433,1629,652
4350,6,Focused,0.943,521,435,728,698
4350,7,Focused,0.691,664,412,829,595
4350,15,Looking Away,0.395,1341,738,1487,940
4350,14,Focused,0.974,825,388,959,582
4350,8,Focused,0.975,825,461,1053,684
4350,10,Using Phone,0.334,1884,704,1919,821
4350,9,Focused,0.98,55,416,324,702
4380,5,Focused,0.658,1561,535,1897,904
4380,1,Focused,0.693,823,566,1220,966
4380,2,Focused,0.957,1437,433,1629,653
4380,6,Focused,0.966,510,434,728,694
4380,4,Focused,0.804,368,581,673,965
4380,7,Focused,0.699,665,413,831,595
4380,14,Focused,0.91,828,391,961,582
4380,15,Focused,0.658,1339,737,1488,942
4380,8,Focused,0.956,815,446,1052,698
4380,10,Using Phone,0.334,1877,680,1919,819
4380,9,Focused,0.98,55,416,324,701
4410,2,Focused,0.961,1433,434,1629,653
4410,5,Focused,0.668,1561,537,1897,903
4410,1,Focused,0.66,826,563,1228,965
4410,4,Focused,0.942,366,572,673,966
4410,6,Focused,0.928,515,434,728,689
4410,7,Focused,0.712,664,413,829,595
4410,8,Focused,0.972,815,437,1052,699
4410,14,Focused,0.791,828,391,961,582
4410,15,Focused,0.756,1336,737,1489,942
4410,10,Using Phone,0.334,1880,689,1919,821
4410,9,Focused,0.98,54,416,312,703
4410,11,Focused,0.969,71,808,310,1057
4440,4,Focused,0.858,361,570,667,966
4440,5,Focused,0.878,1562,536,1896,900
4440,2,Focused,0.955,1433,434,1631,662
4440,1,Focused,0.711,818,574,1231,967
4440,13,Focused,0.937,1196,422,1390,667
4440,6,Focused,0.484,518,428,718,693
4440,7,Focused,0.657,661,412,829,595
4440,14,Using Phone,0.673,827,390,969,581
4440,8,Focused,0.904,815,445,1053,701
4440,10,Using Phone,0.334,1880,691,1919,821
4440,9,Focused,0.981,55,416,312,702
4470,2,Focused,0.968,1442,434,1631,651
4470,1,Focused,0.758,820,571,1230,968
4470,5,Focused,0.872,1564,543,1903,906
4470,4,Focused,0.959,329,596,691,975
4470,7,Focused,0.723,667,411,830,595
4470,6,Focused,0.766,481,433,723,684
4470,14,Focused,0.805,826,391,964,581
4470,8,Focused,0.979,825,451,1054,712
4470,13,Focused,0.971,1178,431,1360,686
4470,10,Using Phone,0.334,1891,691,1919,819
4470,9,Focused,0.982,55,416,311,703
4470,11,Focused,0.931,71,808,314,1058
4500,5,Focused,0.739,1566,540,1900,909
4500,4,Focused,0.944,330,578,679,975
4500,1,Focused,0.694,819,568,1231,972
4500,2,Focused,0.969,1439,434,1631,652
4500,6,Focused,0.978,509,433,723,664
4500,7,Focused,0.786,665,412,832,595
4500,13,Focused,0.966,1175,427,1358,676
4500,14,Focused,0.808,828,391,969,581
4500,8,Focused,0.983,820,450,1053,702
4500,10,Using Phone,0.334,1884,696,1919,822
4500,9,Focused,0.981,54,415,316,702
4500,11,Focused,0.509,71,808,314,1058
4530,5,Focused,0.743,1566,538,1896,902
4530,2,Focused,0.972,1439,434,1630,652
4530,4,Focused,0.855,336,583,694,976
4530,1,Focused,0.894,818,563,1228,969
4530,7,Focused,0.855,669,412,829,595
4530,13,Focused,0.98,1175,427,1358,674
4530,6,Focused,0.984,481,431,729,681
4530,8,Focused,0.984,827,399,1033,687
4530,10,Using Phone,0.334,1883,697,1919,821
4530,9,Focused,0.98,56,415,316,702
4530,11,Focused,0.897,71,808,312,1060
4560,5,Focused,0.938,1565,537,1897,899
4560,2,Focused,0.975,1438,434,1631,651
4560,1,Focused,0.913,808,566,1229,959
4560,4,Focused,0.97,339,577,704,976
4560,6,Focused,0.887,480,421,730,694
4560,13,Focused,0.984,1173,428,1358,669
4560,7,Focused,0.777,661,413,833,595
4560,8,Focused,0.984,825,419,1042,685
4560,10,Using Phone,0.334,1884,697,1919,821
4560,9,Focused,0.98,56,415,316,702
4560,11,Focused,0.966,71,808,311,1059
4590,13,Focused,0.953,1176,432,1362,664
4590,5,Focused,0.748,1565,537,1898,904
4590,2,Focused,0.972,1440,433,1630,652
4590,4,Focused,0.968,335,569,702,974
4590,1,Focused,0.617,808,565,1229,960
4590,7,Focused,0.773,658,413,833,594
4590,6,Focused,0.921,481,425,729,680
4590,8,Focused,0.983,823,417,1046,685
4590,10,Using Phone,0.334,1884,697,1919,819
4590,16,Unknown,0.0,904,392,967,452
4590,9,Focused,0.979,56,415,316,702
4590,11,Focused,0.974,71,808,312,1059
4620,5,Focused,0.724,1564,537,1899,903
4620,4,Focused,0.972,335,547,700,974
4620,2,Focused,0.974,1440,434,1631,651
4620,13,Focused,0.98,1209,423,1400,660
4620,1,Focused,0.806,809,577,1231,964
4620,7,Focused,0.679,683,410,813,589
4620,6,Focused,0.89,551,431,731,609
4620,8,Focused,0.982,819,430,1034,685
4620,14,Focused,0.94,910,395,1008,532
4620,10,Using Phone,0.334,1883,697,1919,820
4620,9,Focused,0.979,56,415,316,703
4620,11,Focused,0.972,71,809,313,1059
4650,2,Focused,0.974,1433,433,1622,652
4650,4,Focused,0.978,333,554,686,973
4650,5,Focused,0.76,1564,541,1898,894
4650,13,Focused,0.982,1194,425,1392,662
4650,1,Focused,0.898,820,563,1235,967
4650,7,Focused,0.77,670,401,827,590
4650,6,Focused,0.916,529,436,733,624
4650,8,Focused,0.985,821,399,1032,685
4650,10,Using Phone,0.334,1884,699,1919,821
4650,9,Focused,0.979,56,415,316,703
4650,11,Focused,0.957,71,808,312,1058
4680,2,Focused,0.971,1432,434,1622,652
4680,5,Focused,0.803,1563,546,1899,890
4680,4,Focused,0.849,334,559,692,973
4680,13,Focused,0.976,1194,425,1409,662
4680,1,Focused,0.545,821,563,1230,969
4680,7,Focused,0.897,679,396,831,591
4680,6,Focused,0.858,492,437,735,680
4680,8,Focused,0.968,822,413,1035,686
4680,14,Focused,0.977,832,394,955,542
4680,10,Using Phone,0.334,1884,697,1919,822
4680,9,Focused,0.979,56,415,316,703
4680,11,Focused,0.962,72,809,312,1060
4710,2,Focused,0.973,1431,434,1621,653
4710,5,Focused,0.963,1562,544,1898,889
4710,4,Focused,0.952,333,554,701,973
4710,13,Focused,0.966,1195,423,1407,662
4710,1,Focused,0.698,828,559,1230,964
4710,7,Focused,0.972,663,398,835,591
4710,8,Focused,0.96,823,411,1038,686
4710,6,Focused,0.972,488,422,733,679
4710,10,Using Phone,0.334,1884,698,1919,821
4710,14,Focused,0.958,831,392,958,545
4710,9,Focused,0.978,55,417,312,701
4740,5,Focused,0.978,1563,538,1899,907
4740,2,Focused,0.976,1429,434,1623,653
4740,4,Focused,0.97,333,550,699,974
4740,13,Focused,0.892,1194,425,1400,662
4740,1,Focused,0.945,826,555,1227,964
4740,7,Focused,0.759,665,399,830,591
4740,8,Focused,0.967,821,428,1032,685
4740,6,Focused,0.912,522,425,733,605
4740,14,Focused,0.98,832,394,955,543
4740,10,Using Phone,0.334,1883,697,1919,821
4740,9,Focused,0.979,55,416,326,701
4770,2,Focused,0.978,1425,442,1603,652
4770,4,Focused,0.933,336,553,692,973
4770,5,Focused,0.915,1563,538,1898,893
4770,1,Focused,0.959,814,550,1227,959
4770,13,Focused,0.842,1194,425,1412,662
4770,7,Focused,0.563,662,399,844,590
4770,6,Focused,0.977,516,424,721,609
4770,8,Focused,0.983,820,442,1034,698
4770,14,Focused,0.979,829,395,966,551
4770,10,Using Phone,0.334,1883,698,1919,821
4770,9,Focused,0.979,56,416,325,701
4800,4,Focused,0.966,335,546,691,973
4800,5,Focused,0.957,1563,533,1899,891
4800,1,Focused,0.977,832,546,1225,963
4800,2,Focused,0.975,1425,443,1602,652
4800,6,Focused,0.975,558,429,723,692
4800,13,Focused,0.778,1197,426,1385,662
4800,7,Focused,0.583,650,370,814,581
4800,14,Focused,0.98,819,395,968,581
4800,8,Focused,0.985,816,458,1039,699
4800,10,Using Phone,0.334,1884,698,1919,821
4800,9,Focused,0.979,56,416,324,702
4830,5,Focused,0.964,1563,534,1899,906
4830,2,Focused,0.979,1424,443,1603,652
4830,13,Focused,0.818,1198,430,1375,661
4830,1,Focused,0.966,806,561,1229,955
4830,4,Focused,0.973,382,601,695,969
4830,6,Focused,0.976,505,431,721,699
4830,7,Focused,0.609,645,257,790,580
4830,14,Focused,0.979,820,395,969,581
4830,8,Focused,0.985,817,458,1049,698
4830,10,Using Phone,0.334,1883,695,1919,821
4830,9,Focused,0.979,55,416,324,701
4860,2,Focused,0.982,1424,443,1604,651
4860,5,Focused,0.956,1563,539,1899,899
4860,13,Focused,0.926,1198,434,1385,661
4860,1,Focused,0.661,805,564,1231,956
4860,4,Focused,0.979,377,588,679,968
4860,6,Focused,0.978,510,430,722,701
4860,14,Focused,0.979,820,395,966,581
4860,8,Focused,0.985,817,467,1053,699
4860,10,Using Phone,0.334,1883,695,1919,821
4860,9,Focused,0.981,55,416,325,701
4890,2,Focused,0.975,1424,443,1605,652
4890,13,Focused,0.792,1201,428,1387,661
4890,5,Focused,0.883,1566,536,1898,903
4890,1,Focused,0.651,805,558,1230,956
4890,6,Focused,0.931,493,432,729,686
4890,4,Focused,0.863,319,576,635,969
4890,8,Focused,0.982,817,463,1051,699
4890,14,Focused,0.985,819,467,918,583
4890,10,Using Phone,0.258,1883,699,1919,821
4890,9,Focused,0.982,55,416,325,702
4890,11,Focused,0.964,71,808,311,1063
4920,1,Focused,0.555,805,558,1231,956
4920,6,Focused,0.784,549,434,733,700
4920,4,Focused,0.936,367,556,667,969
4920,14,Focused,0.978,819,392,966,581
4920,5,Focused,0.822,1529,535,1898,906
4920,8,Focused,0.979,817,459,1055,700
4920,10,Using Phone,0.282,1883,699,1919,820
4920,9,Focused,0.982,60,417,325,702
4920,13,Focused,0.86,1207,440,1314,666
4950,2,Focused,0.982,1424,443,1604,653
4950,5,Focused,0.733,1565,533,1897,898
4950,1,Using Phone,0.508,805,560,1231,956
4950,13,Focused,0.87,1207,426,1418,663
4950,4,Focused,0.96,374,573,668,970
4950,6,Focused,0.853,518,440,731,691
4950,14,Focused,0.979,819,395,977,581
4950,8,Focused,0.98,816,458,1049,701
4950,10,Focused,0.415,1883,698,1919,821
4950,9,Focused,0.982,55,416,324,702
4980,2,Focused,0.984,1424,443,1603,653
4980,5,Focused,0.668,1564,533,1898,904
4980,1,Using Phone,0.496,805,561,1231,956
4980,6,Focused,0.956,517,435,731,694
4980,4,Focused,0.537,377,579,669,970
4980,13,Focused,0.944,1205,428,1417,664
4980,14,Focused,0.979,819,394,964,582
4980,8,Focused,0.979,816,461,1050,701
4980,10,Focused,0.701,1883,698,1919,821
4980,9,Focused,0.982,55,414,311,703
4980,11,Focused,0.977,70,809,313,1065
5010,2,Focused,0.984,1424,443,1604,652
5010,1,Focused,0.873,805,558,1231,956
5010,4,Focused,0.815,333,578,675,974
5010,13,Focused,0.928,1205,426,1417,663
5010,5,Focused,0.647,1557,532,1892,892
5010,14,Focused,0.972,820,391,964,583
5010,6,Focused,0.935,516,439,731,662
5010,8,Focused,0.956,816,461,1047,700
5010,10,Focused,0.874,1880,685,1919,821
5010,9,Focused,0.981,56,415,312,703
5010,11,Focused,0.977,71,809,312,1065
5040,13,Focused,0.891,1208,432,1395,662
5040,5,Focused,0.712,1556,533,1893,891
5040,2,Focused,0.983,1423,443,1604,652
5040,4,Focused,0.914,331,571,688,976
5040,1,Focused,0.86,812,561,1232,972
5040,6,Focused,0.963,521,437,731,706
5040,14,Focused,0.963,820,390,968,582
5040,8,Focused,0.932,817,457,1051,700
5040,10,Using Phone,0.334,1881,698,1919,821
5040,9,Focused,0.978,56,415,314,702
5040,11,Focused,0.974,71,809,312,1066
5070,5,Focused,0.592,1555,535,1894,892
5070,2,Focused,0.982,1423,443,1601,652
5070,4,Focused,0.729,333,571,687,976
5070,1,Focused,0.572,823,555,1232,964
5070,6,Focused,0.958,521,437,730,707
5070,13,Focused,0.648,1205,428,1416,662
5070,14,Focused,0.877,819,391,1008,583
5070,8,Focused,0.954,807,516,1038,702
5070,10,Using Phone,0.334,1879,697,1919,820
5070,9,Focused,0.98,56,414,315,703
5070,11,Focused,0.969,73,809,296,1076
5100,5,Focused,0.629,1554,534,1893,891
5100,2,Focused,0.978,1424,443,1603,652
5100,1,Focused,0.601,838,538,1225,965
5100,4,Focused,0.847,333,570,686,976
5100,13,Focused,0.665,1205,427,1421,662
5100,6,Focused,0.971,523,438,731,703
5100,14,Focused,0.959,819,391,1010,584
5100,8,Focused,0.981,804,519,1039,702
5100,10,Using Phone,0.334,1877,687,1919,820
5100,9,Focused,0.979,57,414,315,702
5100,11,Focused,0.851,74,810,299,1076
5130,2,Focused,0.979,1422,442,1602,651
5130,5,Focused,0.56,1554,537,1893,891
5130,1,Focused,0.539,835,549,1240,964
5130,13,Focused,0.71,1205,427,1418,662
5130,4,Focused,0.745,333,581,684,976
5130,6,Focused,0.976,488,440,730,684
5130,14,Focused,0.95,820,391,1008,584
5130,8,Focused,0.98,805,516,1042,703
5130,10,Using Phone,0.334,1870,669,1919,820
5130,9,Focused,0.98,55,415,315,703
5130,11,Focused,0.957,71,810,301,1077
5160,13,Focused,0.735,1205,425,1402,662
5160,5,Focused,0.7,1551,534,1893,893
5160,2,Focused,0.978,1423,439,1619,651
5160,4,Focused,0.617,332,569,685,975
5160,1,Focused,0.545,830,558,1239,965
5160,14,Focused,0.741,820,391,1009,584
5160,6,Focused,0.973,517,439,730,647
5160,10,Using Phone,0.334,1873,674,1919,822
5160,8,Focused,0.97,805,517,1042,702
5160,9,Focused,0.98,56,415,316,703
5160,11,Focused,0.945,71,810,300,1076
5190,2,Focused,0.98,1421,443,1601,653
5190,5,Focused,0.923,1550,539,1894,915
5190,1,Focused,0.558,804,559,1237,959
5190,13,Focused,0.661,1204,425,1409,662
5190,4,Focused,0.654,330,575,685,975
5190,6,Focused,0.963,511,433,730,666
5190,14,Focused,0.548,819,391,1009,584
5190,10,Using Phone,0.343,1874,676,1919,822
5190,8,Focused,0.956,805,517,1040,703
5190,9,Focused,0.978,56,415,316,703
5190,11,Focused,0.973,69,810,302,1076
5220,2,Focused,0.977,1421,443,1600,652
5220,5,Focused,0.791,1558,533,1893,902
5220,13,Focused,0.714,1204,428,1413,662
5220,4,Focused,0.849,335,567,681,974
5220,1,Focused,0.544,805,550,1236,958
5220,14,Focused,0.619,819,391,1003,583
5220,6,Focused,0.973,515,434,730,630
5220,8,Focused,0.963,805,515,1034,703
5220,10,Focused,0.53,1872,675,1919,822
5220,9,Focused,0.979,57,415,316,703
5220,11,Focused,0.978,68,810,302,1076
5250,2,Focused,0.968,1421,443,1600,652
5250,5,Focused,0.641,1554,536,1893,906
5250,1,Focused,0.641,802,515,1185,955
5250,13,Focused,0.829,1204,427,1413,663
5250,4,Focused,0.722,337,582,699,976
5250,6,Focused,0.977,487,438,730,691
5250,14,Focused,0.574,819,391,1002,583
5250,10,Focused,0.786,1873,674,1919,821
5250,8,Focused,0.516,805,545,949,703
5250,9,Focused,0.977,56,415,316,703
5250,11,Focused,0.977,72,811,297,1076
5280,1,Focused,0.587,793,492,1108,944
5280,2,Focused,0.957,1421,443,1600,653
5280,5,Focused,0.688,1555,532,1892,908
5280,4,Focused,0.863,337,578,692,976
5280,13,Focused,0.878,1203,426,1412,662
5280,6,Focused,0.976,488,440,729,687
5280,14,Focused,0.642,819,391,1003,580
5280,10,Focused,0.921,1873,675,1919,822
5280,9,Focused,0.976,54,415,315,703
5280,11,Focused,0.976,62,811,316,1076
5310,5,Focused,0.635,1560,533,1893,909
5310,1,Focused,0.833,795,493,1083,936
5310,4,Focused,0.635,334,560,697,976
5310,2,Focused,0.934,1423,443,1603,653
5310,13,Focused,0.853,1204,426,1421,663
5310,14,Focused,0.586,852,409,1058,658
5310,10,Focused,0.957,1873,675,1919,821
5310,6,Focused,0.977,552,440,730,606
5310,16,Unknown,0.0,913,391,1010,525
5310,9,Focused,0.971,55,416,324,701
5340,1,Focused,0.848,783,492,1115,943
5340,5,Focused,0.815,1554,533,1894,920
5340,4,Focused,0.647,335,572,691,976
5340,2,Using Phone,0.384,1422,446,1600,652
5340,13,Focused,0.721,1204,426,1418,663
5340,6,Focused,0.978,488,437,730,685
5340,16,Unknown,0.0,818,391,964,579
5340,10,Chatting,0.318,1873,675,1919,820
5340,14,Focused,0.566,926,439,1088,652
5340,9,Focused,0.977,38,426,309,708
5370,1,Looking Away,0.78,785,495,1108,941
5370,5,Focused,0.527,1559,534,1892,909
5370,2,Focused,0.654,1421,445,1601,652
5370,4,Focused,0.502,335,569,697,976
5370,13,Focused,0.671,1204,424,1418,662
5370,6,Focused,0.969,488,434,730,683
5370,16,Unknown,0.0,818,391,965,579
5370,10,Focused,0.611,1873,674,1919,821
5370,14,Focused,0.698,930,444,1088,651
5370,9,Focused,0.976,33,431,318,707
5400,1,Looking Away,0.484,785,497,1104,941
5400,5,Using Phone,0.509,1554,530,1893,890
5400,4,Focused,0.614,331,562,696,976
5400,2,Focused,0.79,1421,445,1601,652
5400,13,Focused,0.567,1204,425,1417,662
5400,16,Focused,0.975,818,394,965,580
5400,10,Focused,0.918,1875,675,1919,821
5400,14,Using Phone,0.607,931,444,1091,651
5400,6,Focused,0.816,487,434,725,684
5400,9,Focused,0.74,33,428,319,707
5430,1,Focused,0.78,785,496,1105,941
5430,5,Focused,0.818,1554,533,1893,890
5430,4,Focused,0.955,346,572,686,970
5430,2,Focused,0.857,1421,444,1601,652
5430,13,Focused,0.932,1198,420,1380,665
5430,16,Focused,0.976,818,391,962,580
5430,6,Focused,0.968,516,437,730,654
5430,10,Focused,0.35,1876,675,1919,822
5430,14,Focused,0.774,932,446,1093,651
5430,9,Focused,0.978,33,430,319,707
5460,1,Focused,0.497,785,494,1107,941
5460,5,Focused,0.733,1554,537,1894,889
5460,4,Focused,0.927,356,567,691,968
5460,2,Focused,0.985,1421,443,1602,652
5460,13,Focused,0.81,1177,430,1363,674
5460,6,Focused,0.955,485,439,729,685
5460,16,Focused,0.977,818,403,993,580
5460,10,Focused,0.769,1875,674,1919,823
5460,14,Focused,0.921,933,443,1099,651
5460,9,Focused,0.984,33,430,319,707
5490,1,Focused,0.626,785,498,1107,941
5490,2,Focused,0.983,1420,443,1600,652
5490,5,Focused,0.791,1523,516,1876,884
5490,13,Focused,0.804,1177,435,1364,685
5490,4,Focused,0.869,362,577,698,968
5490,6,Focused,0.886,486,438,730,693
5490,16,Focused,0.978,817,463,897,580
5490,14,Focused,0.979,898,426,1086,650
5490,10,Focused,0.948,1870,675,1919,823
5490,9,Focused,0.982,33,430,319,707
5520,1,Focused,0.763,786,497,1106,941
5520,5,Focused,0.932,1512,527,1877,888
5520,2,Focused,0.985,1427,441,1632,663
5520,4,Focused,0.974,364,575,697,968
5520,6,Focused,0.957,488,436,731,691
5520,13,Focused,0.939,1173,432,1362,684
5520,16,Focused,0.979,818,394,966,580
5520,14,Focused,0.956,939,449,1101,650
5520,10,Focused,0.97,1871,677,1919,822
5520,9,Focused,0.984,33,431,319,707
5550,1,Focused,0.574,785,497,1108,941
5550,5,Focused,0.876,1512,528,1876,890
5550,2,Focused,0.985,1432,439,1631,652
5550,13,Focused,0.965,1175,434,1362,679
5550,4,Focused,0.956,386,554,706,965
5550,16,Focused,0.977,818,393,964,581
5550,6,Focused,0.972,556,437,731,606
5550,14,Focused,0.98,939,449,1101,650
5550,10,Focused,0.854,1871,678,1919,822
5550,9,Focused,0.983,33,429,319,707
5580,1,Focused,0.572,785,498,1108,941
5580,4,Focused,0.965,357,550,694,971
5580,5,Focused,0.963,1516,526,1876,889
5580,2,Focused,0.984,1434,440,1630,652
5580,13,Focused,0.983,1175,437,1362,683
5580,16,Focused,0.979,824,386,961,580
5580,6,Focused,0.972,560,439,730,655
5580,14,Focused,0.979,944,451,1099,650
5580,10,Focused,0.939,1871,676,1919,821
5580,9,Focused,0.982,33,427,319,707
5610,1,Focused,0.567,788,499,1104,937
5610,5,Focused,0.859,1515,532,1866,888
5610,4,Focused,0.544,349,548,703,972
5610,2,Focused,0.871,1434,440,1630,652
5610,16,Focused,0.972,839,388,960,576
5610,13,Focused,0.903,1175,438,1362,676
5610,6,Focused,0.941,560,440,730,607
5610,14,Focused,0.917,934,446,1099,650
5610,10,Using Phone,0.334,1865,678,1919,823
5610,9,Focused,0.975,32,427,320,707
5640,1,Focused,0.637,787,504,1107,937
5640,4,Focused,0.573,352,544,700,972
5640,2,Focused,0.957,1433,439,1630,652
5640,5,Focused,0.982,1516,533,1867,888
5640,13,Focused,0.955,1176,435,1362,679
5640,16,Focused,0.974,839,388,959,576
5640,6,Focused,0.971,565,441,731,635
5640,14,Focused,0.975,929,446,1100,651
5640,10,Focused,0.306,1869,702,1919,823
5640,9,Focused,0.979,32,413,317,703
5670,1,Focused,0.588,787,501,1106,938
5670,5,Focused,0.976,1516,532,1869,888
5670,2,Focused,0.949,1434,439,1630,652
5670,4,Focused,0.902,351,541,699,971
5670,13,Focused,0.939,1176,434,1362,676
5670,16,Focused,0.972,839,388,959,575
5670,6,Focused,0.976,579,440,730,618
5670,14,Focused,0.986,926,441,1100,651
5670,10,Focused,0.487,1868,686,1919,824
5670,9,Focused,0.973,47,428,325,703
5700,1,Focused,0.552,786,503,1105,937
5700,5,Focused,0.98,1517,528,1869,888
5700,4,Focused,0.946,353,541,696,971
5700,2,Focused,0.948,1434,439,1631,651
5700,13,Focused,0.94,1176,435,1362,680
5700,16,Focused,0.971,839,388,958,577
5700,6,Focused,0.973,575,439,731,614
5700,14,Focused,0.981,927,444,1100,652
5700,10,Focused,0.768,1868,685,1919,823
5700,9,Focused,0.97,47,429,321,703
5730,1,Focused,0.509,787,498,1106,937
5730,4,Focused,0.919,356,542,697,971
5730,2,Focused,0.954,1436,440,1631,652
5730,5,Focused,0.976,1515,526,1868,888
5730,13,Focused,0.967,1175,434,1363,678
5730,16,Focused,0.964,839,388,960,576
5730,6,Focused,0.975,578,433,730,604
5730,14,Focused,0.978,931,443,1099,651
5730,10,Focused,0.896,1868,697,1919,823
5730,9,Focused,0.942,45,430,322,703
5760,1,Focused,0.548,787,506,1106,937
5760,4,Focused,0.823,355,543,696,971
5760,5,Focused,0.922,1652,528,1903,885
5760,16,Focused,0.924,840,388,959,577
5760,13,Focused,0.932,1179,435,1365,684
5760,6,Focused,0.967,564,435,730,603
5760,14,Focused,0.978,927,443,1100,652
5760,10,Focused,0.951,1881,692,1919,817
5760,9,Focused,0.92,44,432,322,703
5790,1,Focused,0.591,788,504,1106,938
5790,5,Focused,0.941,1554,529,1901,888
5790,4,Focused,0.762,355,543,693,972
5790,2,Focused,0.956,1436,440,1631,651
5790,13,Focused,0.938,1139,304,1396,895
5790,6,Focused,0.974,569,437,730,634
5790,16,Focused,0.897,839,388,958,576
5790,14,Focused,0.978,921,442,1099,650
5790,10,Focused,0.333,1881,690,1919,820
5790,9,Focused,0.979,44,434,322,703
5820,1,Focused,0.684,787,507,1104,938
5820,5,Focused,0.945,1551,561,1905,893
5820,4,Focused,0.829,359,545,697,971
5820,2,Focused,0.953,1433,441,1633,652
5820,16,Focused,0.968,840,390,960,571
5820,14,Focused,0.977,918,423,1094,652
5820,6,Focused,0.966,561,440,730,686
5820,10,Focused,0.577,1886,695,1919,814
5820,9,Focused,0.978,44,435,322,703
5850,1,Focused,0.753,788,508,1105,937
5850,4,Focused,0.644,357,539,703,971
5850,5,Focused,0.714,1551,563,1907,892
5850,2,Focused,0.939,1436,439,1634,651
5850,13,Focused,0.845,1184,436,1364,691
5850,6,Focused,0.968,582,437,731,605
5850,14,Focused,0.975,907,414,1084,641
5850,16,Focused,0.97,841,389,958,549
5850,10,Focused,0.81,1884,691,1919,808
5850,9,Focused,0.978,44,432,321,703
5880,1,Focused,0.803,788,506,1107,938
5880,4,Focused,0.671,370,585,690,966
5880,6,Focused,0.968,513,434,717,690
5880,2,Focused,0.946,1437,441,1634,651
5880,5,Focused,0.933,1552,562,1908,891
5880,13,Focused,0.763,1183,436,1364,691
5880,14,Focused,0.822,886,425,1080,641
5880,10,Focused,0.91,1883,690,1919,810
5880,9,Focused,0.976,53,415,329,702
5910,1,Focused,0.849,790,511,1106,937
5910,4,Focused,0.902,358,620,691,968
5910,6,Focused,0.971,497,433,723,701
5910,5,Focused,0.672,1551,556,1907,892
5910,2,Focused,0.973,1437,440,1634,651
5910,19,Unknown,0.0,660,386,810,589
5910,13,Focused,0.845,1183,434,1363,691
5910,10,Using Phone,0.334,1882,684,1919,811
5910,16,Focused,0.97,791,405,953,678
5910,9,Focused,0.98,50,416,322,702
5910,17,Unknown,0.0,902,386,958,462
5910,18,Unknown,0.0,1342,742,1465,930
5940,1,Focused,0.539,792,486,1145,928
5940,6,Focused,0.962,515,440,726,703
5940,5,Focused,0.526,1551,556,1908,893
5940,2,Focused,0.967,1436,440,1634,651
5940,4,Focused,0.913,368,575,680,967
5940,13,Focused,0.907,1182,435,1363,689
5940,19,Unknown,0.0,658,410,824,596
5940,17,Unknown,0.0,907,389,1009,528
5940,10,Using Phone,0.334,1885,687,1919,811
5940,14,Focused,0.941,844,419,1046,621
5940,9,Focused,0.981,52,415,322,702
5970,1,Focused,0.548,793,498,1095,935
5970,5,Focused,0.653,1550,553,1904,892
5970,4,Focused,0.928,342,560,717,966
5970,2,Focused,0.961,1436,440,1633,651
5970,13,Focused,0.864,1181,435,1363,690
5970,6,Focused,0.96,525,437,726,701
5970,19,Unknown,0.0,654,417,812,596
5970,14,Focused,0.971,884,413,1056,640
5970,10,Using Phone,0.334,1885,687,1919,817
5970,9,Focused,0.98,53,413,315,702
5970,11,Focused,0.933,69,809,314,1065
6000,1,Focused,0.532,795,497,1098,935
6000,5,Focused,0.807,1560,544,1900,905
6000,6,Using Phone,0.494,531,441,726,701
6000,2,Focused,0.952,1436,440,1634,651
6000,4,Focused,0.949,398,558,669,963
6000,13,Focused,0.882,1181,434,1364,690
6000,19,Unknown,0.0,659,413,815,594
6000,14,Focused,0.981,878,423,1046,635
6000,10,Using Phone,0.334,1881,682,1919,816
6000,20,Unknown,0.0,883,379,946,447
6000,9,Focused,0.977,55,414,313,703
6000,11,Focused,0.953,70,809,314,1065
6030,1,Focused,0.514,795,498,1098,934
6030,5,Focused,0.797,1553,546,1901,893
6030,2,Focused,0.961,1434,440,1633,652
6030,4,Focused,0.883,395,558,669,963
6030,6,Focused,0.478,536,437,725,702
6030,13,Focused,0.926,1183,440,1363,690
6030,19,Focused,0.949,655,414,813,595
6030,14,Focused,0.983,884,417,1044,641
6030,10,Using Phone,0.334,1882,684,1919,819
6030,20,Unknown,0.0,911,393,970,462
6030,9,Focused,0.977,56,414,313,702
6030,11,Focused,0.971,71,809,312,1065
6060,1,Focused,0.549,799,497,1094,935
6060,5,Focused,0.986,1554,544,1900,892
6060,2,Focused,0.978,1436,440,1634,651
6060,4,Focused,0.919,395,558,669,962
6060,6,Looking Away,0.432,532,431,726,700
6060,19,Focused,0.737,652,413,822,593
6060,13,Focused,0.974,1179,434,1363,689
6060,14,Focused,0.982,889,430,1050,632
6060,20,Unknown,0.0,908,393,972,460
6060,10,Chatting,0.324,1884,685,1919,819
6060,18,Unknown,0.0,1342,741,1470,931
6060,9,Focused,0.975,55,415,313,702
6060,11,Focused,0.981,69,809,313,1064
6090,1,Focused,0.531,800,495,1093,934
6090,5,Focused,0.936,1553,544,1901,893
6090,2,Focused,0.968,1434,440,1635,653
6090,6,Looking Away,0.714,533,440,726,702
6090,4,Focused,0.798,394,555,671,963
6090,19,Focused,0.635,654,412,825,594
6090,13,Focused,0.948,1179,436,1364,689
6090,14,Focused,0.983,885,426,1050,631
6090,10,Focused,0.455,1884,686,1919,820
6090,20,Unknown,0.0,910,394,973,464
6090,9,Focused,0.966,55,413,313,702
6090,18,Unknown,0.0,1342,741,1469,931
6090,11,Focused,0.977,72,809,299,1076
6120,1,Focused,0.498,798,492,1098,935
6120,5,Focused,0.899,1564,544,1901,905
6120,2,Focused,0.935,1433,439,1634,652
6120,6,Using Phone,0.808,538,438,725,702
6120,4,Focused,0.878,395,555,672,962
6120,19,Focused,0.678,651,409,824,595
6120,13,Focused,0.899,1180,437,1364,689
6120,14,Focused,0.873,882,434,1048,633
6120,10,Focused,0.87,1884,687,1919,819
6120,9,Focused,0.946,55,415,314,702
6120,11,Focused,0.974,67,810,305,1076
6150,1,Focused,0.811,802,491,1109,935
6150,5,Focused,0.981,1565,545,1900,914
6150,2,Focused,0.973,1425,439,1633,664
6150,4,Focused,0.752,395,555,673,963
6150,6,Looking Away,0.768,539,439,729,702
6150,19,Focused,0.728,652,407,827,591
6150,13,Focused,0.972,1179,437,1364,690
6150,20,Focused,0.95,915,399,1024,526
6150,14,Focused,0.983,886,434,1040,632
6150,10,Focused,0.954,1884,686,1919,819
6150,9,Focused,0.939,55,414,313,703
6150,18,Unknown,0.0,1343,742,1470,932
6150,11,Focused,0.971,66,809,308,1075
6180,1,Focused,0.574,801,498,1106,935
6180,5,Focused,0.949,1560,579,1914,894
6180,2,Focused,0.984,1428,439,1635,656
6180,4,Focused,0.677,396,555,673,963
6180,6,Using Phone,0.725,536,433,728,702
6180,19,Focused,0.907,658,410,822,591
6180,13,Focused,0.961,1179,435,1363,689
6180,14,Focused,0.979,892,431,1042,634
6180,10,Focused,0.969,1886,685,1919,799
6180,18,Focused,0.983,1341,741,1471,932
6180,9,Focused,0.965,55,414,313,702
6180,11,Focused,0.957,68,809,307,1075
6210,1,Focused,0.535,801,500,1106,935
6210,5,Focused,0.957,1563,544,1893,913
6210,2,Focused,0.983,1425,438,1633,663
6210,6,Focused,0.654,539,432,724,699
6210,4,Focused,0.6,394,556,672,963
6210,19,Using Phone,0.48,653,414,824,595
6210,13,Focused,0.58,1179,437,1363,689
6210,10,Looking Away,0.748,1881,686,1919,821
6210,14,Chatting,0.387,886,428,1054,633
6210,21,Unknown,0.0,912,399,973,462
6210,18,Focused,0.979,1342,742,1470,931
6210,9,Focused,0.976,55,414,314,702
6210,11,Focused,0.969,66,809,304,1076
6240,1,Focused,0.687,801,495,1143,935
6240,2,Focused,0.945,1425,440,1613,662
6240,5,Focused,0.763,1562,543,1894,909
6240,19,Using Phone,0.599,664,415,827,597
6240,4,Focused,0.917,394,554,672,963
6240,6,Using Phone,0.8,540,433,724,694
6240,13,Focused,0.718,1178,435,1362,689
6240,10,Chatting,0.49,1881,685,1919,822
6240,9,Focused,0.979,55,415,324,701
6240,18,Focused,0.418,1342,741,1468,931
6240,14,Focused,0.46,885,420,1047,632
6240,20,Focused,0.977,916,397,1023,526
6240,21,Unknown,0.0,917,398,972,479
6270,1,Focused,0.969,800,488,1101,934
6270,2,Focused,0.981,1425,440,1613,663
6270,5,Focused,0.866,1562,544,1893,916
6270,19,Using Phone,0.475,667,415,826,596
6270,4,Focused,0.903,394,558,672,962
6270,6,Using Phone,0.471,547,434,725,690
6270,13,Focused,0.734,1178,437,1363,689
6270,20,Focused,0.921,911,394,1022,527
6270,10,Chatting,0.475,1881,686,1919,821
6270,9,Focused,0.979,61,417,323,695
6270,18,Focused,0.795,1343,742,1469,932
6300,1,Focused,0.883,801,496,1101,934
6300,2,Focused,0.962,1427,451,1627,663
6300,5,Focused,0.88,1563,543,1893,907
6300,13,Focused,0.73,1176,437,1364,690
6300,19,Focused,0.775,670,416,825,595
6300,6,Focused,0.816,550,436,725,687
6300,4,Using Phone,0.724,395,555,674,962
6300,14,Using Phone,0.472,882,417,1049,637
6300,20,Focused,0.93,908,391,1018,527
6300,10,Chatting,0.366,1884,708,1919,821
6300,9,Focused,0.979,54,417,323,703
6330,1,Focused,0.814,799,496,1102,934
6330,2,Focused,0.977,1426,447,1631,662
6330,5,Focused,0.737,1563,543,1892,904
6330,13,Focused,0.943,1177,436,1364,683
6330,4,Focused,0.962,395,553,673,962
6330,19,Focused,0.669,659,416,824,594
6330,6,Focused,0.976,553,433,688,701
6330,14,Focused,0.684,884,419,1043,629
6330,10,Using Phone,0.334,1884,706,1919,821
6330,9,Focused,0.979,54,416,321,703
6330,20,Focused,0.981,909,389,1018,527
6360,1,Focused,0.645,802,499,1103,935
6360,2,Focused,0.952,1426,440,1624,663
6360,5,Focused,0.527,1562,543,1893,907
6360,13,Focused,0.917,1176,436,1363,683
6360,4,Focused,0.948,395,557,676,963
6360,19,Focused,0.781,660,417,828,596
6360,6,Focused,0.973,538,433,702,688
6360,14,Focused,0.968,884,420,1046,633
6360,10,Using Phone,0.334,1884,705,1919,822
6360,9,Focused,0.98,54,417,321,703
6360,20,Focused,0.955,906,392,1019,527
6390,5,Focused,0.632,1563,542,1892,913
6390,2,Focused,0.629,1425,439,1603,656
6390,13,Focused,0.935,1178,434,1360,687
6390,1,Focused,0.961,850,524,1150,959
6390,4,Focused,0.845,394,560,675,963
6390,6,Focused,0.915,532,436,727,689
6390,19,Focused,0.669,665,415,834,595
6390,16,Focused,0.971,801,419,975,678
6390,10,Using Phone,0.334,1882,698,1919,822
6390,9,Focused,0.981,54,416,321,703
6390,21,Unknown,0.0,905,393,967,459
6420,5,Focused,0.732,1561,543,1892,910
6420,2,Focused,0.566,1426,453,1620,651
6420,1,Focused,0.58,790,556,1186,961
6420,6,Focused,0.872,529,437,728,690
6420,4,Focused,0.776,394,560,676,963
6420,13,Focused,0.953,1181,436,1363,687
6420,14,Focused,0.961,832,395,1076,673
6420,19,Focused,0.663,672,393,827,595
6420,10,Using Phone,0.334,1877,678,1919,821
6420,21,Unknown,0.0,905,393,962,464
6420,9,Focused,0.981,54,416,321,702
6450,5,Focused,0.677,1562,544,1894,912
6450,1,Focused,0.703,787,537,1168,959
6450,2,Focused,0.688,1424,443,1627,652
6450,4,Focused,0.936,394,559,675,963
6450,6,Focused,0.928,532,437,727,692
6450,13,Focused,0.943,1180,435,1363,687
6450,19,Focused,0.741,670,399,828,595
6450,16,Focused,0.978,804,424,975,680
6450,10,Using Phone,0.334,1883,707,1919,820
6450,9,Focused,0.98,56,415,311,703
6450,21,Focused,0.97,907,394,965,467
6480,2,Focused,0.91,1426,441,1615,651
6480,1,Focused,0.658,790,533,1165,959
6480,5,Focused,0.766,1564,542,1891,898
6480,13,Focused,0.937,1179,435,1362,687
6480,4,Focused,0.97,395,558,674,963
6480,6,Focused,0.842,532,438,723,696
6480,19,Focused,0.843,671,410,829,595
6480,16,Focused,0.982,801,420,973,686
6480,10,Using Phone,0.334,1883,704,1919,822
6480,21,Focused,0.972,905,392,963,457
6480,9,Focused,0.978,56,415,313,703
6510,2,Focused,0.88,1425,440,1606,663
6510,1,Focused,0.565,791,533,1165,959
6510,5,Focused,0.78,1563,542,1891,907
6510,19,Focused,0.967,679,401,842,593
6510,4,Focused,0.964,397,558,675,963
6510,6,Focused,0.746,540,436,730,692
6510,13,Focused,0.935,1181,432,1363,688
6510,16,Focused,0.984,804,423,970,684
6510,20,Focused,0.919,907,392,1015,528
6510,10,Using Phone,0.334,1879,686,1919,820
6510,9,Focused,0.978,56,415,314,702
6510,11,Focused,0.976,67,809,299,1076
6540,2,Focused,0.859,1426,440,1633,663
6540,1,Focused,0.596,812,519,1160,962
6540,5,Focused,0.845,1564,543,1892,900
6540,19,Focused,0.981,673,401,840,593
6540,4,Focused,0.982,393,560,674,964
6540,13,Focused,0.95,1180,435,1363,687
6540,6,Focused,0.719,537,434,729,685
6540,16,Focused,0.914,802,426,955,684
6540,20,Focused,0.808,904,391,1010,525
6540,10,Focused,0.3,1882,690,1919,819
6540,9,Focused,0.976,56,415,315,702
6540,11,Focused,0.974,67,810,299,1076
6570,2,Focused,0.66,1425,440,1635,663
6570,5,Focused,0.66,1561,543,1893,893
6570,1,Focused,0.512,808,531,1161,967
6570,4,Focused,0.97,392,559,673,964
6570,19,Focused,0.972,668,403,838,593
6570,13,Focused,0.898,1180,435,1363,688
6570,6,Focused,0.765,539,434,729,696
6570,16,Focused,0.976,803,424,971,684
6570,10,Focused,0.468,1883,700,1919,820
6570,20,Focused,0.917,908,392,1014,528
6570,9,Focused,0.975,56,415,315,702
6570,11,Focused,0.941,69,810,298,1076
6600,2,Focused,0.808,1425,440,1633,664
6600,4,Focused,0.98,360,556,692,966
6600,1,Focused,0.568,825,508,1159,960
6600,5,Focused,0.758,1561,544,1893,902
6600,13,Focused,0.911,1175,434,1361,681
6600,19,Focused,0.954,674,403,835,594
6600,6,Focused,0.671,554,440,729,689
6600,16,Focused,0.984,800,425,974,685
6600,10,Focused,0.745,1882,697,1919,820
6600,21,Focused,0.949,904,392,966,458
6600,9,Focused,0.966,59,416,314,702
6600,22,Unknown,0.0,824,466,881,543
6630,1,Focused,0.612,814,511,1156,962
6630,4,Focused,0.976,394,545,678,966
6630,5,Focused,0.676,1563,539,1893,901
6630,2,Focused,0.961,1430,441,1634,656
6630,13,Focused,0.911,1174,433,1360,681
6630,19,Focused,0.972,660,377,822,589
6630,16,Focused,0.986,802,426,968,683
6630,20,Focused,0.959,913,390,1011,515
6630,6,Focused,0.901,579,440,728,615
6630,10,Focused,0.882,1881,692,1919,821
6630,9,Focused,0.973,58,415,316,702
6630,11,Focused,0.847,70,810,295,1077
6660,1,Focused,0.594,814,515,1157,961
6660,4,Focused,0.973,353,557,683,965
6660,2,Focused,0.969,1426,444,1615,652
6660,13,Focused,0.935,1175,433,1361,681
6660,5,Focused,0.665,1564,539,1892,904
6660,6,Focused,0.658,547,439,729,703
6660,19,Focused,0.973,627,263,797,581
6660,16,Focused,0.985,801,431,971,683
6660,10,Focused,0.932,1880,685,1919,821
6660,22,Unknown,0.0,816,465,883,572
6660,21,Focused,0.948,906,393,967,463
6660,9,Focused,0.949,57,415,315,702
6660,11,Focused,0.958,69,809,296,1077
6690,2,Focused,0.973,1426,446,1609,652
6690,1,Focused,0.58,812,515,1157,961
6690,5,Focused,0.832,1562,541,1892,898
6690,4,Focused,0.935,369,547,701,988
6690,13,Focused,0.936,1176,438,1362,684
6690,16,Focused,0.94,802,432,976,682
6690,19,Focused,0.978,627,379,816,589
6690,10,Using Phone,0.334,1881,690,1919,820
6690,6,Focused,0.791,575,433,726,604
6690,9,Focused,0.971,57,415,315,702
6690,21,Focused,0.98,906,394,966,459
6690,22,Unknown,0.0,820,467,882,567
6720,2,Focused,0.982,1426,446,1607,652
6720,5,Focused,0.699,1562,539,1892,913
6720,1,Focused,0.588,812,517,1157,961
6720,4,Focused,0.606,363,553,705,965
6720,13,Focused,0.963,1176,437,1362,683
6720,19,Focused,0.98,666,386,824,596
6720,16,Focused,0.92,795,429,971,681
6720,20,Focused,0.98,914,395,1010,525
6720,6,Focused,0.964,491,442,725,682
6720,10,Using Phone,0.334,1880,688,1919,821
6720,9,Focused,0.964,56,413,328,701
6750,2,Focused,0.984,1425,446,1606,652
6750,5,Focused,0.684,1563,540,1892,916
6750,1,Focused,0.532,812,517,1157,961
6750,4,Focused,0.74,354,546,702,969
6750,13,Focused,0.961,1176,437,1363,682
6750,19,Focused,0.957,664,389,824,597
6750,20,Focused,0.977,916,395,1009,524
6750,16,Focused,0.979,796,429,955,681
6750,6,Focused,0.984,581,439,729,605
6750,10,Using Phone,0.334,1881,693,1919,820
6750,9,Focused,0.975,56,415,323,702
6750,11,Focused,0.967,69,808,304,1070
6780,2,Focused,0.971,1425,446,1605,652
6780,1,Using Phone,0.5,814,516,1156,961
6780,5,Focused,0.792,1562,544,1892,902
6780,4,Focused,0.946,354,546,709,969
6780,13,Focused,0.976,1176,437,1363,683
6780,19,Focused,0.752,659,385,822,597
6780,20,Focused,0.979,911,395,1009,524
6780,16,Focused,0.972,798,433,936,679
6780,6,Focused,0.957,571,432,728,604
6780,10,Using Phone,0.334,1881,691,1919,821
6780,9,Focused,0.975,56,414,322,702
6780,11,Focused,0.956,71,809,302,1070
6810,2,Focused,0.95,1425,446,1605,652
6810,1,Focused,0.495,814,515,1156,961
6810,5,Focused,0.766,1561,539,1892,903
6810,4,Focused,0.925,357,550,702,969
6810,13,Focused,0.908,1175,437,1364,682
6810,19,Focused,0.813,659,405,833,596
6810,16,Focused,0.598,795,436,939,685
6810,20,Focused,0.958,908,397,1017,527
6810,6,Focused,0.975,557,434,726,604
6810,10,Using Phone,0.334,1881,692,1919,820
6810,9,Focused,0.979,57,415,325,702
6810,11,Focused,0.978,71,809,303,1071
6840,2,Focused,0.942,1425,446,1605,652
6840,5,Focused,0.746,1562,539,1892,916
6840,1,Focused,0.541,795,521,1154,958
6840,4,Focused,0.968,353,549,705,969
6840,13,Focused,0.959,1176,436,1362,681
6840,19,Focused,0.973,669,397,832,594
6840,16,Focused,0.963,795,436,940,686
6840,6,Focused,0.827,587,437,725,604
6840,20,Focused,0.953,907,398,1016,525
6840,10,Using Phone,0.334,1881,692,1919,821
6840,9,Focused,0.98,56,413,323,701
6870,2,Focused,0.957,1425,446,1605,652
6870,5,Focused,0.702,1560,547,1893,895
6870,1,Focused,0.555,797,523,1154,959
6870,13,Focused,0.981,1175,436,1363,677
6870,4,Focused,0.968,377,555,711,968
6870,19,Focused,0.973,665,395,826,593
6870,16,Focused,0.984,796,434,942,679
6870,6,Focused,0.984,482,438,726,693
6870,20,Focused,0.973,908,395,1016,524
6870,10,Using Phone,0.334,1883,704,1919,820
6870,9,Focused,0.98,56,416,312,702
6870,11,Focused,0.982,62,811,307,1079
6900,2,Focused,0.971,1425,446,1605,652
6900,5,Focused,0.952,1562,540,1892,904
6900,1,Focused,0.503,796,522,1153,959
6900,4,Focused,0.97,354,547,704,969
6900,13,Focused,0.981,1180,435,1363,688
6900,19,Focused,0.983,660,407,826,593
6900,6,Focused,0.986,583,439,728,605
6900,16,Focused,0.969,799,429,972,683
6900,10,Using Phone,0.334,1880,696,1919,821
6900,9,Focused,0.979,55,416,312,702
6900,22,Unknown,0.0,820,469,878,566
6900,21,Focused,0.98,906,395,968,462
6900,11,Focused,0.977,62,811,307,1079
6930,2,Focused,0.971,1425,445,1605,652
6930,1,Focused,0.573,797,546,1180,962
6930,4,Focused,0.964,356,547,702,968
6930,5,Focused,0.811,1563,545,1892,908
6930,13,Focused,0.978,1179,434,1363,687
6930,6,Focused,0.96,559,443,728,611
6930,19,Focused,0.979,667,407,825,594
6930,16,Focused,0.97,799,430,979,684
6930,10,Using Phone,0.334,1877,683,1919,820
6930,22,Chatting,0.406,822,468,880,562
6930,9,Focused,0.98,58,415,314,702
6930,21,Focused,0.971,905,395,967,460
6930,11,Focused,0.978,62,811,306,1079
6960,2,Focused,0.978,1425,445,1606,652
6960,5,Focused,0.733,1560,537,1892,901
6960,4,Focused,0.956,346,549,666,970
6960,1,Focused,0.663,795,533,1158,961
6960,19,Focused,0.977,677,401,824,593
6960,13,Focused,0.98,1178,435,1363,685
6960,6,Focused,0.857,547,443,730,702
6960,16,Focused,0.973,807,421,982,685
6960,10,Using Phone,0.334,1878,684,1919,820
6960,22,Using Phone,0.653,826,474,889,580
6960,21,Focused,0.937,909,395,966,452
6960,11,Focused,0.978,65,808,307,1063
6960,9,Focused,0.98,56,415,314,703
6990,4,Focused,0.957,356,586,665,971
6990,5,Focused,0.722,1561,534,1892,909
6990,1,Focused,0.651,793,528,1169,962
6990,19,Focused,0.978,653,395,818,591
6990,2,Focused,0.978,1424,448,1606,653
6990,13,Focused,0.979,1179,434,1366,686
6990,6,Focused,0.968,503,440,728,698
6990,16,Focused,0.983,799,419,979,676
6990,10,Focused,0.298,1873,659,1919,815
6990,22,Using Phone,0.526,820,473,878,580
6990,21,Focused,0.898,908,395,968,450
6990,11,Focused,0.978,64,808,307,1062
6990,9,Focused,0.979,56,414,313,703
7020,1,Focused,0.703,793,532,1166,961
7020,5,Focused,0.727,1562,536,1893,908
7020,4,Focused,0.949,370,560,666,973
7020,2,Focused,0.979,1425,448,1605,654
7020,6,Focused,0.974,546,444,718,699
7020,19,Focused,0.981,649,398,821,593
7020,13,Focused,0.974,1175,437,1363,674
7020,16,Focused,0.951,800,425,976,686
7020,10,Focused,0.459,1878,674,1919,816
7020,22,Focused,0.815,817,467,880,565
7020,9,Focused,0.98,57,415,315,702
7020,21,Focused,0.827,909,400,967,464
7020,11,Focused,0.978,63,809,307,1061
7050,5,Focused,0.915,1565,552,1891,892
7050,1,Focused,0.753,816,546,1154,943
7050,2,Focused,0.98,1424,447,1605,653
7050,4,Focused,0.968,383,562,675,972
7050,19,Focused,0.985,652,401,821,592
7050,13,Focused,0.969,1175,447,1366,679
7050,16,Focused,0.983,794,427,962,676
7050,6,Focused,0.976,488,435,725,679
7050,20,Focused,0.978,911,397,1016,528
7050,10,Focused,0.871,1879,675,1919,818
7050,9,Focused,0.981,57,415,314,702
7050,11,Focused,0.982,63,809,307,1062
7080,1,Focused,0.773,817,537,1155,944
7080,2,Focused,0.984,1424,447,1606,654
7080,5,Focused,0.844,1562,541,1902,893
7080,13,Focused,0.976,1174,437,1363,683
7080,4,Focused,0.974,363,577,704,968
7080,19,Focused,0.935,657,404,822,592
7080,6,Focused,0.685,487,443,724,693
7080,16,Focused,0.971,799,426,973,687
7080,22,Focused,0.752,819,470,876,564
7080,10,Focused,0.958,1885,696,1919,817
7080,9,Focused,0.982,57,414,315,702
7080,21,Focused,0.676,909,400,966,466
7080,11,Focused,0.982,63,809,307,1061
7110,2,Focused,0.985,1424,447,1605,654
7110,1,Focused,0.851,794,529,1157,960
7110,4,Focused,0.981,358,562,706,969
7110,5,Focused,0.747,1565,542,1901,900
7110,19,Focused,0.975,646,404,822,592
7110,13,Focused,0.975,1174,438,1363,672
7110,6,Focused,0.969,482,433,721,689
7110,16,Focused,0.981,798,430,978,684
7110,10,Focused,0.971,1883,688,1919,820
7110,20,Focused,0.975,908,398,1016,527
7110,22,Focused,0.743,820,469,879,565
7110,9,Focused,0.981,57,415,315,702
7110,11,Focused,0.981,64,808,307,1062
7140,2,Focused,0.986,1425,446,1609,653
7140,1,Focused,0.686,795,519,1155,958
7140,5,Focused,0.917,1563,541,1901,904
7140,13,Focused,0.983,1177,437,1363,684
7140,4,Focused,0.945,362,569,705,969
7140,19,Focused,0.985,649,404,822,592
7140,6,Focused,0.984,482,436,726,693
7140,16,Focused,0.986,798,429,971,684
7140,20,Focused,0.981,909,397,1016,527
7140,10,Focused,0.963,1884,689,1919,819
7140,9,Focused,0.975,56,416,321,702
7140,22,Focused,0.599,818,470,877,564
7170,4,Focused,0.973,359,576,704,969
7170,2,Focused,0.985,1425,446,1606,653
7170,5,Focused,0.985,1560,538,1902,886
7170,1,Focused,0.866,795,527,1154,959
7170,19,Focused,0.984,651,389,812,589
7170,6,Focused,0.98,512,437,727,676
7170,13,Focused,0.985,1174,437,1363,673
7170,16,Focused,0.984,796,427,976,686
7170,22,Focused,0.398,819,467,880,571
7170,10,Focused,0.974,1884,687,1919,819
7170,9,Focused,0.795,56,416,321,701
7170,21,Using Phone,0.711,900,397,962,455
7200,2,Focused,0.926,1424,448,1611,652
7200,5,Focused,0.98,1557,537,1902,891
7200,1,Focused,0.763,796,523,1155,960
7200,4,Focused,0.905,360,568,714,968
7200,13,Focused,0.971,1175,438,1363,679
7200,19,Focused,0.983,654,393,801,590
7200,16,Using Phone,0.509,797,428,971,685
7200,10,Focused,0.665,1882,675,1919,817
7200,6,Focused,0.826,509,440,727,624
7200,22,Focused,0.372,819,470,878,571
7200,9,Focused,0.944,55,416,320,702
7200,20,Focused,0.986,904,395,1015,527
7200,21,Using Phone,0.711,905,395,967,467
7230,5,Focused,0.718,1556,536,1901,892
7230,2,Chatting,0.546,1424,448,1605,653
7230,1,Focused,0.924,795,539,1148,961
7230,4,Focused,0.971,363,567,711,967
7230,13,Focused,0.563,1173,438,1363,681
7230,19,Focused,0.873,657,392,805,591
7230,16,Focused,0.854,798,427,974,686
7230,6,Focused,0.957,512,440,725,634
7230,10,Focused,0.505,1883,676,1919,816
7230,22,Chatting,0.485,816,470,877,570
7230,9,Looking Away,0.526,55,416,320,702
7230,20,Focused,0.986,907,398,1016,529
7260,1,Focused,0.83,797,531,1170,960
7260,4,Focused,0.884,379,573,707,966
7260,5,Focused,0.628,1554,539,1901,892
7260,2,Focused,0.673,1424,449,1605,653
7260,13,Focused,0.912,1174,438,1363,680
7260,19,Focused,0.948,650,399,804,590
7260,14,Focused,0.859,817,380,928,570
7260,16,Focused,0.86,798,430,973,685
7260,6,Focused,0.79,508,436,724,665
7260,10,Focused,0.458,1881,677,1919,819
7260,9,Focused,0.85,56,416,320,702
7290,1,Focused,0.82,798,537,1156,960
7290,2,Looking Away,0.894,1424,449,1603,653
7290,5,Looking Away,0.582,1552,540,1901,891
7290,4,Focused,0.942,379,551,697,965
7290,13,Focused,0.982,1174,437,1364,683
7290,19,Focused,0.972,658,395,804,591
7290,6,Focused,0.87,558,439,727,686
7290,16,Focused,0.813,798,429,977,686
7290,10,Looking Away,0.446,1882,677,1919,818
7290,20,Focused,0.608,908,395,1019,527
7290,22,Focused,0.487,816,470,878,568
7290,9,Focused,0.942,56,416,320,702
7320,1,Focused,0.978,793,529,1168,960
7320,2,Looking Away,0.987,1421,447,1605,652
7320,5,Focused,0.976,1557,536,1901,893
7320,4,Focused,0.978,410,594,724,965
7320,13,Focused,0.985,1174,438,1363,680
7320,19,Focused,0.986,651,400,803,591
7320,6,Focused,0.987,509,437,720,677
7320,16,Focused,0.986,797,429,976,687
7320,10,Focused,0.827,1882,676,1919,819
7320,20,Focused,0.922,910,392,1018,526
7320,22,Focused,0.805,820,469,879,568
7320,9,Focused,0.981,56,416,320,702
7350,1,Focused,0.581,793,528,1168,961
7350,5,Focused,0.978,1558,538,1900,892
7350,4,Focused,0.959,365,590,724,965
7350,2,Focused,0.984,1423,452,1602,653
7350,13,Focused,0.985,1175,438,1363,675
7350,6,Focused,0.988,510,438,710,687
7350,19,Focused,0.985,649,411,820,592
7350,16,Focused,0.987,798,429,977,688
7350,10,Focused,0.941,1882,677,1919,819
7350,9,Focused,0.978,56,416,321,702
7350,22,Focused,0.95,822,467,881,564
7350,21,Focused,0.74,900,389,963,460
7380,1,Focused,0.796,793,527,1166,961
7380,2,Focused,0.985,1423,452,1602,653
7380,4,Focused,0.973,360,557,713,966
7380,5,Focused,0.98,1560,537,1900,894
7380,13,Focused,0.986,1178,439,1364,688
7380,19,Focused,0.983,656,412,823,592
7380,16,Focused,0.986,798,439,977,685
7380,14,Focused,0.944,813,374,902,557
7380,6,Focused,0.987,557,440,718,683
7380,10,Focused,0.668,1881,681,1919,820
7380,9,Focused,0.98,56,415,321,702
7410,5,Focused,0.695,1559,537,1900,907
7410,13,Focused,0.97,1177,437,1363,688
7410,2,Focused,0.98,1423,451,1602,653
7410,1,Focused,0.545,792,541,1186,960
7410,4,Focused,0.944,370,554,715,965
7410,16,Focused,0.955,798,438,986,686
7410,19,Focused,0.97,663,392,818,586
7410,6,Focused,0.939,554,440,721,609
7410,10,Focused,0.924,1882,679,1919,820
7410,9,Focused,0.978,56,415,321,702
7410,20,Focused,0.98,910,397,1018,527
7440,5,Focused,0.815,1559,536,1896,906
7440,1,Focused,0.632,792,530,1168,960
7440,13,Focused,0.98,1179,436,1363,687
7440,2,Focused,0.984,1423,451,1602,653
7440,4,Focused,0.977,391,568,724,963
7440,6,Focused,0.923,475,439,720,695
7440,16,Focused,0.958,798,434,974,685
7440,19,Focused,0.944,651,406,831,595
7440,20,Focused,0.958,913,399,1018,528
7440,10,Focused,0.969,1879,680,1919,822
7440,9,Focused,0.977,55,416,320,702
7470,5,Focused,0.677,1556,536,1896,891
7470,2,Focused,0.983,1423,450,1603,653
7470,1,Using Phone,0.499,791,533,1166,960
7470,13,Focused,0.975,1180,437,1363,686
7470,4,Focused,0.973,380,568,709,964
7470,19,Focused,0.92,652,408,834,594
7470,20,Focused,0.551,914,399,1018,527
7470,16,Focused,0.832,794,432,977,687
7470,6,Focused,0.947,508,440,722,667
7470,10,Focused,0.954,1881,680,1919,821
7470,9,Focused,0.977,56,416,320,702
7500,5,Focused,0.968,1558,530,1897,892
7500,1,Using Phone,0.515,791,530,1169,960
7500,13,Focused,0.984,1181,436,1363,688
7500,2,Focused,0.984,1423,449,1602,653
7500,4,Focused,0.98,380,560,710,964
7500,6,Focused,0.986,548,440,724,636
7500,19,Focused,0.969,650,408,831,596
7500,20,Focused,0.493,912,397,1017,526
7500,16,Focused,0.98,798,433,977,686
7500,10,Focused,0.976,1880,681,1919,821
7500,9,Focused,0.979,56,416,321,702
7530,5,Focused,0.982,1559,533,1897,910
7530,1,Focused,0.588,794,530,1169,957
7530,13,Focused,0.976,1180,436,1363,687
7530,2,Focused,0.985,1422,449,1603,652
7530,4,Focused,0.977,375,561,711,964
7530,19,Focused,0.96,652,412,833,595
7530,16,Focused,0.985,795,431,976,700
7530,6,Focused,0.984,548,443,725,635
7530,20,Focused,0.865,911,397,1017,527
7530,10,Focused,0.975,1880,682,1919,821
7530,9,Focused,0.982,56,416,322,701
7560,5,Focused,0.985,1559,532,1897,912
7560,1,Focused,0.896,793,530,1171,958
7560,2,Focused,0.987,1423,448,1601,652
7560,13,Focused,0.984,1180,438,1364,685
7560,16,Focused,0.984,806,433,975,685
7560,4,Focused,0.979,368,562,710,965
7560,19,Focused,0.975,664,416,830,594
7560,20,Focused,0.948,908,398,1015,528
7560,10,Focused,0.978,1880,681,1919,821
7560,6,Focused,0.985,547,441,724,632
7560,9,Focused,0.983,56,417,320,702
7590,5,Focused,0.987,1560,531,1896,906
7590,1,Focused,0.963,793,545,1160,957
7590,2,Focused,0.986,1423,448,1600,652
7590,13,Focused,0.985,1179,435,1363,685
7590,16,Focused,0.985,793,444,984,677
7590,4,Focused,0.978,374,560,710,963
7590,19,Focused,0.984,650,417,831,594
7590,10,Focused,0.973,1877,674,1919,821
7590,6,Focused,0.981,547,436,723,633
7590,9,Focused,0.981,56,416,320,701
7590,20,Focused,0.985,905,397,1016,527
7590,22,Focused,0.967,824,467,888,556
7620,1,Focused,0.979,795,537,1162,958
7620,2,Focused,0.985,1423,448,1600,651
7620,13,Focused,0.986,1178,437,1363,688
7620,5,Focused,0.984,1484,544,1895,875
7620,4,Focused,0.977,368,565,706,965
7620,16,Focused,0.985,808,433,979,680
7620,19,Focused,0.985,664,417,828,595
7620,20,Focused,0.986,910,397,1015,529
7620,10,Focused,0.966,1877,676,1919,820
7620,6,Focused,0.986,528,440,728,614
7620,9,Focused,0.982,56,416,320,701
7650,1,Focused,0.795,794,538,1162,958
7650,4,Focused,0.973,335,568,679,967
7650,13,Focused,0.98,1176,433,1363,693
7650,2,Focused,0.985,1428,441,1634,662
7650,5,Focused,0.982,1527,552,1861,871
7650,16,Focused,0.984,808,436,979,680
7650,19,Focused,0.926,655,418,837,594
7650,20,Focused,0.985,908,396,1015,528
7650,6,Focused,0.985,511,443,723,689
7650,10,Focused,0.501,1866,679,1919,822
7650,9,Focused,0.981,56,416,320,701
7680,5,Focused,0.694,1567,536,1857,871
7680,1,Focused,0.691,793,535,1185,959
7680,2,Focused,0.98,1427,443,1630,661
7680,4,Focused,0.923,353,566,683,965
7680,13,Focused,0.864,1174,438,1363,681
7680,16,Focused,0.973,807,437,979,681
7680,19,Focused,0.71,651,418,833,594
7680,20,Focused,0.856,906,395,1015,528
7680,6,Focused,0.983,484,444,720,688
7680,10,Focused,0.775,1864,715,1919,822
7680,9,Focused,0.979,53,412,316,702
7710,1,Focused,0.812,793,537,1166,959
7710,2,Focused,0.979,1426,443,1631,662
7710,13,Focused,0.774,1172,437,1362,687
7710,5,Focused,0.605,1521,556,1907,872
7710,4,Focused,0.97,352,565,684,965
7710,16,Focused,0.949,807,436,978,679
7710,19,Focused,0.78,657,417,828,594
7710,20,Focused,0.967,906,396,1015,528
7710,6,Focused,0.983,492,443,721,691
7710,9,Focused,0.979,54,416,318,702
7740,1,Focused,0.945,793,534,1172,960
7740,13,Focused,0.87,1173,438,1363,688
7740,2,Focused,0.968,1427,443,1628,663
7740,4,Focused,0.951,352,571,680,965
7740,5,Using Phone,0.535,1526,539,1905,872
7740,16,Focused,0.962,806,435,976,680
7740,19,Focused,0.897,645,417,834,596
7740,6,Focused,0.963,494,442,724,684
7740,20,Focused,0.98,906,397,1015,528
7740,9,Focused,0.976,54,416,318,702
7740,23,Unknown,0.0,1901,714,1919,819
7770,1,Focused,0.977,792,538,1171,960
7770,2,Focused,0.955,1426,443,1628,662
7770,4,Focused,0.941,352,568,680,966
7770,5,Focused,0.935,1567,539,1901,900
7770,13,Focused,0.938,1172,440,1363,685
7770,16,Focused,0.977,808,436,977,680
7770,19,Focused,0.84,654,398,813,586
7770,20,Focused,0.795,906,396,1015,529
7770,6,Focused,0.915,490,445,725,696
7770,23,Unknown,0.0,1894,713,1918,820
7770,9,Focused,0.98,6,417,321,702
7800,1,Focused,0.56,793,535,1172,959
7800,4,Focused,0.8,354,563,686,965
7800,2,Focused,0.957,1426,443,1629,662
7800,5,Focused,0.924,1556,543,1899,893
7800,13,Focused,0.927,1172,439,1362,688
7800,16,Focused,0.983,807,436,975,680
7800,19,Focused,0.873,659,406,814,587
7800,20,Focused,0.648,906,396,1015,528
7800,6,Focused,0.971,547,447,725,607
7800,10,Focused,0.895,1873,669,1919,811
7800,9,Focused,0.98,36,431,317,709
7830,1,Focused,0.531,809,533,1160,964
7830,4,Focused,0.87,363,577,691,967
7830,2,Focused,0.958,1426,442,1630,662
7830,5,Focused,0.889,1558,555,1900,891
7830,13,Focused,0.864,1172,439,1362,680
7830,19,Focused,0.865,654,386,810,589
7830,6,Focused,0.908,510,443,726,640
7830,16,Focused,0.981,808,426,968,680
7830,20,Focused,0.939,918,395,1017,527
7830,10,Focused,0.951,1878,676,1919,816
7830,9,Focused,0.978,34,432,320,708
7860,1,Focused,0.54,809,530,1157,967
7860,13,Focused,0.943,1176,439,1362,688
7860,2,Focused,0.958,1426,442,1628,662
7860,5,Focused,0.902,1556,559,1899,891
7860,19,Focused,0.86,653,381,802,589
7860,4,Focused,0.928,372,587,697,966
7860,6,Focused,0.871,493,446,723,689
7860,16,Focused,0.981,807,432,973,680
7860,20,Focused,0.973,910,396,1015,526
7860,10,Focused,0.531,1879,681,1919,818
7860,9,Focused,0.976,33,433,320,708
7860,22,Focused,0.974,820,469,882,574
7890,2,Focused,0.961,1426,443,1630,662
7890,1,Focused,0.616,792,526,1157,958
7890,13,Focused,0.931,1173,438,1362,681
7890,5,Focused,0.724,1556,556,1899,891
7890,16,Focused,0.983,808,438,974,679
7890,4,Focused,0.882,382,556,717,966
7890,19,Focused,0.859,660,404,820,589
7890,6,Focused,0.942,494,450,723,685
7890,20,Focused,0.898,910,397,1014,525
7890,10,Focused,0.825,1878,680,1919,818
7890,9,Focused,0.977,33,433,320,708
7920,2,Focused,0.964,1426,443,1631,662
7920,1,Focused,0.586,794,532,1159,960
7920,13,Focused,0.951,1173,439,1362,687
7920,5,Focused,0.572,1552,548,1896,890
7920,4,Focused,0.937,382,553,716,965
7920,16,Focused,0.982,808,434,974,679
7920,19,Focused,0.919,654,403,820,588
7920,6,Focused,0.963,493,443,725,689
7920,20,Focused,0.974,911,397,1015,528
7920,10,Focused,0.895,1877,674,1919,821
7920,9,Focused,0.973,33,433,320,708
7950,2,Focused,0.968,1427,443,1625,663
7950,1,Focused,0.635,793,532,1157,959
7950,13,Focused,0.978,1174,439,1362,686
7950,5,Focused,0.682,1551,553,1897,890
7950,4,Focused,0.94,369,546,705,967
7950,16,Focused,0.966,808,435,974,679
7950,19,Focused,0.973,659,403,821,588
7950,20,Focused,0.951,910,398,1015,528
7950,6,Focused,0.942,579,448,724,605
7950,10,Focused,0.924,1886,704,1919,821
7950,9,Focused,0.797,33,433,320,708
7980,2,Focused,0.972,1427,444,1615,662
7980,1,Focused,0.638,794,532,1159,959
7980,5,Focused,0.975,1544,551,1896,890
7980,4,Focused,0.918,371,546,708,967
7980,13,Focused,0.984,1173,439,1362,679
7980,16,Focused,0.982,808,436,975,679
7980,19,Focused,0.949,658,404,821,588
7980,6,Focused,0.938,578,448,724,605
7980,20,Focused,0.973,910,400,1018,528
7980,10,Using Phone,0.413,1884,700,1919,821
7980,9,Focused,0.975,54,416,317,703
8010,13,Focused,0.982,1173,439,1362,688
8010,1,Focused,0.594,793,527,1154,958
8010,2,Focused,0.972,1427,442,1635,662
8010,5,Focused,0.986,1540,555,1897,926
8010,4,Focused,0.959,369,547,710,966
8010,16,Focused,0.985,808,436,958,679
8010,6,Focused,0.986,501,453,722,667
8010,19,Focused,0.914,632,403,822,591
8010,20,Focused,0.98,912,399,1017,527
8010,10,Focused,0.688,1886,704,1919,821
8010,9,Focused,0.985,54,416,387,701
8010,11,Focused,0.979,69,811,291,1078
8040,1,Using Phone,0.555,777,516,1145,960
8040,2,Focused,0.974,1431,442,1627,656
8040,5,Focused,0.836,1543,553,1897,926
8040,13,Focused,0.982,1181,441,1365,689
8040,4,Focused,0.973,372,548,708,966
8040,19,Focused,0.973,652,395,821,588
8040,16,Focused,0.985,799,432,975,678
8040,20,Focused,0.984,911,399,1016,527
8040,6,Focused,0.986,488,445,722,682
8040,10,Focused,0.927,1885,702,1919,821
8040,9,Focused,0.984,50,416,363,700
8070,2,Focused,0.971,1426,442,1629,661
8070,13,Focused,0.982,1179,438,1362,687
8070,1,Using Phone,0.574,781,527,1146,960
8070,4,Focused,0.967,370,549,708,967
8070,5,Focused,0.73,1550,550,1910,891
8070,19,Focused,0.968,657,386,817,587
8070,16,Focused,0.984,818,436,979,682
8070,20,Focused,0.984,914,397,1017,526
8070,6,Focused,0.983,577,445,726,605
8070,10,Focused,0.961,1885,694,1919,806
8070,9,Focused,0.977,51,418,327,703
8100,13,Focused,0.984,1179,437,1362,687
8100,2,Focused,0.972,1427,442,1633,662
8100,1,Using Phone,0.602,782,530,1146,960
8100,4,Focused,0.969,369,546,708,967
8100,5,Focused,0.892,1551,550,1906,892
8100,19,Focused,0.969,658,386,816,587
8100,16,Focused,0.985,806,434,979,678
8100,6,Focused,0.97,579,446,724,607
8100,20,Focused,0.98,908,398,1016,526
8100,10,Focused,0.973,1886,692,1919,811
8100,9,Focused,0.97,52,420,327,702
8100,22,Focused,0.927,819,467,885,577
8130,13,Focused,0.985,1177,439,1362,687
8130,2,Focused,0.975,1426,442,1633,663
8130,1,Focused,0.875,786,528,1150,960
8130,4,Focused,0.97,375,542,702,966
8130,19,Focused,0.944,658,388,816,587
8130,5,Focused,0.978,1546,551,1912,912
8130,20,Focused,0.905,910,398,1016,527
8130,6,Focused,0.81,579,444,723,606
8130,16,Focused,0.928,801,433,972,679
8130,10,Focused,0.954,1887,693,1919,807
8130,9,Focused,0.972,49,419,326,702
8130,22,Looking Away,0.324,820,468,882,574
8160,1,Focused,0.979,811,520,1172,946
8160,13,Focused,0.979,1176,439,1363,688
8160,2,Focused,0.966,1425,442,1632,662
8160,4,Focused,0.959,375,546,700,966
8160,5,Focused,0.779,1548,557,1913,892
8160,19,Focused,0.924,656,388,816,587
8160,6,Focused,0.98,578,446,724,607
8160,16,Using Phone,0.458,796,431,972,680
8160,20,Focused,0.891,911,398,1016,525
8160,10,Focused,0.865,1887,696,1919,802
8160,9,Focused,0.982,52,419,325,703
8160,22,Focused,0.723,819,468,880,575
8190,1,Focused,0.979,815,527,1154,947
8190,13,Focused,0.982,1178,439,1362,688
8190,4,Focused,0.947,372,547,686,967
8190,2,Focused,0.972,1427,442,1632,659
8190,5,Focused,0.686,1550,558,1912,900
8190,19,Focused,0.834,657,388,807,587
8190,16,Focused,0.977,779,424,976,677
8190,6,Focused,0.985,578,440,723,605
8190,20,Focused,0.975,915,402,1012,526
8190,10,Focused,0.956,1886,696,1919,805
8190,9,Focused,0.981,51,418,325,702
8220,2,Focused,0.974,1431,443,1614,653
8220,13,Focused,0.984,1177,439,1362,686
8220,1,Focused,0.984,801,521,1145,960
8220,5,Focused,0.703,1553,556,1912,892
8220,4,Focused,0.943,387,548,702,966
8220,19,Focused,0.965,647,390,816,588
8220,6,Focused,0.985,568,437,722,605
8220,16,Focused,0.984,797,432,968,679
8220,20,Focused,0.975,915,401,1011,526
8220,10,Focused,0.97,1888,695,1919,801
8220,9,Focused,0.981,51,418,325,703
8220,22,Focused,0.944,819,474,875,568
8250,1,Focused,0.984,799,534,1157,967
8250,2,Focused,0.974,1426,443,1628,661
8250,13,Focused,0.983,1175,437,1362,685
8250,5,Focused,0.884,1553,548,1905,891
8250,16,Focused,0.987,796,431,972,681
8250,4,Focused,0.956,377,568,701,966
8250,19,Focused,0.984,646,410,839,591
8250,20,Focused,0.985,912,401,1012,528
8250,6,Focused,0.984,484,435,723,690
8250,10,Focused,0.868,1884,696,1919,807
8250,9,Focused,0.982,52,417,326,702
8280,1,Focused,0.571,797,526,1148,965
8280,2,Focused,0.977,1430,442,1632,652
8280,13,Focused,0.979,1175,439,1362,685
8280,4,Focused,0.962,378,582,694,965
8280,5,Focused,0.959,1555,553,1914,891
8280,19,Focused,0.984,660,408,827,590
8280,16,Focused,0.986,796,433,964,679
8280,6,Focused,0.986,503,440,725,609
8280,20,Focused,0.985,911,399,1010,533
8280,10,Focused,0.946,1887,696,1919,806
8280,9,Focused,0.982,48,417,326,702
8310,2,Focused,0.974,1427,443,1633,662
8310,1,Focused,0.721,796,529,1147,965
8310,5,Focused,0.883,1555,556,1913,891
8310,4,Focused,0.899,379,572,697,965
8310,13,Focused,0.927,1168,434,1363,673
8310,19,Focused,0.981,653,408,816,589
8310,6,Focused,0.986,509,443,726,650
8310,16,Focused,0.987,797,440,988,679
8310,10,Focused,0.4,1887,697,1919,807
8310,22,Focused,0.969,820,462,905,576
8310,9,Focused,0.982,50,417,326,702
8310,21,Focused,0.85,907,400,969,462
8340,2,Focused,0.973,1427,443,1634,662
8340,1,Focused,0.544,811,516,1150,942
8340,5,Focused,0.76,1533,538,1911,923
8340,13,Focused,0.971,1172,439,1362,672
8340,19,Focused,0.972,659,408,816,591
8340,4,Focused,0.945,382,573,701,965
8340,20,Focused,0.984,912,400,1012,525
8340,16,Focused,0.982,796,430,957,679
8340,6,Focused,0.983,481,447,713,694
8340,10,Focused,0.676,1890,702,1919,812
8340,9,Focused,0.982,50,417,326,702
8370,2,Focused,0.977,1426,444,1616,661
8370,5,Focused,0.969,1527,531,1897,883
8370,1,Focused,0.894,811,518,1176,945
8370,13,Focused,0.984,1173,439,1362,671
8370,19,Focused,0.847,657,408,816,592
8370,6,Focused,0.981,480,446,712,694
8370,4,Focused,0.972,385,575,701,964
8370,20,Focused,0.949,912,398,1012,527
8370,16,Focused,0.986,793,430,951,676
8370,10,Focused,0.855,1882,689,1919,820
8370,9,Focused,0.982,50,416,326,702
8400,2,Focused,0.979,1426,443,1616,661
8400,5,Focused,0.958,1521,534,1896,885
8400,1,Focused,0.967,814,518,1153,947
8400,19,Focused,0.92,662,409,817,591
8400,13,Focused,0.984,1176,441,1362,685
8400,4,Focused,0.974,381,581,700,965
8400,6,Focused,0.986,481,440,721,693
8400,20,Focused,0.912,913,402,1012,526
8400,16,Focused,0.985,801,423,960,678
8400,10,Focused,0.923,1882,697,1919,819
8400,9,Focused,0.982,51,418,326,702
8430,2,Focused,0.98,1426,444,1616,661
8430,5,Focused,0.898,1521,537,1897,889
8430,1,Focused,0.734,813,525,1152,946
8430,4,Focused,0.971,368,572,697,996
8430,6,Focused,0.984,480,443,723,692
8430,13,Focused,0.982,1171,439,1366,683
8430,19,Focused,0.619,666,403,816,588
8430,16,Focused,0.98,795,427,965,681
8430,20,Focused,0.976,910,401,1012,525
8430,10,Using Phone,0.334,1882,696,1919,819
8430,9,Focused,0.981,50,416,325,702
8460,2,Focused,0.975,1426,443,1615,661
8460,5,Focused,0.895,1521,539,1896,893
8460,1,Focused,0.565,811,524,1150,946
8460,4,Focused,0.937,365,568,701,998
8460,13,Focused,0.942,1172,437,1357,682
8460,19,Focused,0.574,658,404,817,590
8460,6,Focused,0.984,480,444,720,692
8460,20,Focused,0.901,910,400,1012,526
8460,16,Focused,0.958,799,436,954,679
8460,10,Using Phone,0.334,1882,695,1919,820
8460,9,Focused,0.981,51,418,328,703
8490,5,Focused,0.984,1520,540,1896,892
8490,1,Focused,0.549,811,524,1148,947
8490,4,Focused,0.912,363,578,701,998
8490,13,Focused,0.944,1169,437,1359,685
8490,2,Focused,0.978,1438,442,1631,651
8490,6,Focused,0.713,480,446,721,693
8490,19,Focused,0.628,649,400,818,591
8490,16,Focused,0.975,799,434,960,680
8490,20,Focused,0.931,908,401,1012,526
8490,10,Using Phone,0.334,1881,695,1919,819
8490,9,Focused,0.981,57,417,327,703
8520,1,Focused,0.559,811,521,1153,947
8520,5,Focused,0.964,1521,541,1896,882
8520,4,Focused,0.895,362,569,698,1001
8520,19,Focused,0.829,649,390,806,583
8520,2,Focused,0.969,1435,443,1635,653
8520,13,Focused,0.885,1173,435,1361,676
8520,6,Focused,0.844,480,449,723,692
8520,20,Focused,0.932,912,396,1018,525
8520,16,Focused,0.971,798,433,956,681
8520,10,Using Phone,0.334,1881,695,1919,819
8520,9,Focused,0.981,59,417,318,703
8550,4,Focused,0.931,360,561,688,983
8550,1,Focused,0.574,816,523,1210,943
8550,5,Focused,0.979,1518,539,1896,888
8550,19,Focused,0.946,650,388,808,584
8550,2,Focused,0.972,1435,443,1636,654
8550,6,Focused,0.956,553,441,722,642
8550,13,Focused,0.902,1171,436,1359,679
8550,16,Focused,0.964,797,430,960,679
8550,20,Focused,0.948,907,398,1017,525
8550,10,Using Phone,0.334,1881,695,1919,819
8550,9,Focused,0.981,57,416,320,703
8580,1,Focused,0.583,818,519,1198,945
8580,4,Focused,0.908,359,574,690,986
8580,5,Focused,0.978,1517,540,1896,890
8580,19,Focused,0.981,648,389,810,584
8580,2,Focused,0.939,1435,443,1636,653
8580,13,Focused,0.854,1173,436,1358,680
8580,6,Focused,0.968,481,446,723,691
8580,16,Focused,0.979,797,431,964,681
8580,20,Focused,0.94,908,396,1017,525
8580,10,Using Phone,0.334,1882,694,1919,819
8580,9,Focused,0.981,57,415,320,704
8610,1,Focused,0.715,817,523,1189,946
8610,5,Focused,0.983,1517,540,1896,889
8610,19,Focused,0.976,651,387,811,585
8610,4,Focused,0.86,372,562,710,968
8610,2,Focused,0.968,1435,443,1636,653
8610,6,Focused,0.766,491,444,725,685
8610,13,Focused,0.737,1172,436,1360,678
8610,20,Focused,0.908,912,396,1007,527
8610,16,Focused,0.969,798,431,963,681
8610,10,Using Phone,0.334,1881,694,1919,819
8610,9,Focused,0.981,57,415,320,704
8640,2,Focused,0.961,1427,445,1639,661
8640,1,Focused,0.533,815,522,1186,946
8640,5,Focused,0.984,1518,544,1896,887
8640,19,Focused,0.951,650,387,810,583
8640,6,Using Phone,0.548,495,444,726,689
8640,4,Focused,0.919,360,595,714,970
8640,13,Focused,0.719,1169,438,1365,682
8640,16,Focused,0.981,798,429,962,681
8640,20,Focused,0.934,904,394,1005,526
8640,10,Using Phone,0.334,1881,691,1919,819
8640,9,Focused,0.98,57,415,321,704
8670,2,Focused,0.951,1426,443,1620,661
8670,1,Focused,0.628,812,519,1169,945
8670,5,Focused,0.982,1518,541,1895,886
8670,19,Focused,0.925,655,387,811,586
8670,4,Focused,0.853,360,569,704,968
8670,13,Focused,0.735,1169,438,1363,682
8670,6,Focused,0.522,493,449,726,676
8670,16,Focused,0.979,798,430,958,682
8670,10,Using Phone,0.334,1878,683,1919,820
8670,9,Focused,0.98,57,415,320,704
8670,21,Focused,0.911,897,385,961,471
8700,1,Focused,0.55,817,521,1165,947
8700,5,Focused,0.982,1520,532,1896,923
8700,2,Focused,0.947,1426,443,1614,660
8700,19,Focused,0.958,659,388,811,586
8700,4,Focused,0.879,363,562,713,968
8700,13,Focused,0.751,1174,436,1359,677
8700,16,Focused,0.982,796,429,957,682
8700,6,Focused,0.696,492,449,726,681
8700,10,Using Phone,0.334,1880,689,1919,820
8700,21,Focused,0.983,892,385,955,459
8700,9,Focused,0.979,57,415,322,704
8730,1,Focused,0.532,814,521,1174,947
8730,2,Focused,0.926,1427,443,1613,662
8730,5,Focused,0.984,1546,546,1902,893
8730,4,Focused,0.951,373,568,708,968
8730,19,Focused,0.967,655,386,799,593
8730,6,Focused,0.514,496,446,726,678
8730,13,Focused,0.708,1173,437,1363,681
8730,16,Focused,0.984,795,433,958,682
8730,10,Using Phone,0.334,1882,691,1919,820
8730,9,Focused,0.98,57,415,320,704
8730,21,Focused,0.975,883,389,952,455
8730,11,Focused,0.98,66,810,292,1076
8760,1,Focused,0.536,814,521,1167,946
8760,2,Focused,0.879,1426,443,1613,661
8760,5,Focused,0.982,1543,540,1901,895
8760,4,Focused,0.917,364,566,705,988
8760,13,Focused,0.825,1172,439,1362,673
8760,19,Focused,0.97,658,388,801,592
8760,6,Focused,0.969,495,448,727,681
8760,16,Focused,0.983,795,431,958,682
8760,10,Using Phone,0.334,1879,691,1919,820
8760,24,Unknown,0.0,958,464,1040,525
8760,9,Focused,0.98,53,416,327,703
8760,21,Focused,0.986,884,390,953,455
8790,2,Focused,0.962,1426,445,1612,662
8790,1,Focused,0.577,819,531,1172,947
8790,5,Focused,0.975,1542,552,1900,892
8790,4,Focused,0.972,367,552,704,967
8790,13,Focused,0.884,1172,442,1362,672
8790,19,Focused,0.972,659,389,802,592
8790,16,Focused,0.984,795,427,962,684
8790,24,Unknown,0.0,961,465,1040,526
8790,10,Using Phone,0.279,1879,691,1919,820
8790,21,Focused,0.966,884,391,953,455
8790,6,Focused,0.912,495,450,726,674
8790,9,Focused,0.98,57,416,326,703
8790,25,Unknown,0.0,846,464,882,547
8820,1,Focused,0.755,818,522,1174,947
8820,2,Focused,0.975,1426,443,1613,661
8820,5,Focused,0.886,1547,546,1901,906
8820,4,Focused,0.955,369,552,705,967
8820,13,Focused,0.97,1177,439,1362,677
8820,19,Focused,0.973,665,390,802,594
8820,16,Focused,0.982,796,432,952,682
8820,6,Focused,0.977,581,452,726,610
8820,10,Focused,0.348,1879,689,1919,821
8820,21,Focused,0.776,890,392,952,457
8820,9,Focused,0.98,58,416,327,703
8850,1,Focused,0.73,817,522,1173,947
8850,2,Focused,0.975,1426,443,1613,662
8850,4,Focused,0.968,367,554,705,1009
8850,5,Focused,0.971,1552,541,1897,902
8850,13,Focused,0.958,1177,440,1361,680
8850,19,Focused,0.975,655,386,807,593
8850,16,Focused,0.984,797,430,960,681
8850,6,Focused,0.984,567,445,727,605
8850,10,Focused,0.762,1878,686,1919,821
8850,21,Focused,0.638,893,388,957,459
8850,9,Focused,0.978,61,413,314,703
8850,25,Unknown,0.0,844,463,882,548
8880,4,Focused,0.97,364,551,700,1008
8880,5,Focused,0.949,1551,544,1897,912
8880,2,Focused,0.979,1426,443,1613,661
8880,1,Focused,0.96,817,525,1179,948
8880,13,Focused,0.983,1177,440,1361,684
8880,19,Focused,0.978,655,386,809,594
8880,6,Focused,0.983,571,446,726,605
8880,16,Focused,0.985,798,435,970,682
8880,10,Focused,0.936,1879,690,1919,821
8880,21,Focused,0.741,891,388,955,454
8880,9,Focused,0.978,61,416,318,704
8880,25,Unknown,0.0,844,461,894,547
8910,4,Focused,0.978,359,555,703,1006
8910,5,Focused,0.923,1550,539,1898,891
8910,1,Focused,0.978,817,520,1178,949
8910,2,Focused,0.98,1426,443,1613,661
8910,13,Focused,0.985,1178,440,1361,682
8910,19,Focused,0.981,659,386,809,593
8910,16,Focused,0.985,798,435,973,682
8910,6,Focused,0.982,569,442,726,608
8910,22,Focused,0.938,845,385,954,546
8910,10,Focused,0.964,1878,690,1919,822
8910,9,Focused,0.977,60,415,315,703
8940,5,Focused,0.83,1588,534,1899,881
8940,4,Focused,0.977,359,556,696,969
8940,1,Focused,0.968,818,518,1155,944
8940,2,Focused,0.979,1426,443,1612,662
8940,13,Focused,0.984,1177,439,1361,682
8940,19,Focused,0.982,660,386,810,593
8940,22,Focused,0.97,835,383,935,551
8940,6,Focused,0.984,558,443,725,642
8940,16,Focused,0.985,798,436,973,682
8940,10,Focused,0.832,1879,689,1919,821
8940,9,Focused,0.975,57,415,317,704
8970,2,Focused,0.973,1426,443,1613,662
8970,1,Focused,0.656,815,519,1152,944
8970,5,Focused,0.68,1593,541,1896,880
8970,4,Focused,0.97,359,561,700,968
8970,13,Focused,0.977,1178,437,1363,686
8970,19,Focused,0.979,660,386,809,593
8970,22,Focused,0.715,808,364,918,571
8970,16,Focused,0.981,796,432,953,681
8970,10,Focused,0.923,1879,690,1919,822
8970,9,Focused,0.978,58,415,319,704
8970,6,Focused,0.979,571,443,724,605
9000,5,Focused,0.558,1587,535,1894,879
9000,1,Focused,0.508,815,520,1152,944
9000,2,Focused,0.966,1426,443,1612,649
9000,13,Focused,0.959,1178,438,1362,687
9000,4,Focused,0.959,367,560,700,987
9000,19,Focused,0.979,669,386,819,596
9000,16,Focused,0.975,797,433,960,679
9000,10,Using Phone,0.334,1875,654,1919,820
9000,6,Focused,0.98,550,452,723,605
9000,26,Unknown,0.0,455,453,724,696
9000,9,Focused,0.98,60,415,320,704
9000,22,Focused,0.963,830,377,939,539
9030,5,Focused,0.775,1586,537,1895,879
9030,1,Using Phone,0.494,816,516,1156,947
9030,4,Focused,0.974,365,543,699,968
9030,2,Focused,0.97,1429,443,1619,653
9030,13,Focused,0.899,1178,441,1361,690
9030,19,Focused,0.983,693,386,821,586
9030,6,Focused,0.986,568,438,729,606
9030,16,Focused,0.982,798,435,966,683
9030,10,Using Phone,0.334,1863,659,1919,820
9030,22,Focused,0.985,827,378,941,554
9030,9,Focused,0.979,60,415,320,704
9060,5,Focused,0.77,1615,537,1899,880
9060,1,Focused,0.531,821,509,1135,948
9060,13,Focused,0.84,1177,438,1361,689
9060,4,Focused,0.896,354,562,698,968
9060,2,Focused,0.968,1428,443,1636,651
9060,19,Focused,0.986,660,383,796,579
9060,26,Unknown,0.0,485,432,738,680
9060,16,Focused,0.935,797,434,965,681
9060,22,Focused,0.967,813,379,931,573
9060,10,Using Phone,0.334,1886,702,1919,822
9060,9,Focused,0.978,60,415,321,704
9090,5,Focused,0.917,1613,542,1897,881
9090,4,Focused,0.926,358,567,703,968
9090,1,Focused,0.558,817,507,1125,951
9090,13,Focused,0.822,1178,438,1362,689
9090,2,Focused,0.973,1426,444,1610,659
9090,19,Focused,0.979,662,385,791,600
9090,26,Unknown,0.0,512,417,739,634
9090,22,Focused,0.952,815,378,921,575
9090,16,Focused,0.916,797,439,973,680
9090,10,Using Phone,0.334,1885,704,1919,821
9090,9,Focused,0.978,61,415,322,704
9120,5,Focused,0.944,1554,543,1897,892
9120,2,Focused,0.974,1425,444,1618,658
9120,1,Focused,0.579,816,508,1153,948
9120,13,Focused,0.817,1177,437,1362,690
9120,4,Focused,0.927,358,565,698,967
9120,19,Focused,0.963,669,389,813,600
9120,26,Unknown,0.0,508,431,741,641
9120,22,Focused,0.972,811,397,903,573
9120,16,Focused,0.983,798,437,959,681
9120,10,Using Phone,0.334,1884,704,1919,821
9120,9,Focused,0.977,60,414,321,704
9150,5,Focused,0.625,1554,542,1896,893
9150,1,Using Phone,0.492,816,511,1152,945
9150,13,Focused,0.849,1173,441,1363,691
9150,2,Focused,0.975,1425,443,1614,653
9150,19,Focused,0.97,667,391,822,588
9150,4,Focused,0.972,374,544,703,967
9150,22,Focused,0.97,818,377,968,538
9150,26,Focused,0.954,480,431,740,680
9150,16,Focused,0.965,765,490,933,670
9150,10,Using Phone,0.334,1885,705,1919,822
9150,9,Focused,0.979,61,414,321,704
9180,5,Focused,0.955,1554,540,1896,895
9180,1,Focused,0.515,804,510,1158,949
9180,13,Focused,0.896,1178,441,1362,691
9180,2,Focused,0.979,1438,447,1613,650
9180,4,Focused,0.977,366,549,701,968
9180,19,Focused,0.979,666,395,814,587
9180,16,Focused,0.971,754,382,957,675
9180,6,Focused,0.982,511,432,737,629
9180,10,Using Phone,0.334,1883,698,1919,822
9180,26,Focused,0.955,482,432,736,682
9180,9,Focused,0.98,60,415,319,703
9180,20,Focused,0.868,874,371,967,509
9210,5,Focused,0.8,1557,537,1894,906
9210,2,Focused,0.98,1427,443,1613,662
9210,1,Focused,0.599,811,513,1153,949
9210,13,Focused,0.88,1176,442,1362,692
9210,4,Focused,0.949,373,550,707,967
9210,19,Focused,0.978,670,396,816,585
9210,26,Focused,0.521,490,429,737,680
9210,16,Focused,0.644,773,381,940,675
9210,10,Using Phone,0.334,1875,679,1919,819
9210,9,Focused,0.98,59,416,329,704
9240,5,Focused,0.599,1557,538,1895,901
9240,2,Focused,0.962,1426,443,1612,662
9240,1,Focused,0.618,808,514,1150,950
9240,26,Focused,0.52,491,427,736,678
9240,4,Focused,0.937,374,550,709,967
9240,19,Focused,0.977,666,397,837,586
9240,22,Focused,0.965,819,378,924,573
9240,13,Focused,0.9,1174,440,1361,692
9240,16,Focused,0.966,799,435,1004,682
9240,10,Using Phone,0.334,1881,701,1919,821
9240,9,Focused,0.98,59,415,328,704
9270,1,Focused,0.83,795,513,1187,955
9270,5,Focused,0.496,1555,545,1900,893
9270,2,Focused,0.967,1426,443,1614,661
9270,13,Focused,0.944,1174,440,1361,693
9270,4,Focused,0.973,371,550,706,967
9270,19,Focused,0.979,667,399,856,591
9270,26,Focused,0.944,489,429,738,680
9270,22,Focused,0.971,837,379,935,560
9270,10,Using Phone,0.334,1884,700,1919,822
9270,9,Focused,0.98,57,416,324,703
9270,27,Unknown,0.0,1340,741,1463,930
9300,5,Focused,0.681,1554,550,1897,893
9300,1,Focused,0.627,808,515,1154,961
9300,2,Focused,0.966,1426,444,1612,661
9300,4,Focused,0.977,366,551,695,966
9300,19,Focused,0.982,665,386,828,589
9300,22,Focused,0.823,821,378,930,577
9300,6,Focused,0.968,537,429,740,632
9300,28,Unknown,0.0,917,442,1075,631
9300,27,Unknown,0.0,1341,742,1462,929
9300,13,Focused,0.964,1178,439,1359,691
9300,10,Using Phone,0.334,1881,696,1919,821
9300,9,Focused,0.98,61,418,329,703
9330,5,Focused,0.68,1552,556,1897,893
9330,4,Focused,0.941,374,546,695,968
9330,1,Focused,0.566,810,517,1151,958
9330,2,Focused,0.97,1435,444,1632,651
9330,19,Focused,0.984,665,391,833,589
9330,16,Focused,0.936,809,426,1078,690
9330,22,Focused,0.981,818,378,926,575
9330,13,Focused,0.959,1179,437,1361,691
9330,6,Focused,0.974,549,429,739,628
9330,10,Using Phone,0.334,1881,698,1919,821
9330,9,Focused,0.981,59,416,326,703
9330,27,Unknown,0.0,1340,742,1462,930
9360,5,Focused,0.928,1557,542,1896,899
9360,2,Focused,0.969,1426,446,1616,661
9360,1,Focused,0.635,812,510,1153,961
9360,4,Focused,0.95,379,551,709,984
9360,26,Focused,0.872,495,430,737,674
9360,19,Focused,0.963,666,389,834,588
9360,22,Focused,0.985,819,378,924,575
9360,13,Focused,0.965,1176,439,1360,692
9360,10,Using Phone,0.334,1880,697,1919,821
9360,16,Focused,0.924,813,436,1061,691
9360,9,Focused,0.981,60,416,314,704
9360,27,Unknown,0.0,1338,741,1462,930
9390,5,Focused,0.89,1551,544,1896,898
9390,2,Focused,0.971,1426,445,1616,661
9390,1,Focused,0.58,798,514,1149,958
9390,4,Focused,0.963,381,548,711,991
9390,19,Focused,0.703,663,389,836,589
9390,26,Focused,0.967,494,431,738,680
9390,22,Focused,0.986,819,379,929,572
9390,13,Focused,0.978,1178,440,1360,690
9390,10,Using Phone,0.334,1880,697,1919,821
9390,27,Focused,0.57,1339,741,1463,931
9390,9,Focused,0.981,59,416,316,704
9390,16,Focused,0.969,811,444,1087,691
9390,28,Unknown,0.0,920,445,1086,641
9420,5,Focused,0.683,1552,542,1895,901
9420,2,Focused,0.969,1426,445,1615,661
9420,1,Focused,0.533,798,515,1149,959
9420,4,Focused,0.9,372,544,705,969
9420,19,Focused,0.878,662,389,833,589
9420,22,Focused,0.986,822,379,925,570
9420,13,Focused,0.981,1175,439,1361,692
9420,16,Focused,0.961,809,442,1087,691
9420,10,Using Phone,0.334,1880,698,1919,822
9420,9,Focused,0.981,60,416,317,704
9420,6,Focused,0.928,553,428,738,610
9420,27,Focused,0.943,1339,741,1463,931
9420,26,Focused,0.959,498,429,737,678
9420,11,Focused,0.981,64,811,307,1075
9450,2,Focused,0.968,1425,446,1615,662
9450,5,Focused,0.702,1550,557,1896,892
9450,4,Focused,0.914,365,561,693,971
9450,1,Focused,0.567,796,519,1150,959
9450,19,Focused,0.639,629,384,814,591
9450,26,Focused,0.97,525,428,738,686
9450,22,Focused,0.982,819,379,919,552
9450,16,Focused,0.862,813,399,978,683
9450,27,Focused,0.802,1341,741,1461,926
9450,13,Focused,0.946,1175,443,1358,692
9450,10,Using Phone,0.334,1880,693,1919,823
9450,9,Focused,0.981,60,415,316,704
9450,11,Focused,0.96,64,810,306,1075
9480,4,Focused,0.958,365,579,692,970
9480,2,Focused,0.973,1426,445,1615,661
9480,5,Focused,0.942,1551,549,1898,891
9480,1,Focused,0.639,795,517,1147,959
9480,26,Focused,0.973,512,432,737,657
9480,19,Focused,0.722,670,392,839,595
9480,22,Focused,0.984,817,378,924,568
9480,13,Focused,0.975,1175,440,1359,690
9480,16,Focused,0.932,810,443,1009,691
9480,10,Using Phone,0.334,1882,697,1919,822
9480,27,Focused,0.956,1339,741,1466,932
9480,9,Focused,0.981,59,416,316,704
9480,11,Focused,0.945,65,810,307,1076
9510,5,Focused,0.556,1550,550,1896,893
9510,2,Focused,0.974,1426,445,1615,661
9510,1,Focused,0.655,795,516,1147,959
9510,4,Focused,0.95,367,579,689,970
9510,19,Focused,0.859,683,407,841,594
9510,26,Focused,0.973,487,441,733,683
9510,22,Focused,0.982,817,378,924,567
9510,27,Focused,0.919,1341,742,1465,928
9510,16,Focused,0.986,807,438,1096,696
9510,10,Using Phone,0.334,1881,697,1919,823
9510,9,Focused,0.98,59,416,317,704
9510,13,Focused,0.982,1175,440,1358,691
9510,11,Focused,0.976,65,810,306,1075
9540,2,Focused,0.976,1426,445,1618,661
9540,5,Focused,0.871,1551,551,1896,891
9540,1,Focused,0.738,795,521,1147,959
9540,4,Focused,0.966,361,567,701,969
9540,19,Focused,0.98,662,408,841,595
9540,26,Focused,0.966,487,429,739,681
9540,22,Focused,0.98,817,378,929,559
9540,16,Focused,0.985,808,436,1091,691
9540,27,Focused,0.968,1340,741,1466,930
9540,10,Using Phone,0.334,1879,692,1919,823
9540,13,Focused,0.983,1174,440,1354,692
9540,9,Focused,0.98,60,416,317,704
9540,11,Focused,0.979,65,810,306,1075
9570,5,Focused,0.986,1550,545,1897,892
9570,4,Focused,0.972,356,569,697,969
9570,1,Focused,0.833,794,517,1149,959
9570,19,Focused,0.978,663,411,841,595
9570,2,Focused,0.976,1437,446,1632,650
9570,22,Focused,0.978,816,379,923,563
9570,6,Focused,0.979,519,425,744,635
9570,27,Chatting,0.385,1341,742,1466,929
9570,16,Focused,0.968,806,434,1095,696
9570,10,Using Phone,0.334,1884,705,1919,822
9570,9,Focused,0.979,57,417,317,704
9570,13,Focused,0.968,1174,440,1356,690
9570,11,Focused,0.973,64,811,306,1075
9600,5,Focused,0.982,1551,541,1899,890
9600,1,Focused,0.852,794,520,1148,959
9600,4,Focused,0.971,367,563,701,968
9600,2,Focused,0.969,1429,444,1638,662
9600,19,Focused,0.983,662,411,841,595
9600,22,Focused,0.982,817,378,924,566
9600,16,Focused,0.863,809,441,1091,691
9600,27,Focused,0.689,1342,742,1469,930
9600,6,Focused,0.979,511,427,738,631
9600,10,Using Phone,0.334,1888,710,1919,820
9600,9,Focused,0.979,60,418,317,704
9600,11,Focused,0.959,63,811,307,1075
9630,5,Focused,0.627,1551,541,1896,890
9630,4,Focused,0.974,375,566,693,968
9630,1,Focused,0.564,794,520,1147,959
9630,2,Focused,0.956,1426,446,1611,662
9630,19,Focused,0.984,663,411,841,594
9630,27,Focused,0.914,1341,742,1471,932
9630,22,Focused,0.98,817,376,941,569
9630,6,Focused,0.986,516,419,737,623
9630,16,Focused,0.978,807,440,1090,691
9630,10,Using Phone,0.334,1881,700,1919,822
9630,9,Focused,0.979,60,417,317,704
9630,11,Focused,0.936,63,811,307,1075
9660,5,Focused,0.717,1549,543,1897,892
9660,1,Focused,0.559,792,516,1146,959
9660,2,Focused,0.946,1427,445,1611,661
9660,4,Focused,0.964,371,575,694,967
9660,19,Focused,0.83,662,411,842,595
9660,26,Focused,0.77,492,429,735,686
9660,27,Focused,0.95,1341,742,1473,932
9660,10,Using Phone,0.334,1881,699,1919,822
9660,9,Focused,0.979,58,416,317,703
9660,16,Focused,0.735,809,429,1094,691
9690,5,Focused,0.927,1551,539,1896,894
9690,1,Focused,0.558,790,519,1152,958
9690,2,Focused,0.957,1428,445,1625,654
9690,4,Focused,0.959,376,554,708,971
9690,26,Focused,0.975,491,428,737,677
9690,19,Focused,0.801,661,411,842,594
9690,27,Focused,0.981,1341,742,1472,931
9690,28,Unknown,0.0,919,435,1092,641
9690,10,Using Phone,0.334,1880,699,1919,821
9690,22,Focused,0.985,844,413,982,574
9690,9,Focused,0.979,59,418,315,703
9720,5,Focused,0.543,1550,545,1897,892
9720,1,Focused,0.611,792,519,1147,959
9720,4,Focused,0.957,364,553,713,970
9720,19,Focused,0.858,656,395,843,595
9720,26,Focused,0.956,494,426,738,673
9720,2,Focused,0.954,1435,445,1633,654
9720,16,Focused,0.733,825,406,1035,682
9720,27,Focused,0.983,1339,742,1475,933
9720,10,Using Phone,0.334,1881,701,1919,821
9720,9,Focused,0.98,58,417,327,703
9720,13,Focused,0.974,1183,446,1356,674
9750,5,Focused,0.819,1551,541,1897,890
9750,2,Focused,0.965,1428,445,1616,661
9750,1,Focused,0.603,793,517,1147,959
9750,26,Focused,0.975,509,428,736,670
9750,4,Focused,0.927,364,549,713,971
9750,19,Focused,0.889,653,397,842,594
9750,20,Focused,0.948,816,376,931,571
9750,27,Focused,0.983,1338,742,1475,933
9750,10,Focused,0.271,1881,701,1919,821
9750,16,Focused,0.971,808,440,1097,696
9750,9,Focused,0.979,59,418,329,704
9780,5,Focused,0.902,1550,542,1896,895
9780,4,Focused,0.97,360,530,705,967
9780,2,Focused,0.968,1428,446,1609,663
9780,1,Focused,0.63,793,519,1146,959
9780,26,Focused,0.977,548,425,736,676
9780,19,Focused,0.838,638,390,818,596
9780,20,Focused,0.985,810,378,928,576
9780,27,Focused,0.965,1341,743,1474,932
9780,16,Focused,0.985,807,440,1096,696
9780,10,Focused,0.349,1881,702,1919,822
9780,9,Focused,0.977,60,418,328,703
9810,5,Focused,0.897,1551,540,1895,895
9810,4,Focused,0.951,355,553,692,967
9810,1,Focused,0.644,792,522,1146,958
9810,26,Focused,0.971,522,428,728,685
9810,20,Focused,0.984,816,379,934,578
9810,19,Focused,0.897,666,392,818,594
9810,2,Focused,0.965,1438,445,1632,651
9810,27,Focused,0.953,1341,742,1473,933
9810,28,Unknown,0.0,922,442,1098,638
9810,10,Focused,0.613,1878,691,1919,818
9810,9,Focused,0.978,59,417,328,703
9840,5,Focused,0.886,1551,545,1896,891
9840,2,Focused,0.956,1427,446,1615,662
9840,1,Focused,0.629,794,518,1146,959
9840,19,Focused,0.965,654,392,820,596
9840,20,Focused,0.983,816,379,931,578
9840,26,Focused,0.843,496,418,737,679
9840,4,Focused,0.938,362,590,706,966
9840,27,Focused,0.762,1338,742,1475,934
9840,10,Focused,0.837,1878,691,1919,819
9840,9,Focused,0.977,61,416,318,703
9840,16,Focused,0.975,811,445,1097,692
9840,28,Focused,0.744,926,445,1097,641
9870,5,Focused,0.967,1551,542,1895,893
9870,26,Focused,0.828,522,423,736,687
9870,1,Focused,0.6,794,520,1146,959
9870,4,Focused,0.87,356,569,701,967
9870,19,Focused,0.945,668,396,826,596
9870,20,Focused,0.981,821,379,929,577
9870,2,Focused,0.961,1439,444,1622,652
9870,27,Focused,0.897,1341,741,1472,933
9870,10,Focused,0.922,1874,675,1919,818
9870,16,Focused,0.911,808,436,1100,696
9870,9,Focused,0.974,60,416,320,704
9900,4,Focused,0.829,364,570,709,966
9900,5,Focused,0.974,1557,538,1895,906
9900,1,Focused,0.663,805,507,1155,959
9900,19,Focused,0.888,661,398,826,596
9900,2,Focused,0.956,1439,444,1632,653
9900,20,Focused,0.978,821,379,923,567
9900,6,Focused,0.986,511,425,737,632
9900,28,Focused,0.857,911,417,1088,642
9900,27,Focused,0.927,1338,741,1475,933
9900,10,Focused,0.273,1880,689,1919,822
9900,9,Focused,0.98,59,416,321,704
9930,5,Focused,0.818,1553,539,1896,890
9930,2,Focused,0.965,1428,445,1634,663
9930,26,Focused,0.961,512,424,737,667
9930,1,Focused,0.593,802,512,1148,957
9930,4,Focused,0.942,397,572,698,964
9930,19,Focused,0.885,668,395,824,595
9930,20,Focused,0.984,820,379,924,574
9930,13,Focused,0.938,1146,406,1358,670
9930,16,Focused,0.978,805,443,1005,683
9930,10,Focused,0.356,1881,698,1919,822
9930,9,Focused,0.98,59,416,322,704
9960,2,Focused,0.968,1428,446,1616,662
9960,5,Focused,0.913,1551,540,1895,891
9960,1,Focused,0.601,803,512,1148,956
9960,13,Focused,0.938,1181,419,1366,695
9960,19,Focused,0.807,666,393,826,596
9960,20,Focused,0.983,820,378,925,566
9960,26,Focused,0.775,484,435,737,683
9960,4,Focused,0.911,398,583,699,965
9960,16,Focused,0.865,804,445,1089,684
9960,10,Focused,0.762,1883,707,1918,821
9960,9,Focused,0.98,60,416,322,704
9990,5,Focused,0.881,1550,541,1896,917
9990,1,Focused,0.607,799,515,1147,959
9990,13,Focused,0.976,1181,421,1365,693
9990,19,Focused,0.847,662,391,824,601
9990,4,Focused,0.94,399,579,700,964
9990,2,Focused,0.973,1438,445,1631,652
9990,20,Focused,0.984,820,379,924,566
9990,26,Focused,0.764,492,430,738,683
9990,16,Focused,0.986,804,445,1003,682
9990,10,Focused,0.941,1882,704,1918,822
9990,9,Focused,0.98,60,416,322,704
10020,5,Focused,0.963,1550,543,1896,890
10020,2,Focused,0.975,1428,445,1613,661
10020,19,Focused,0.872,663,395,838,591
10020,1,Focused,0.943,799,516,1146,959
10020,13,Focused,0.985,1180,420,1365,694
10020,4,Focused,0.963,397,585,696,964
10020,26,Focused,0.958,493,434,738,675
10020,20,Focused,0.975,819,379,924,545
10020,16,Focused,0.986,803,447,1085,683
10020,10,Focused,0.967,1882,705,1919,822
10020,9,Focused,0.98,60,416,322,704
10050,5,Focused,0.973,1548,543,1896,889
10050,2,Focused,0.976,1428,445,1613,662
10050,1,Focused,0.982,798,516,1147,958
10050,19,Focused,0.978,662,401,821,592
10050,26,Focused,0.875,511,434,740,667
10050,4,Focused,0.969,396,577,695,964
10050,13,Focused,0.985,1180,421,1365,693
10050,20,Focused,0.982,818,379,924,569
10050,16,Focused,0.983,803,446,1087,685
10050,10,Focused,0.81,1882,705,1918,822
10050,9,Focused,0.979,60,416,321,703
10080,5,Focused,0.854,1550,540,1897,891
10080,2,Focused,0.968,1428,445,1613,662
10080,19,Focused,0.952,664,401,825,593
10080,26,Focused,0.884,515,428,737,693
10080,1,Focused,0.557,798,514,1147,958
10080,4,Focused,0.86,380,580,704,967
10080,13,Focused,0.953,1180,420,1364,692
10080,20,Focused,0.985,818,379,924,568
10080,16,Focused,0.987,803,446,1087,685
10080,10,Focused,0.94,1883,705,1919,823
10080,9,Focused,0.975,59,416,322,704
10110,5,Focused,0.959,1550,543,1896,892
10110,2,Focused,0.965,1428,445,1613,662
10110,19,Focused,0.977,660,396,824,592
10110,1,Focused,0.602,798,545,1146,959
10110,4,Focused,0.914,384,578,723,991
10110,26,Focused,0.97,491,423,738,693
10110,13,Focused,0.922,1181,423,1365,693
10110,20,Focused,0.985,818,379,923,568
10110,16,Focused,0.974,804,445,1003,686
10110,10,Focused,0.536,1882,705,1918,822
10110,9,Focused,0.98,59,416,320,704
10140,5,Focused,0.961,1551,543,1888,891
10140,2,Focused,0.967,1428,445,1612,661
10140,1,Focused,0.742,797,531,1155,959
10140,4,Focused,0.97,366,565,717,969
10140,19,Focused,0.983,669,383,817,585
10140,13,Focused,0.958,1181,422,1364,694
10140,20,Focused,0.986,816,379,924,570
10140,26,Focused,0.962,493,430,738,687
10140,16,Focused,0.981,803,446,1006,684
10140,10,Focused,0.849,1880,705,1919,823
10140,9,Focused,0.979,56,418,332,703
10170,5,Focused,0.97,1550,542,1893,892
10170,2,Focused,0.975,1427,445,1613,661
10170,1,Focused,0.973,797,516,1152,959
10170,26,Focused,0.936,500,423,737,687
10170,13,Focused,0.976,1182,422,1365,694
10170,4,Focused,0.978,360,577,721,969
10170,20,Focused,0.986,815,379,923,576
10170,16,Focused,0.984,803,437,1086,683
10170,19,Focused,0.98,659,433,750,577
10170,10,Focused,0.952,1882,704,1919,823
10170,9,Focused,0.971,58,418,328,703
10200,5,Focused,0.977,1550,543,1892,893
10200,1,Focused,0.983,798,521,1166,960
10200,2,Focused,0.978,1428,446,1613,663
10200,13,Focused,0.981,1181,422,1364,693
10200,26,Focused,0.984,497,428,738,688
10200,20,Focused,0.986,815,379,926,576
10200,4,Focused,0.98,369,592,717,969
10200,19,Focused,0.983,668,381,815,581
10200,16,Focused,0.986,802,451,1007,686
10200,10,Focused,0.969,1882,705,1919,822
10200,9,Focused,0.758,48,416,328,692
10230,2,Focused,0.941,1428,449,1615,663
10230,1,Focused,0.981,798,533,1167,960
10230,5,Focused,0.969,1541,538,1893,923
10230,4,Focused,0.978,364,582,717,969
10230,13,Focused,0.894,1182,421,1364,693
10230,6,Focused,0.981,508,420,738,643
10230,19,Focused,0.76,662,389,839,586
10230,20,Focused,0.984,818,379,925,554
10230,16,Focused,0.98,803,450,1007,686
10230,10,Focused,0.759,1884,707,1919,822
10230,9,Focused,0.98,55,418,327,704
10260,2,Focused,0.967,1428,444,1634,663
10260,5,Focused,0.614,1538,542,1893,894
10260,1,Focused,0.654,798,523,1161,960
10260,13,Focused,0.855,1178,418,1364,694
10260,26,Focused,0.985,497,414,733,686
10260,4,Focused,0.946,364,596,710,969
10260,19,Focused,0.977,649,396,846,588
10260,20,Focused,0.982,819,379,925,539
10260,16,Focused,0.975,803,451,1006,684
10260,10,Focused,0.936,1880,699,1919,823
10260,9,Focused,0.98,55,419,327,703
10290,5,Focused,0.763,1546,539,1892,892
10290,1,Focused,0.565,798,523,1160,960
10290,2,Focused,0.97,1437,445,1633,652
10290,13,Focused,0.857,1181,422,1364,694
10290,19,Focused,0.982,662,392,845,589
10290,26,Focused,0.876,522,429,739,706
10290,4,Focused,0.9,402,550,666,965
10290,16,Focused,0.984,803,450,1006,683
10290,20,Focused,0.983,819,376,925,541
10290,10,Focused,0.963,1881,701,1919,823
10290,9,Focused,0.979,55,419,327,703
10320,5,Focused,0.786,1545,539,1892,915
10320,2,Focused,0.972,1429,443,1634,663
10320,1,Focused,0.554,798,514,1148,959
10320,13,Focused,0.94,1181,417,1365,694
10320,26,Focused,0.712,513,426,738,697
10320,4,Focused,0.952,383,582,667,962
10320,19,Focused,0.974,661,393,844,588
10320,20,Focused,0.979,816,378,926,543
10320,10,Focused,0.902,1881,699,1919,823
10320,16,Focused,0.984,802,445,1090,687
10320,9,Focused,0.982,54,417,366,713
10320,11,Focused,0.941,67,809,311,1068
10350,5,Focused,0.698,1545,538,1893,893
10350,26,Focused,0.746,514,422,738,696
10350,4,Focused,0.971,361,565,626,965
10350,1,Focused,0.65,798,511,1149,959
10350,13,Focused,0.983,1182,422,1364,693
10350,19,Focused,0.986,658,390,841,586
10350,2,Focused,0.977,1445,444,1632,651
10350,20,Focused,0.988,819,377,925,540
10350,10,Focused,0.942,1880,701,1919,822
10350,9,Focused,0.982,33,427,322,708
10350,28,Using Phone,0.447,916,448,1085,640
10350,16,Focused,0.984,804,448,1087,683
10350,11,Focused,0.945,68,809,309,1068
10380,5,Focused,0.866,1544,540,1893,890
10380,2,Focused,0.979,1428,444,1634,662
10380,1,Focused,0.563,805,511,1149,959
10380,13,Focused,0.985,1182,421,1365,692
10380,4,Focused,0.967,412,612,688,965
10380,19,Focused,0.986,656,389,841,587
10380,26,Focused,0.51,494,423,735,691
10380,20,Focused,0.988,819,377,925,539
10380,10,Using Phone,0.334,1880,700,1919,823
10380,9,Focused,0.979,32,427,327,707
10380,16,Focused,0.985,801,447,1087,686
10380,28,Focused,0.97,916,447,1086,640
10380,11,Focused,0.976,68,809,310,1067
10410,5,Focused,0.719,1544,542,1892,893
10410,1,Focused,0.522,807,516,1147,972
10410,2,Focused,0.95,1428,444,1634,663
10410,19,Focused,0.985,677,389,841,586
10410,13,Focused,0.869,1181,422,1364,692
10410,4,Focused,0.855,346,618,699,967
10410,26,Focused,0.78,496,430,735,674
10410,20,Focused,0.987,819,377,924,543
10410,16,Focused,0.978,805,448,1003,683
10410,10,Using Phone,0.334,1880,702,1919,822
10410,9,Focused,0.98,33,427,326,707
10410,11,Focused,0.973,68,809,308,1067
10440,5,Focused,0.541,1545,537,1892,909
10440,4,Focused,0.859,360,569,695,967
10440,1,Focused,0.5,806,514,1147,974
10440,2,Focused,0.96,1428,444,1634,662
10440,13,Focused,0.855,1181,421,1364,692
10440,19,Focused,0.982,654,388,842,586
10440,6,Focused,0.962,511,420,737,631
10440,20,Focused,0.986,819,378,925,543
10440,16,Focused,0.985,803,449,1001,683
10440,10,Using Phone,0.334,1879,700,1919,822
10440,9,Focused,0.984,33,427,327,707
10440,11,Focused,0.957,68,809,309,1067
10470,1,Focused,0.536,809,526,1148,973
10470,2,Focused,0.955,1428,444,1634,662
10470,4,Focused,0.74,349,568,689,968
10470,5,Focused,0.845,1543,544,1892,890
10470,13,Focused,0.839,1182,420,1364,693
10470,19,Focused,0.983,661,388,842,586
10470,20,Focused,0.986,818,377,923,538
10470,16,Focused,0.976,803,447,1006,684
10470,6,Focused,0.934,503,426,739,612
10470,10,Focused,0.339,1873,681,1919,822
10470,9,Focused,0.984,49,418,322,702
10500,4,Focused,0.837,366,559,687,967
10500,5,Focused,0.736,1546,543,1892,893
10500,2,Focused,0.967,1428,444,1635,662
10500,1,Focused,0.578,807,529,1153,969
10500,13,Focused,0.901,1183,422,1363,695
10500,19,Focused,0.985,659,388,841,585
10500,6,Focused,0.873,520,426,737,618
10500,16,Focused,0.981,803,447,1005,684
10500,20,Focused,0.986,819,377,924,546
10500,10,Focused,0.773,1875,686,1919,822
10500,9,Focused,0.985,51,416,325,702
10530,2,Focused,0.972,1428,444,1634,662
10530,1,Focused,0.665,798,524,1164,959
10530,5,Focused,0.905,1541,548,1893,924
10530,4,Focused,0.974,368,548,675,968
10530,19,Focused,0.985,661,392,842,588
10530,13,Focused,0.933,1182,422,1364,692
10530,20,Focused,0.987,818,377,925,543
10530,6,Focused,0.983,540,426,738,613
10530,16,Focused,0.961,803,448,1007,684
10530,10,Focused,0.955,1876,686,1919,822
10530,9,Focused,0.985,50,416,323,702
10560,1,Focused,0.866,796,519,1165,959
10560,5,Focused,0.92,1543,544,1892,894
10560,4,Focused,0.841,359,552,683,967
10560,2,Focused,0.976,1428,443,1634,662
10560,19,Focused,0.986,661,390,839,587
10560,13,Focused,0.98,1181,424,1364,693
10560,20,Focused,0.988,819,378,917,551
10560,6,Focused,0.986,521,427,738,615
10560,16,Focused,0.984,811,418,995,692
10560,10,Focused,0.973,1880,699,1919,822
10560,9,Focused,0.982,51,417,323,702
10590,5,Focused,0.966,1547,537,1892,893
10590,1,Focused,0.957,797,518,1162,959
10590,2,Focused,0.978,1428,444,1630,662
10590,4,Focused,0.763,360,559,704,966
10590,19,Focused,0.986,662,389,841,588
10590,13,Focused,0.986,1181,425,1364,693
10590,26,Focused,0.579,519,426,738,666
10590,20,Focused,0.987,818,378,917,563
10590,16,Focused,0.987,811,412,996,690
10590,10,Focused,0.976,1880,700,1919,822
10590,9,Focused,0.98,50,417,324,702
10620,1,Focused,0.977,794,501,1153,956
10620,26,Looking Away,0.465,519,428,737,683
10620,5,Focused,0.965,1538,545,1893,890
10620,2,Focused,0.974,1428,444,1631,662
10620,19,Focused,0.984,664,387,840,588
10620,13,Focused,0.985,1182,423,1364,692
10620,4,Focused,0.942,339,568,705,970
10620,20,Focused,0.986,818,377,917,569
10620,28,Focused,0.976,912,431,1086,640
10620,10,Focused,0.962,1879,699,1919,822
10620,9,Focused,0.977,57,416,312,704
10650,1,Focused,0.891,803,512,1163,972
10650,19,Focused,0.985,669,380,829,585
10650,5,Focused,0.937,1541,543,1893,889
10650,4,Focused,0.966,342,553,705,968
10650,13,Focused,0.985,1182,422,1364,692
10650,20,Focused,0.985,818,377,919,575
10650,2,Focused,0.727,1437,444,1632,655
10650,6,Focused,0.987,537,431,738,634
10650,10,Focused,0.638,1881,704,1919,823
10650,9,Focused,0.982,55,416,313,704
10650,16,Focused,0.986,810,429,1088,689
10680,5,Focused,0.923,1540,544,1893,918
10680,26,Looking Away,0.577,500,423,736,679
10680,1,Focused,0.602,800,513,1149,958
10680,19,Focused,0.981,658,377,814,580
10680,13,Focused,0.908,1181,421,1365,691
10680,20,Focused,0.953,817,379,921,577
10680,2,Focused,0.959,1436,444,1633,652
10680,4,Focused,0.671,378,552,710,968
10680,10,Focused,0.88,1882,704,1919,822
10680,9,Focused,0.979,56,416,315,704
10680,16,Focused,0.984,810,435,1090,691
10680,28,Focused,0.984,917,435,1089,640
10710,5,Focused,0.926,1542,541,1895,899
10710,1,Focused,0.723,801,518,1150,958
10710,13,Focused,0.964,1182,423,1362,693
10710,2,Focused,0.964,1437,444,1632,652
10710,4,Focused,0.929,373,552,714,967
10710,26,Focused,0.717,500,426,737,672
10710,19,Focused,0.978,653,387,785,580
10710,10,Focused,0.943,1882,705,1918,823
10710,16,Focused,0.942,753,387,1090,674
10710,9,Focused,0.979,57,416,317,703
10710,28,Focused,0.953,997,430,1092,584
10740,5,Focused,0.963,1538,538,1895,894
10740,1,Focused,0.94,801,516,1149,958
10740,26,Focused,0.668,510,435,736,673
10740,19,Focused,0.977,675,389,836,587
10740,4,Focused,0.984,378,549,712,967
10740,2,Focused,0.971,1437,444,1632,652
10740,13,Focused,0.981,1183,423,1364,690
10740,20,Focused,0.706,819,379,920,547
10740,10,Focused,0.961,1880,695,1919,821
10740,9,Focused,0.978,56,416,319,703
10740,16,Focused,0.974,812,419,1183,691
10770,5,Focused,0.901,1539,542,1892,892
10770,1,Focused,0.977,800,513,1149,958
10770,19,Focused,0.963,671,398,836,587
10770,13,Focused,0.985,1182,423,1363,691
10770,2,Focused,0.97,1438,444,1632,653
10770,20,Focused,0.969,819,379,929,577
10770,26,Focused,0.713,497,431,736,677
10770,4,Focused,0.972,374,552,711,967
10770,10,Using Phone,0.334,1878,692,1919,821
10770,16,Focused,0.981,809,440,1095,696
10770,9,Focused,0.981,55,416,317,704
10800,5,Focused,0.622,1539,540,1893,889
10800,1,Focused,0.58,798,526,1156,959
10800,13,Focused,0.986,1180,418,1367,694
10800,19,Focused,0.885,653,399,836,587
10800,26,Focused,0.64,496,424,737,674
10800,2,Focused,0.97,1438,444,1633,653
10800,4,Focused,0.908,378,549,713,966
10800,20,Focused,0.959,818,379,926,577
10800,16,Focused,0.979,809,434,1008,695
10800,10,Using Phone,0.334,1879,693,1919,822
10800,9,Focused,0.981,56,416,319,704
10830,5,Focused,0.599,1541,542,1893,889
10830,1,Focused,0.536,798,524,1157,959
10830,19,Focused,0.974,660,395,839,588
10830,2,Focused,0.973,1438,445,1633,651
10830,13,Focused,0.97,1180,420,1369,683
10830,4,Focused,0.806,378,550,711,967
10830,26,Focused,0.975,493,432,736,676
10830,16,Focused,0.966,809,439,1007,694
10830,20,Focused,0.978,846,388,974,572
10830,10,Using Phone,0.334,1879,694,1919,822
10830,9,Focused,0.981,56,416,319,704
10860,5,Focused,0.954,1541,539,1894,891
10860,2,Focused,0.967,1433,443,1630,652
10860,1,Focused,0.494,798,524,1158,960
10860,4,Focused,0.957,376,548,708,968
10860,19,Focused,0.983,663,386,801,586
10860,20,Focused,0.97,812,385,931,578
10860,13,Focused,0.965,1176,425,1369,683
10860,9,Focused,0.98,57,413,317,704
10860,16,Focused,0.975,807,446,1093,693
10860,26,Focused,0.96,504,431,738,671
10860,6,Focused,0.986,547,430,737,611
10890,5,Focused,0.937,1541,538,1894,890
10890,1,Focused,0.511,798,524,1164,959
10890,4,Focused,0.968,371,546,704,965
10890,2,Focused,0.973,1432,444,1629,653
10890,20,Focused,0.984,811,385,935,579
10890,19,Focused,0.983,659,386,802,586
10890,13,Focused,0.927,1184,425,1367,694
10890,6,Focused,0.986,557,427,738,617
10890,10,Focused,0.288,1885,707,1919,822
10890,9,Focused,0.979,56,417,326,703
10890,28,Focused,0.985,920,448,1089,639
10890,16,Focused,0.984,810,446,1092,692
10920,5,Focused,0.953,1539,538,1895,889
10920,1,Using Phone,0.542,798,520,1163,959
10920,4,Focused,0.965,357,543,707,966
10920,2,Focused,0.976,1439,443,1631,651
10920,19,Focused,0.984,663,386,802,585
10920,20,Focused,0.983,812,384,929,571
10920,6,Focused,0.986,561,429,738,612
10920,13,Focused,0.951,1182,425,1366,692
10920,16,Focused,0.98,795,462,1091,696
10920,10,Focused,0.411,1882,704,1919,820
10920,9,Focused,0.981,55,416,325,703
10950,5,Focused,0.941,1539,536,1895,894
10950,1,Using Phone,0.562,797,511,1153,958
10950,4,Focused,0.981,413,572,727,969
10950,20,Focused,0.969,812,385,933,578
10950,2,Focused,0.967,1438,444,1632,651
10950,26,Focused,0.854,502,432,738,684
10950,19,Focused,0.98,664,386,801,586
10950,13,Focused,0.956,1181,426,1365,690
10950,10,Focused,0.69,1882,703,1919,821
10950,9,Focused,0.981,56,417,326,703
10950,28,Focused,0.948,925,447,1092,641
10980,5,Focused,0.961,1539,533,1895,895
10980,26,Focused,0.966,521,433,738,705
10980,1,Focused,0.57,805,517,1157,975
10980,4,Focused,0.981,386,572,670,967
10980,2,Focused,0.972,1438,444,1631,651
10980,19,Focused,0.981,666,386,801,586
10980,20,Focused,0.98,812,385,927,578
10980,13,Focused,0.976,1181,423,1365,691
10980,16,Focused,0.975,814,440,1010,694
10980,10,Focused,0.863,1882,705,1919,822
10980,9,Focused,0.982,56,417,325,703
11010,5,Focused,0.973,1594,533,1898,875
11010,1,Focused,0.706,805,517,1157,978
11010,26,Focused,0.833,509,433,738,703
11010,4,Focused,0.972,382,606,666,970
11010,19,Focused,0.983,665,388,802,586
11010,2,Focused,0.975,1437,444,1631,651
11010,20,Focused,0.985,812,385,923,577
11010,13,Focused,0.981,1180,423,1365,691
11010,16,Focused,0.984,798,439,1009,708
11010,10,Focused,0.928,1884,704,1919,819
11010,9,Focused,0.982,56,417,325,703
11040,5,Focused,0.921,1595,531,1898,875
11040,26,Focused,0.642,512,432,738,704
11040,1,Focused,0.747,801,515,1155,957
11040,4,Focused,0.813,383,595,671,969
11040,19,Focused,0.982,664,387,802,586
11040,2,Focused,0.968,1437,443,1631,651
11040,13,Focused,0.956,1180,425,1365,691
11040,20,Focused,0.983,812,385,913,576
11040,16,Focused,0.984,823,427,1004,681
11040,10,Using Phone,0.334,1883,701,1919,821
11040,9,Focused,0.982,56,416,313,704
11070,1,Focused,0.565,812,515,1158,969
11070,26,Focused,0.826,513,427,737,706
11070,5,Focused,0.632,1545,541,1894,890
11070,4,Focused,0.918,382,594,669,969
11070,19,Focused,0.984,660,387,802,586
11070,2,Focused,0.974,1437,443,1630,652
11070,13,Focused,0.973,1183,424,1368,694
11070,20,Focused,0.985,812,385,918,576
11070,16,Focused,0.984,816,438,1003,683
11070,10,Using Phone,0.334,1880,701,1919,823
11070,9,Focused,0.982,56,417,312,704
11100,5,Focused,0.629,1545,534,1894,892
11100,1,Focused,0.598,797,515,1158,958
11100,4,Focused,0.655,399,591,674,970
11100,13,Focused,0.982,1182,422,1367,692
11100,2,Focused,0.976,1436,444,1630,652
11100,19,Focused,0.985,662,388,801,586
11100,26,Focused,0.684,499,431,737,681
11100,20,Focused,0.984,812,385,915,576
11100,16,Focused,0.986,816,436,1000,684
11100,10,Using Phone,0.334,1879,700,1919,822
11100,9,Focused,0.982,57,416,316,703
11130,5,Focused,0.895,1546,535,1894,895
11130,1,Using Phone,0.504,801,523,1151,957
11130,4,Focused,0.498,371,598,697,997
11130,26,Looking Away,0.708,500,432,737,686
11130,2,Focused,0.966,1436,444,1630,652
11130,13,Focused,0.964,1182,424,1365,694
11130,19,Focused,0.983,665,393,801,585
11130,20,Focused,0.977,812,385,915,576
11130,16,Focused,0.942,816,432,1000,683
11130,10,Using Phone,0.334,1880,700,1919,823
11130,9,Focused,0.981,58,416,316,704
11160,5,Focused,0.932,1537,533,1894,900
11160,1,Using Phone,0.504,801,519,1153,958
11160,4,Using Phone,0.56,376,584,697,994
11160,26,Looking Away,0.493,498,431,737,688
11160,2,Focused,0.964,1436,443,1629,652
11160,13,Focused,0.862,1180,424,1366,688
11160,19,Focused,0.983,664,393,801,585
11160,20,Focused,0.924,812,385,916,575
11160,16,Focused,0.981,817,432,1000,688
11160,10,Using Phone,0.334,1879,701,1919,822
11160,9,Focused,0.98,56,416,318,703
11190,5,Focused,0.873,1538,536,1893,894
11190,1,Using Phone,0.491,790,520,1156,982
11190,26,Looking Away,0.433,495,422,733,687
11190,2,Focused,0.959,1436,444,1629,652
11190,4,Using Phone,0.531,368,579,706,968
11190,19,Focused,0.983,660,393,801,586
11190,20,Focused,0.979,812,386,931,577
11190,13,Focused,0.858,1181,422,1368,687
11190,16,Focused,0.974,815,443,1018,691
11190,10,Using Phone,0.334,1880,700,1919,821
11190,9,Focused,0.979,57,416,316,704
11220,5,Focused,0.801,1533,535,1895,905
11220,1,Focused,0.559,807,519,1149,955
11220,4,Focused,0.681,379,586,700,1001
11220,26,Focused,0.613,506,430,724,684
11220,2,Focused,0.955,1436,444,1630,651
11220,13,Focused,0.839,1180,422,1368,693
11220,20,Focused,0.98,812,384,927,578
11220,19,Focused,0.984,656,393,801,586
11220,16,Focused,0.979,814,446,1010,690
11220,10,Using Phone,0.334,1881,700,1919,822
11220,9,Focused,0.979,57,416,316,703
11250,5,Focused,0.878,1528,536,1893,905
11250,4,Focused,0.834,362,562,692,976
11250,1,Focused,0.628,812,530,1152,952
11250,26,Looking Away,0.74,509,428,725,679
11250,2,Focused,0.953,1439,444,1630,652
11250,13,Focused,0.926,1179,424,1368,692
11250,20,Focused,0.979,811,385,918,577
11250,16,Focused,0.91,815,429,999,690
11250,19,Focused,0.98,646,389,801,588
11250,10,Using Phone,0.334,1882,704,1919,822
11250,9,Focused,0.979,58,416,316,704
11280,5,Focused,0.892,1524,536,1893,906
11280,4,Focused,0.898,374,557,694,997
11280,1,Focused,0.565,812,532,1160,951
11280,2,Focused,0.963,1438,443,1631,651
11280,20,Focused,0.985,811,384,924,577
11280,13,Focused,0.952,1179,424,1368,691
11280,19,Focused,0.982,656,390,800,585
11280,26,Looking Away,0.455,509,428,727,672
11280,16,Focused,0.659,812,441,1010,691
11280,10,Using Phone,0.334,1881,704,1919,823
11280,9,Focused,0.979,57,416,316,703
11310,5,Focused,0.683,1524,537,1893,905
11310,4,Focused,0.748,370,564,687,966
11310,1,Focused,0.508,812,528,1160,950
11310,2,Focused,0.951,1438,443,1631,652
11310,13,Focused,0.903,1179,424,1368,693
11310,20,Focused,0.986,811,384,916,576
11310,16,Focused,0.579,816,428,995,682
11310,26,Focused,0.575,523,431,731,661
11310,19,Focused,0.981,656,389,801,587
11310,10,Using Phone,0.334,1881,704,1919,823
11310,9,Focused,0.979,57,416,317,703
11340,4,Focused,0.598,367,568,690,964
11340,1,Focused,0.589,812,530,1160,954
11340,5,Focused,0.583,1524,538,1892,900
11340,2,Focused,0.955,1436,443,1630,652
11340,13,Focused,0.911,1180,424,1368,692
11340,19,Focused,0.985,661,396,801,586
11340,20,Focused,0.981,811,385,915,574
11340,16,Focused,0.979,815,429,999,682
11340,26,Focused,0.644,516,429,722,615
11340,10,Using Phone,0.334,1881,705,1919,823
11340,9,Focused,0.979,58,416,317,703
11370,5,Focused,0.535,1524,538,1893,906
11370,1,Focused,0.615,812,532,1160,951
11370,4,Focused,0.651,367,603,688,963
11370,26,Focused,0.869,510,430,730,646
11370,2,Focused,0.968,1438,444,1630,651
11370,13,Focused,0.933,1179,424,1368,688
11370,16,Focused,0.983,815,431,998,683
11370,20,Focused,0.958,811,385,918,575
11370,19,Focused,0.979,664,392,801,586
11370,10,Using Phone,0.334,1881,705,1919,822
11370,9,Focused,0.98,52,420,327,702
11400,4,Focused,0.866,369,570,689,965
11400,5,Focused,0.715,1524,537,1893,905
11400,1,Focused,0.612,812,529,1160,950
11400,2,Focused,0.972,1439,444,1631,651
11400,13,Focused,0.974,1179,425,1368,689
11400,19,Focused,0.984,661,391,801,587
11400,16,Focused,0.914,815,430,999,682
11400,20,Focused,0.978,811,385,914,576
11400,26,Focused,0.747,520,430,731,645
11400,10,Focused,0.298,1881,705,1919,822
11400,9,Focused,0.979,56,419,327,703
11430,5,Focused,0.512,1524,534,1894,905
11430,1,Focused,0.598,812,531,1160,957
11430,4,Focused,0.681,385,567,682,965
11430,2,Focused,0.947,1436,444,1631,651
11430,26,Focused,0.853,519,430,730,669
11430,13,Focused,0.82,1179,423,1368,693
11430,16,Focused,0.983,815,431,999,682
11430,20,Focused,0.886,811,385,914,575
11430,19,Focused,0.983,661,390,801,586
11430,10,Focused,0.689,1882,705,1918,822
11430,9,Focused,0.979,56,418,325,703
11460,5,Focused,0.777,1524,535,1894,902
11460,1,Focused,0.618,812,529,1161,951
11460,26,Focused,0.671,520,431,728,677
11460,4,Focused,0.753,381,572,677,965
11460,2,Focused,0.96,1435,444,1631,652
11460,13,Focused,0.855,1180,421,1367,694
11460,19,Focused,0.981,663,386,802,586
11460,20,Focused,0.866,811,385,912,573
11460,16,Focused,0.934,815,430,998,682
11460,10,Focused,0.93,1882,705,1919,822
11460,9,Focused,0.979,56,417,324,703
11490,5,Focused,0.784,1524,537,1894,906
11490,1,Focused,0.757,812,529,1161,951
11490,4,Focused,0.835,355,592,676,967
11490,2,Focused,0.97,1435,444,1631,652
11490,26,Focused,0.662,507,430,729,676
11490,13,Focused,0.93,1180,425,1367,689
11490,19,Focused,0.984,658,407,835,589
11490,16,Focused,0.965,815,430,999,682
11490,20,Focused,0.896,814,385,914,546
11490,10,Focused,0.969,1882,705,1918,822
11490,9,Focused,0.979,57,417,324,703
11520,5,Focused,0.984,1524,536,1894,906
11520,1,Focused,0.983,811,530,1160,951
11520,4,Focused,0.955,387,571,678,964
11520,13,Focused,0.982,1179,434,1367,667
11520,2,Focused,0.978,1435,444,1630,652
11520,26,Focused,0.668,507,431,729,666
11520,19,Focused,0.984,660,406,836,588
11520,16,Focused,0.984,815,430,999,683
11520,20,Focused,0.98,814,385,914,547
11520,10,Focused,0.977,1881,705,1918,823
11520,9,Focused,0.98,57,416,315,704
11550,5,Focused,0.984,1524,536,1893,904
11550,1,Focused,0.985,812,529,1162,950
11550,2,Focused,0.979,1436,445,1631,652
11550,4,Focused,0.987,323,576,683,966
11550,26,Focused,0.974,512,432,728,689
11550,13,Focused,0.984,1178,434,1367,670
11550,19,Focused,0.986,661,394,833,585
11550,16,Focused,0.986,814,429,998,682
11550,20,Focused,0.983,813,384,914,553
11550,10,Focused,0.974,1881,705,1919,822
11550,9,Focused,0.981,58,416,317,703
11580,5,Focused,0.982,1524,537,1894,907
11580,4,Focused,0.984,367,563,706,1012
11580,1,Focused,0.942,796,536,1142,948
11580,13,Focused,0.984,1178,434,1367,669
11580,2,Focused,0.98,1435,445,1631,652
11580,26,Focused,0.976,508,432,728,683
11580,19,Focused,0.985,662,392,831,584
11580,20,Focused,0.986,813,385,915,568
11580,16,Focused,0.982,797,444,1000,702
11580,10,Focused,0.965,1882,705,1918,822
11580,9,Focused,0.981,57,416,318,704
11610,4,Focused,0.969,361,566,703,968
11610,5,Focused,0.964,1524,537,1893,906
11610,1,Focused,0.979,794,529,1149,949
11610,2,Focused,0.978,1436,444,1630,652
11610,19,Focused,0.981,661,392,832,584
11610,13,Focused,0.984,1178,440,1368,670
11610,20,Focused,0.987,813,384,924,578
11610,16,Focused,0.986,814,435,1010,693
11610,26,Focused,0.984,514,431,720,610
11610,10,Focused,0.972,1878,695,1919,819
11610,9,Focused,0.98,58,416,317,704
11640,5,Focused,0.967,1524,538,1895,906
11640,4,Focused,0.975,383,571,708,1010
11640,1,Focused,0.984,794,527,1148,950
11640,13,Focused,0.985,1178,437,1367,670
11640,2,Focused,0.976,1437,449,1635,653
11640,26,Focused,0.984,507,431,729,686
11640,19,Focused,0.984,661,392,831,584
11640,20,Focused,0.986,813,385,928,578
11640,16,Focused,0.983,814,439,1013,692
11640,10,Focused,0.954,1866,676,1919,822
11640,9,Focused,0.981,58,416,317,703
11670,5,Focused,0.777,1524,538,1894,906
11670,1,Focused,0.575,811,523,1148,951
11670,4,Focused,0.53,383,569,710,1004
11670,13,Focused,0.981,1178,436,1367,670
11670,26,Focused,0.864,507,430,729,686
11670,2,Focused,0.966,1437,446,1631,652
11670,19,Focused,0.961,661,392,832,586
11670,20,Focused,0.983,813,385,925,578
11670,16,Focused,0.927,814,441,1010,692
11670,10,Focused,0.273,1866,677,1919,822
11670,9,Focused,0.978,57,416,317,703
11700,5,Focused,0.651,1524,537,1894,904
11700,1,Focused,0.634,810,522,1147,952
11700,4,Focused,0.771,368,562,710,967
11700,2,Focused,0.97,1435,445,1631,651
11700,26,Focused,0.891,508,432,727,680
11700,13,Focused,0.985,1178,436,1366,670
11700,19,Focused,0.958,661,393,832,587
11700,20,Focused,0.985,813,385,924,578
11700,16,Focused,0.977,814,440,1010,692
11700,10,Focused,0.59,1867,679,1919,823
11700,9,Focused,0.978,58,416,318,703
11730,5,Focused,0.708,1524,537,1893,905
11730,4,Focused,0.81,364,551,710,969
11730,1,Focused,0.728,812,528,1158,950
11730,2,Focused,0.955,1435,445,1631,652
11730,13,Focused,0.965,1177,434,1362,670
11730,19,Focused,0.961,661,393,832,587
11730,20,Focused,0.986,813,385,924,578
11730,16,Focused,0.951,814,436,1011,693
11730,6,Focused,0.932,560,431,717,610
11730,10,Focused,0.931,1864,669,1919,822
11730,9,Focused,0.979,58,416,318,703
11760,5,Focused,0.564,1524,538,1893,903
11760,1,Focused,0.772,812,530,1163,950
11760,4,Focused,0.904,367,550,712,968
11760,13,Focused,0.973,1178,437,1366,672
11760,2,Focused,0.912,1435,444,1631,652
11760,19,Focused,0.963,661,396,832,587
11760,20,Focused,0.986,813,385,924,579
11760,16,Focused,0.85,813,437,1010,693
11760,6,Focused,0.738,560,431,710,609
11760,10,Focused,0.974,1865,672,1919,822
11760,9,Focused,0.978,58,416,318,703
11790,1,Focused,0.976,812,531,1166,950
11790,5,Focused,0.577,1524,539,1893,899
11790,4,Focused,0.965,369,550,713,968
11790,13,Focused,0.983,1178,436,1366,671
11790,2,Focused,0.975,1435,444,1631,652
11790,19,Focused,0.976,663,389,833,587
11790,20,Focused,0.985,814,385,925,578
11790,16,Focused,0.983,812,441,1010,692
11790,6,Focused,0.972,561,431,717,609
11790,10,Focused,0.98,1866,674,1919,822
11790,9,Focused,0.977,58,416,326,703
11820,1,Focused,0.986,810,528,1166,951
11820,5,Focused,0.975,1524,539,1894,901
11820,4,Focused,0.98,370,550,711,968
11820,13,Focused,0.985,1178,435,1366,670
11820,2,Focused,0.979,1436,443,1629,652
11820,19,Focused,0.982,662,393,833,588
11820,20,Focused,0.985,813,385,927,578
11820,16,Focused,0.962,813,439,1010,693
11820,6,Focused,0.984,561,431,711,609
11820,10,Focused,0.982,1866,674,1919,822
11820,9,Focused,0.979,57,418,322,703
11850,5,Focused,0.908,1524,537,1893,905
11850,4,Focused,0.95,372,552,718,968
11850,1,Focused,0.95,813,529,1165,951
11850,2,Focused,0.977,1435,443,1630,652
11850,19,Focused,0.977,662,392,833,588
11850,13,Focused,0.98,1178,435,1366,671
11850,20,Focused,0.985,817,385,928,578
11850,16,Focused,0.949,813,439,1013,693
11850,6,Focused,0.984,560,430,722,616
11850,10,Focused,0.983,1866,674,1919,822
11850,9,Focused,0.978,56,418,322,703
11880,5,Focused,0.825,1524,536,1894,904
11880,1,Focused,0.981,812,528,1167,957
11880,4,Focused,0.972,383,558,704,967
11880,13,Focused,0.985,1178,435,1366,671
11880,19,Focused,0.985,660,392,837,588
11880,2,Focused,0.979,1438,442,1630,652
11880,16,Focused,0.986,812,439,1013,692
11880,20,Focused,0.985,815,385,928,576
11880,10,Focused,0.982,1867,674,1919,822
11880,6,Focused,0.987,556,430,724,613
11880,9,Focused,0.977,55,414,322,703
11910,5,Focused,0.924,1525,536,1894,906
11910,1,Focused,0.985,813,527,1166,950
11910,4,Focused,0.977,388,556,703,966
11910,13,Focused,0.985,1178,435,1366,672
11910,2,Focused,0.979,1435,444,1629,652
11910,19,Focused,0.984,662,392,834,589
11910,26,Focused,0.981,554,432,730,685
11910,20,Focused,0.986,815,385,927,577
11910,16,Focused,0.986,811,438,1012,693
11910,10,Focused,0.982,1867,675,1919,822
11910,9,Focused,0.967,59,415,314,703
11940,1,Focused,0.873,812,531,1165,951
11940,5,Focused,0.616,1524,535,1895,904
11940,2,Focused,0.977,1428,443,1631,662
11940,4,Focused,0.972,376,586,744,980
11940,13,Focused,0.985,1178,434,1366,671
11940,19,Focused,0.985,661,388,810,584
11940,26,Focused,0.957,508,431,736,679
11940,16,Focused,0.965,774,386,988,676
11940,10,Focused,0.982,1867,675,1919,822
11940,9,Focused,0.958,58,417,313,703
11970,1,Focused,0.763,814,530,1162,951
11970,5,Focused,0.765,1524,537,1893,905
11970,26,Focused,0.985,507,431,729,689
11970,13,Focused,0.982,1178,434,1366,672
11970,4,Focused,0.957,381,585,745,985
11970,2,Focused,0.974,1437,444,1629,651
11970,10,Focused,0.981,1866,674,1919,822
11970,19,Focused,0.977,665,393,802,495
11970,9,Focused,0.979,56,416,314,704
11970,16,Using Phone,0.448,667,389,1010,676
12000,5,Focused,0.932,1524,537,1895,904
12000,1,Focused,0.975,813,529,1163,951
12000,4,Focused,0.961,384,582,748,965
12000,26,Focused,0.986,509,429,726,689
12000,13,Focused,0.984,1178,433,1366,670
12000,2,Focused,0.975,1437,443,1630,651
12000,19,Focused,0.975,651,390,822,584
12000,20,Focused,0.986,814,384,913,535
12000,16,Focused,0.664,784,402,1000,675
12000,10,Focused,0.981,1870,682,1919,822
12000,9,Focused,0.977,57,416,316,704
12030,1,Focused,0.986,815,528,1165,950
12030,5,Focused,0.931,1524,538,1894,906
12030,13,Focused,0.983,1179,434,1365,668
12030,4,Focused,0.96,387,575,740,965
12030,2,Focused,0.975,1436,445,1630,652
12030,19,Focused,0.984,689,393,832,589
12030,26,Focused,0.984,484,439,726,692
12030,20,Focused,0.985,816,385,918,547
12030,16,Focused,0.979,801,405,1014,670
12030,10,Focused,0.98,1870,685,1919,822
12030,9,Focused,0.978,57,416,316,704
12060,1,Focused,0.984,813,526,1167,950
12060,5,Focused,0.634,1525,535,1895,906
12060,19,Focused,0.986,677,392,832,588
12060,2,Focused,0.976,1436,444,1632,651
12060,4,Focused,0.905,389,557,714,965
12060,13,Focused,0.982,1179,434,1366,670
12060,26,Focused,0.985,476,436,726,693
12060,16,Focused,0.986,816,449,1021,692
12060,20,Focused,0.985,815,384,940,578
12060,10,Focused,0.98,1870,685,1919,822
12060,9,Focused,0.977,57,415,316,704
12090,5,Focused,0.826,1525,538,1895,906
12090,1,Focused,0.98,813,528,1168,951
12090,19,Focused,0.983,653,393,832,586
12090,2,Focused,0.978,1435,444,1632,652
12090,13,Focused,0.982,1177,436,1366,670
12090,4,Focused,0.967,362,552,712,970
12090,26,Focused,0.986,476,439,727,694
12090,20,Focused,0.978,815,384,936,578
12090,16,Focused,0.984,816,447,1016,692
12090,10,Focused,0.978,1870,685,1919,822
12090,9,Focused,0.977,58,415,316,704
12120,1,Focused,0.863,814,529,1169,950
12120,5,Focused,0.965,1524,537,1894,906
12120,13,Focused,0.98,1177,433,1366,683
12120,2,Focused,0.974,1435,443,1632,652
12120,4,Focused,0.841,368,548,714,969
12120,20,Focused,0.981,811,384,934,578
12120,19,Focused,0.978,657,411,800,587
12120,16,Focused,0.699,816,447,1013,692
12120,26,Focused,0.981,476,440,726,694
12120,10,Focused,0.948,1870,684,1919,822
12120,9,Focused,0.979,57,415,316,703
12120,6,Focused,0.987,512,434,726,611
12150,1,Focused,0.967,813,528,1169,950
12150,5,Focused,0.946,1524,538,1894,904
12150,4,Focused,0.963,369,549,711,968
12150,2,Focused,0.975,1436,444,1632,651
12150,20,Focused,0.981,811,384,931,579
12150,6,Focused,0.987,563,440,728,611
12150,19,Focused,0.977,662,413,801,587
12150,13,Focused,0.98,1178,431,1371,675
12150,16,Focused,0.962,816,441,1014,693
12150,10,Focused,0.977,1870,684,1919,822
12150,9,Focused,0.979,57,415,316,704
12180,1,Focused,0.926,814,526,1166,950
12180,5,Focused,0.981,1524,539,1894,906
12180,19,Focused,0.969,662,392,813,585
12180,4,Focused,0.967,373,549,708,968
12180,2,Focused,0.974,1435,443,1632,651
12180,20,Focused,0.986,811,384,930,579
12180,6,Focused,0.987,566,440,728,610
12180,13,Focused,0.979,1180,433,1359,685
12180,16,Using Phone,0.478,816,441,1010,692
12180,10,Focused,0.959,1871,684,1919,822
12180,9,Focused,0.979,56,415,316,704
12210,1,Focused,0.975,801,524,1155,948
12210,2,Focused,0.975,1428,443,1639,654
12210,5,Focused,0.95,1524,539,1895,905
12210,4,Focused,0.978,374,549,709,968
12210,19,Focused,0.984,661,409,820,586
12210,20,Focused,0.986,814,384,923,578
12210,6,Focused,0.987,565,440,728,611
12210,13,Focused,0.977,1178,432,1359,682
12210,16,Focused,0.529,816,437,1006,692
12210,10,Focused,0.942,1869,684,1919,822
12210,9,Focused,0.981,56,417,315,704
12240,2,Focused,0.96,1426,446,1635,652
12240,5,Focused,0.926,1524,539,1894,906
12240,1,Focused,0.984,793,529,1154,948
12240,4,Focused,0.975,373,548,696,966
12240,19,Focused,0.912,664,410,821,585
12240,20,Focused,0.984,816,384,928,579
12240,6,Focused,0.975,565,439,727,608
12240,13,Focused,0.968,1180,432,1360,685
12240,16,Focused,0.625,816,439,1009,692
12240,10,Focused,0.944,1870,685,1919,823
12240,9,Focused,0.974,54,417,320,704
12270,2,Focused,0.976,1425,446,1611,653
12270,5,Focused,0.829,1524,537,1895,904
12270,1,Focused,0.984,793,521,1154,948
12270,4,Focused,0.978,373,550,700,971
12270,19,Focused,0.971,661,397,822,586
12270,6,Focused,0.977,564,436,726,610
12270,13,Focused,0.959,1179,433,1360,685
12270,20,Focused,0.982,815,384,914,578
12270,16,Focused,0.985,826,413,983,687
12270,10,Focused,0.976,1870,685,1919,822
12270,9,Focused,0.96,55,417,323,703
12300,2,Focused,0.98,1426,446,1612,653
12300,1,Focused,0.982,793,518,1148,947
12300,5,Focused,0.954,1524,537,1895,904
12300,4,Focused,0.981,366,561,701,970
12300,19,Focused,0.968,663,390,822,586
12300,20,Focused,0.981,814,385,917,577
12300,13,Focused,0.98,1179,433,1360,687
12300,16,Focused,0.983,813,432,1002,691
12300,6,Focused,0.981,548,434,728,611
12300,10,Focused,0.968,1870,685,1919,822
12300,9,Using Phone,0.515,56,417,322,703
12330,4,Focused,0.966,369,557,699,969
12330,5,Focused,0.912,1524,537,1895,902
12330,1,Focused,0.98,791,526,1149,948
12330,2,Focused,0.962,1433,446,1635,663
12330,19,Focused,0.883,661,389,822,585
12330,20,Focused,0.98,814,384,917,577
12330,6,Focused,0.975,560,439,729,607
12330,13,Focused,0.972,1179,433,1363,690
12330,16,Focused,0.977,815,427,1002,692
12330,10,Focused,0.965,1870,684,1919,822
12330,9,Focused,0.978,56,417,321,703
12360,4,Focused,0.802,362,562,694,969
12360,5,Focused,0.833,1524,539,1894,906
12360,1,Focused,0.834,791,523,1146,948
12360,19,Focused,0.908,655,389,822,586
12360,2,Focused,0.984,1436,445,1631,651
12360,20,Focused,0.941,814,385,917,578
12360,16,Focused,0.982,813,434,1000,692
12360,6,Focused,0.969,540,434,727,610
12360,13,Focused,0.966,1179,433,1362,688
12360,10,Focused,0.937,1870,684,1919,822
12360,9,Focused,0.981,56,417,322,703
12390,5,Focused,0.678,1523,539,1895,904
12390,1,Focused,0.697,793,521,1148,948
12390,4,Focused,0.717,370,572,685,968
12390,19,Focused,0.96,652,390,823,585
12390,2,Focused,0.982,1436,446,1631,651
12390,20,Focused,0.881,814,384,916,577
12390,16,Focused,0.985,812,433,1000,692
12390,26,Focused,0.915,475,437,725,693
12390,13,Focused,0.966,1179,433,1363,689
12390,10,Focused,0.971,1869,685,1919,822
12390,9,Focused,0.98,64,420,321,700
12420,5,Focused,0.857,1524,539,1894,906
12420,4,Focused,0.771,372,568,687,968
12420,1,Focused,0.898,797,523,1151,953
12420,19,Focused,0.974,653,391,823,586
12420,2,Focused,0.985,1436,446,1632,652
12420,20,Focused,0.986,814,384,916,579
12420,6,Focused,0.985,515,435,726,612
12420,16,Focused,0.987,811,430,992,691
12420,13,Focused,0.981,1179,433,1363,687
12420,10,Focused,0.978,1869,684,1919,822
12420,9,Focused,0.981,54,418,320,703
12450,1,Focused,0.978,813,533,1162,951
12450,5,Focused,0.96,1526,534,1895,885
12450,4,Focused,0.655,371,565,695,967
12450,13,Focused,0.982,1176,433,1365,670
12450,19,Focused,0.978,653,389,822,585
12450,2,Focused,0.984,1436,446,1630,651
12450,16,Focused,0.987,809,455,966,693
12450,20,Focused,0.985,814,384,917,574
12450,6,Focused,0.987,531,438,726,608
12450,10,Focused,0.976,1870,685,1919,822
12450,9,Focused,0.983,54,417,320,703
12480,5,Focused,0.985,1546,536,1894,890
12480,1,Focused,0.985,818,532,1163,949
12480,19,Focused,0.983,671,389,822,586
12480,4,Focused,0.52,374,565,723,967
12480,2,Focused,0.984,1437,445,1630,651
12480,13,Focused,0.983,1178,436,1366,670
12480,20,Focused,0.985,814,384,929,578
12480,16,Focused,0.984,812,441,1012,692
12480,10,Focused,0.979,1869,684,1919,822
12480,6,Focused,0.987,520,434,727,611
12480,9,Focused,0.982,54,417,321,703
12480,26,Focused,0.742,475,436,728,702
12510,5,Focused,0.979,1546,534,1895,892
12510,1,Focused,0.985,814,531,1162,951
12510,19,Focused,0.985,650,388,823,586
12510,4,Focused,0.796,372,558,711,988
12510,2,Focused,0.981,1436,446,1630,652
12510,13,Focused,0.986,1178,436,1366,671
12510,26,Focused,0.92,476,433,728,694
12510,20,Focused,0.984,814,384,931,578
12510,16,Focused,0.981,812,444,1017,692
12510,10,Focused,0.982,1869,684,1919,821
12510,9,Focused,0.979,54,417,322,703
12540,5,Focused,0.979,1538,534,1895,907
12540,1,Focused,0.983,815,529,1162,949
12540,19,Focused,0.985,652,389,822,586
12540,2,Focused,0.982,1436,446,1630,651
12540,13,Focused,0.985,1178,436,1366,671
12540,26,Focused,0.834,476,436,728,693
12540,4,Focused,0.974,387,561,714,985
12540,20,Focused,0.984,814,385,931,578
12540,16,Focused,0.984,811,444,1018,692
12540,10,Focused,0.981,1868,683,1919,821
12540,9,Focused,0.979,54,417,320,703
12570,5,Focused,0.977,1531,535,1896,903
12570,1,Focused,0.977,815,531,1164,950
12570,13,Focused,0.984,1178,436,1367,671
12570,2,Focused,0.979,1434,445,1633,651
12570,4,Focused,0.958,388,550,717,983
12570,20,Focused,0.983,810,384,936,578
12570,16,Focused,0.986,811,453,1020,692
12570,10,Focused,0.98,1869,684,1919,822
12570,26,Focused,0.985,476,437,729,691
12570,9,Focused,0.981,54,416,320,703
12570,19,Focused,0.983,657,396,815,580
12570,6,Focused,0.984,537,436,728,609
12600,5,Focused,0.975,1529,535,1895,903
12600,1,Focused,0.975,817,530,1161,949
12600,13,Focused,0.983,1178,436,1366,672
12600,2,Focused,0.974,1435,445,1629,651
12600,4,Focused,0.964,390,547,726,973
12600,20,Focused,0.978,810,385,943,579
12600,16,Focused,0.981,812,460,1019,692
12600,26,Focused,0.986,476,435,728,694
12600,10,Focused,0.977,1868,684,1919,822
12600,6,Focused,0.984,545,394,800,580
12600,9,Focused,0.978,54,419,320,703
12600,19,Focused,0.971,652,393,801,579
12630,5,Focused,0.969,1527,536,1895,904
12630,1,Focused,0.98,820,527,1161,949
12630,2,Focused,0.963,1437,445,1630,651
12630,13,Focused,0.98,1178,436,1367,672
12630,4,Focused,0.943,381,542,723,968
12630,19,Focused,0.959,654,377,819,579
12630,20,Focused,0.972,812,384,944,578
12630,16,Focused,0.982,811,461,1020,692
12630,6,Focused,0.985,578,440,729,609
12630,10,Focused,0.964,1868,684,1919,822
12630,9,Focused,0.979,54,419,320,703
12660,5,Focused,0.737,1524,537,1894,901
12660,19,Focused,0.844,657,393,819,586
12660,1,Focused,0.743,802,524,1155,955
12660,4,Focused,0.878,395,543,721,966
12660,13,Focused,0.979,1178,436,1367,672
12660,2,Focused,0.969,1434,445,1628,655
12660,20,Focused,0.985,813,385,943,579
12660,16,Focused,0.93,812,461,1020,692
12660,6,Focused,0.979,578,440,728,611
12660,10,Focused,0.945,1868,684,1919,822
12660,9,Focused,0.978,54,418,320,703
12690,5,Focused,0.961,1524,536,1894,904
12690,19,Focused,0.77,665,395,819,586
12690,1,Focused,0.867,798,522,1154,949
12690,4,Focused,0.953,397,541,721,967
12690,2,Focused,0.976,1436,445,1629,652
12690,13,Focused,0.982,1178,446,1371,672
12690,20,Focused,0.985,813,385,944,579
12690,26,Focused,0.98,504,431,737,677
12690,16,Focused,0.978,803,460,1024,695
12690,10,Focused,0.977,1868,684,1919,822
12690,9,Focused,0.977,54,418,321,703
12720,5,Focused,0.968,1524,534,1895,901
12720,19,Focused,0.978,671,396,818,586
12720,1,Focused,0.937,794,518,1130,950
12720,13,Focused,0.983,1178,436,1366,671
12720,2,Focused,0.978,1435,445,1629,652
12720,4,Focused,0.97,382,546,714,967
12720,20,Focused,0.986,813,384,944,579
12720,26,Focused,0.972,487,442,727,677
12720,10,Focused,0.976,1869,684,1919,822
12720,16,Focused,0.987,811,461,1097,693
12720,9,Focused,0.978,54,418,320,703
12750,5,Focused,0.94,1525,534,1892,904
12750,1,Focused,0.692,793,518,1127,947
12750,19,Focused,0.984,651,393,819,585
12750,4,Focused,0.936,380,539,710,968
12750,13,Focused,0.981,1178,436,1366,672
12750,2,Focused,0.977,1433,445,1630,652
12750,20,Focused,0.986,813,384,935,579
12750,6,Focused,0.985,567,434,728,612
12750,10,Focused,0.971,1875,699,1919,819
12750,9,Focused,0.981,54,417,321,703
12750,16,Focused,0.987,922,458,1092,639
12780,1,Focused,0.892,793,516,1126,950
12780,5,Focused,0.939,1522,533,1892,902
12780,19,Focused,0.961,680,392,819,586
12780,4,Focused,0.972,383,542,714,967
12780,2,Focused,0.978,1432,445,1630,652
12780,13,Focused,0.984,1178,436,1366,671
12780,20,Focused,0.986,811,384,942,578
12780,6,Focused,0.977,600,444,729,609
12780,10,Focused,0.974,1875,698,1919,819
12780,16,Focused,0.985,936,462,1094,643
12780,9,Focused,0.979,39,415,320,701
12810,5,Focused,0.973,1522,534,1892,905
12810,1,Focused,0.978,796,515,1122,946
12810,19,Focused,0.979,669,392,821,585
12810,4,Focused,0.974,386,543,716,967
12810,2,Focused,0.979,1432,445,1629,653
12810,13,Focused,0.986,1163,434,1361,695
12810,20,Focused,0.986,812,385,940,577
12810,6,Focused,0.954,578,436,740,609
12810,9,Focused,0.977,48,435,330,704
12810,10,Focused,0.975,1876,699,1919,820
12810,16,Focused,0.981,937,460,1091,640
12840,5,Focused,0.977,1523,532,1893,905
12840,1,Focused,0.979,794,514,1123,945
12840,19,Focused,0.974,659,392,820,585
12840,4,Focused,0.97,389,539,714,967
12840,2,Focused,0.979,1432,445,1629,652
12840,20,Focused,0.983,812,385,935,578
12840,13,Focused,0.984,1179,438,1367,674
12840,6,Focused,0.888,581,431,734,611
12840,9,Focused,0.979,1,416,357,689
12840,10,Focused,0.912,1876,698,1919,819
12840,16,Focused,0.979,932,454,1096,640
12870,1,Focused,0.758,795,516,1170,946
12870,5,Focused,0.919,1523,534,1893,902
12870,4,Focused,0.949,380,543,711,968
12870,2,Focused,0.965,1432,445,1629,652
12870,19,Focused,0.813,654,392,819,585
12870,13,Focused,0.948,1179,437,1367,671
12870,20,Focused,0.985,812,385,933,579
12870,6,Focused,0.786,569,433,729,610
12870,10,Using Phone,0.336,1875,698,1919,820
12870,9,Focused,0.979,34,433,378,712
12870,16,Focused,0.983,923,452,1092,642
12900,5,Focused,0.861,1523,534,1892,902
12900,1,Focused,0.915,798,516,1124,945
12900,4,Focused,0.953,373,538,713,968
12900,2,Focused,0.961,1434,445,1630,651
12900,19,Focused,0.906,656,396,819,585
12900,13,Focused,0.912,1179,437,1367,673
12900,20,Focused,0.985,812,385,939,578
12900,6,Focused,0.853,578,436,738,612
12900,10,Focused,0.629,1876,697,1919,820
12900,16,Focused,0.955,934,459,1093,642
12900,9,Focused,0.975,32,421,324,711
12930,4,Focused,0.966,352,563,675,967
12930,5,Focused,0.53,1522,535,1893,906
12930,1,Focused,0.676,799,513,1123,945
12930,19,Focused,0.951,659,396,819,586
12930,20,Focused,0.985,812,385,932,578
12930,2,Focused,0.957,1433,445,1629,652
12930,13,Focused,0.917,1175,435,1367,670
12930,26,Focused,0.977,537,433,741,648
12930,10,Focused,0.91,1875,697,1919,820
12930,16,Focused,0.945,928,453,1094,641
12930,9,Focused,0.827,32,420,324,711
12960,1,Focused,0.852,808,507,1125,935
12960,5,Focused,0.785,1523,535,1893,901
12960,4,Focused,0.977,357,573,695,974
12960,2,Focused,0.965,1433,445,1629,652
12960,19,Focused,0.973,658,397,820,585
12960,20,Focused,0.984,812,385,933,579
12960,13,Focused,0.978,1176,444,1367,668
12960,26,Focused,0.98,487,438,735,684
12960,16,Focused,0.92,932,452,1095,641
12960,10,Focused,0.968,1876,699,1919,819
12960,9,Focused,0.798,32,420,324,711
12990,1,Focused,0.766,808,509,1126,935
12990,5,Focused,0.957,1522,535,1892,904
12990,2,Focused,0.969,1432,445,1629,651
12990,4,Focused,0.975,353,571,700,976
12990,19,Focused,0.971,661,397,819,586
12990,20,Focused,0.981,812,385,934,579
12990,13,Focused,0.949,1176,444,1367,668
12990,26,Focused,0.973,518,440,736,688
12990,16,Focused,0.773,933,453,1096,641
12990,10,Focused,0.977,1876,682,1919,819
12990,9,Focused,0.975,32,421,325,711
13020,4,Focused,0.98,356,583,701,976
13020,1,Focused,0.958,807,511,1126,935
13020,5,Focused,0.976,1522,536,1893,901
13020,2,Focused,0.976,1432,445,1630,651
13020,19,Focused,0.983,661,397,819,586
13020,20,Focused,0.972,812,385,934,579
13020,26,Focused,0.979,515,441,736,670
13020,13,Focused,0.98,1176,448,1367,668
13020,16,Focused,0.94,933,452,1096,641
13020,10,Focused,0.978,1878,694,1919,821
13020,9,Focused,0.98,32,423,325,711
13050,4,Focused,0.984,353,586,708,978
13050,1,Focused,0.982,810,511,1125,935
13050,5,Focused,0.978,1522,535,1892,905
13050,2,Focused,0.98,1433,445,1629,651
13050,19,Focused,0.984,662,397,819,586
13050,20,Focused,0.974,812,385,934,579
13050,13,Focused,0.985,1177,445,1367,668
13050,26,Focused,0.974,514,442,734,665
13050,10,Focused,0.981,1876,685,1919,819
13050,16,Focused,0.977,932,451,1096,641
13050,9,Focused,0.976,32,429,325,711
13080,5,Focused,0.981,1525,529,1893,906
13080,4,Focused,0.983,352,582,705,978
13080,1,Focused,0.982,809,512,1127,935
13080,2,Focused,0.981,1432,445,1628,651
13080,19,Focused,0.981,661,397,815,585
13080,16,Focused,0.981,788,392,1164,675
13080,13,Focused,0.985,1178,447,1366,668
13080,26,Focused,0.986,514,442,733,671
13080,20,Focused,0.981,812,383,910,542
13080,10,Focused,0.98,1876,680,1919,820
13080,9,Focused,0.981,77,421,346,695
13110,1,Focused,0.984,787,502,1162,945
13110,5,Focused,0.98,1592,505,1900,874
13110,4,Focused,0.965,319,562,665,1076
13110,2,Focused,0.979,1433,445,1628,651
13110,19,Focused,0.978,662,377,822,592
13110,20,Focused,0.984,811,385,930,576
13110,13,Focused,0.983,1179,436,1367,677
13110,6,Focused,0.566,537,443,733,612
13110,16,Focused,0.986,930,449,1094,640
13110,10,Focused,0.979,1880,664,1919,814
13110,9,Focused,0.975,62,419,357,704
13140,5,Focused,0.981,1599,528,1900,877
13140,2,Focused,0.981,1432,444,1628,651
13140,1,Focused,0.983,783,523,1145,947
13140,13,Focused,0.981,1170,414,1365,706
13140,4,Focused,0.972,377,572,677,977
13140,20,Focused,0.984,810,385,945,578
13140,19,Focused,0.977,644,374,793,590
13140,16,Focused,0.985,812,460,1098,695
13140,26,Focused,0.987,488,437,733,682
13140,10,Focused,0.978,1864,661,1919,818
13140,9,Focused,0.974,60,419,376,703
13170,5,Focused,0.905,1616,522,1900,877
13170,4,Focused,0.769,383,570,662,970
13170,1,Focused,0.95,789,515,1153,984
13170,2,Focused,0.975,1432,445,1628,651
13170,6,Focused,0.893,522,439,734,614
13170,13,Focused,0.983,1182,424,1356,679
13170,19,Focused,0.975,665,413,862,595
13170,20,Focused,0.984,816,384,982,563
13170,16,Focused,0.984,811,459,1016,695
13170,10,Focused,0.974,1868,666,1919,819
13170,9,Focused,0.984,89,419,403,698
13200,5,Focused,0.968,1612,522,1900,876
13200,1,Focused,0.984,781,514,1151,945
13200,2,Focused,0.978,1441,434,1637,654
13200,4,Focused,0.972,395,564,680,969
13200,13,Focused,0.985,1192,423,1355,668
13200,20,Focused,0.985,817,380,956,537
13200,19,Focused,0.98,662,413,865,595
13200,10,Focused,0.977,1872,667,1918,820
13200,26,Focused,0.984,484,437,735,659
13200,16,Focused,0.983,931,459,1097,639
13230,5,Focused,0.95,1592,514,1897,868
13230,1,Focused,0.985,797,509,1175,939
13230,2,Focused,0.979,1440,434,1639,653
13230,4,Focused,0.973,390,566,680,969
13230,19,Focused,0.976,644,374,840,593
13230,16,Focused,0.984,811,454,1025,696
13230,10,Focused,0.976,1845,579,1919,821
13230,20,Focused,0.986,790,382,962,574
13230,13,Focused,0.985,1164,431,1330,697
13230,26,Focused,0.773,475,443,728,674
13230,29,Unknown,0.0,94,805,374,1076
13260,5,Focused,0.968,1628,525,1900,873
13260,4,Focused,0.92,390,566,680,969
13260,1,Focused,0.984,799,518,1175,939
13260,2,Focused,0.979,1433,434,1640,662
13260,16,Focused,0.985,811,456,1019,697
13260,19,Focused,0.981,673,389,843,592
13260,6,Focused,0.606,528,413,746,611
13260,20,Focused,0.984,790,382,960,576
13260,13,Focused,0.98,1169,425,1340,683
13260,10,Focused,0.977,1840,568,1919,820
13260,29,Unknown,0.0,95,805,374,1076
13290,1,Focused,0.985,799,509,1176,939
13290,5,Focused,0.966,1648,533,1919,877
13290,2,Focused,0.978,1433,435,1636,660
13290,4,Focused,0.709,390,575,682,968
13290,19,Focused,0.981,671,389,841,594
13290,20,Focused,0.983,791,382,958,572
13290,16,Focused,0.986,815,451,1021,696
13290,13,Focused,0.98,1172,422,1339,698
13290,26,Focused,0.978,463,471,731,666
13290,29,Unknown,0.0,114,804,374,1067
13320,2,Focused,0.979,1434,425,1636,655
13320,1,Focused,0.986,799,511,1175,939
13320,5,Focused,0.972,1592,515,1917,871
13320,4,Focused,0.911,391,559,714,969
13320,19,Focused,0.986,660,386,842,594
13320,6,Focused,0.81,532,428,732,614
13320,16,Focused,0.981,813,447,1031,695
13320,13,Focused,0.986,1184,409,1350,715
13320,20,Focused,0.986,788,385,953,560
13320,10,Focused,0.97,1866,644,1919,792
13320,29,Unknown,0.0,139,804,374,1076
13350,2,Focused,0.979,1431,427,1634,661
13350,5,Focused,0.977,1622,517,1912,868
13350,1,Focused,0.983,708,526,1167,933
13350,26,Focused,0.984,473,428,733,667
13350,13,Focused,0.982,1188,416,1352,712
13350,19,Focused,0.984,664,385,838,594
13350,4,Focused,0.975,380,570,708,967
13350,20,Focused,0.986,786,384,949,575
13350,10,Focused,0.97,1871,661,1919,805
13350,16,Focused,0.986,817,448,1095,691
13350,29,Focused,0.977,138,804,375,1076
13380,5,Focused,0.959,1644,536,1917,869
13380,2,Focused,0.977,1434,429,1633,656
13380,26,Focused,0.983,535,428,729,688
13380,4,Focused,0.834,344,559,675,970
13380,13,Focused,0.805,1200,414,1351,666
13380,19,Focused,0.971,656,406,842,596
13380,20,Focused,0.984,788,382,959,555
13380,1,Focused,0.984,594,564,1146,929
13380,16,Focused,0.987,819,448,1098,698
13380,10,Focused,0.973,1877,667,1919,799
13380,29,Focused,0.896,109,804,359,1076
13410,5,Focused,0.97,1561,519,1915,885
13410,4,Focused,0.978,344,558,707,970
13410,1,Focused,0.986,762,556,1148,950
13410,2,Focused,0.978,1391,431,1616,656
13410,19,Focused,0.982,658,400,843,595
13410,13,Focused,0.938,1189,418,1398,708
13410,6,Focused,0.975,534,427,730,628
13410,20,Focused,0.986,790,383,959,559
13410,16,Focused,0.987,817,449,1093,696
13410,10,Focused,0.966,1870,661,1919,806
13410,29,Focused,0.979,90,804,358,1076
13440,5,Focused,0.966,1561,519,1914,889
13440,1,Focused,0.983,772,529,1165,945
13440,4,Focused,0.968,362,538,709,968
13440,19,Focused,0.978,666,397,840,595
13440,20,Focused,0.985,791,383,958,563
13440,2,Focused,0.979,1404,430,1633,654
13440,16,Focused,0.987,818,450,1094,693
13440,13,Focused,0.879,1192,417,1401,701
13440,6,Focused,0.979,558,428,734,612
13440,10,Focused,0.967,1846,547,1919,811
13440,29,Focused,0.98,91,804,372,1076
13470,5,Focused,0.976,1579,523,1912,869
13470,4,Focused,0.982,317,589,661,971
13470,19,Focused,0.983,648,390,813,595
13470,1,Focused,0.987,805,514,1249,931
13470,2,Focused,0.98,1401,432,1616,654
13470,26,Focused,0.982,465,420,710,670
13470,13,Focused,0.959,1203,417,1362,697
13470,16,Focused,0.985,808,405,1028,670
13470,10,Focused,0.976,1860,653,1919,811
13470,9,Focused,0.983,1,418,352,723
13500,5,Focused,0.979,1572,532,1915,885
13500,1,Focused,0.984,791,513,1221,928
13500,4,Focused,0.983,355,542,716,972
13500,19,Focused,0.982,679,386,837,595
13500,2,Focused,0.981,1441,440,1646,653
13500,13,Focused,0.98,1208,415,1358,670
13500,16,Focused,0.982,810,467,1016,694
13500,9,Focused,0.972,24,416,321,733
13500,6,Focused,0.981,529,426,725,659
13500,20,Focused,0.983,794,383,970,554
13500,10,Focused,0.972,1864,652,1919,804
13530,5,Focused,0.982,1602,521,1912,870
13530,26,Focused,0.981,491,425,689,695
13530,2,Focused,0.981,1392,428,1615,656
13530,1,Focused,0.964,790,518,1217,928
13530,29,Focused,0.982,201,582,480,1073
13530,19,Focused,0.978,654,392,838,594
13530,13,Focused,0.987,1192,416,1354,709
13530,16,Focused,0.988,812,465,1015,694
13530,20,Focused,0.984,792,382,967,535
13530,10,Focused,0.978,1854,554,1919,815
13530,9,Focused,0.958,24,416,310,734
13560,5,Focused,0.982,1623,515,1914,868
13560,26,Focused,0.982,483,423,689,695
13560,1,Focused,0.98,790,516,1205,929
13560,2,Focused,0.979,1393,430,1626,658
13560,29,Focused,0.984,206,580,479,1071
13560,13,Focused,0.986,1193,422,1378,703
13560,19,Focused,0.975,640,391,748,594
13560,20,Focused,0.981,846,382,1015,569
13560,9,Using Phone,0.669,24,416,304,733
13560,16,Focused,0.987,739,394,943,682
13560,10,Focused,0.974,1873,666,1919,807
13590,5,Focused,0.983,1651,532,1916,868
13590,4,Focused,0.978,368,563,657,971
13590,1,Focused,0.978,790,522,1217,933
13590,2,Focused,0.978,1393,430,1624,657
13590,26,Focused,0.981,478,419,689,667
13590,20,Focused,0.983,856,383,1022,575
13590,19,Focused,0.935,634,391,751,595
13590,16,Focused,0.986,746,393,944,679
13590,9,Focused,0.977,23,417,321,733
13590,13,Focused,0.968,1195,420,1357,674
13590,10,Focused,0.971,1878,666,1919,807
13620,5,Focused,0.976,1645,533,1918,873
13620,1,Focused,0.988,788,516,1224,930
13620,4,Focused,0.984,380,580,716,971
13620,2,Focused,0.916,1394,431,1617,655
13620,19,Focused,0.95,641,386,760,594
13620,20,Focused,0.983,867,383,1019,519
13620,26,Focused,0.97,482,419,692,671
13620,16,Focused,0.983,758,385,951,674
13620,9,Focused,0.967,23,418,321,733
13620,13,Focused,0.979,1204,420,1359,676
13620,10,Focused,0.976,1866,521,1919,794
13650,5,Focused,0.978,1647,526,1914,874
13650,4,Focused,0.985,354,593,664,976
13650,19,Focused,0.967,663,403,838,596
13650,2,Focused,0.941,1395,430,1611,655
13650,1,Focused,0.985,793,526,1196,932
13650,16,Focused,0.984,827,462,1015,692
13650,6,Focused,0.981,502,429,711,670
13650,13,Focused,0.98,1193,417,1344,706
13650,20,Focused,0.978,794,383,965,551
13650,9,Focused,0.959,23,418,321,733
13680,5,Focused,0.972,1649,527,1916,875
13680,4,Focused,0.758,337,568,616,972
13680,2,Focused,0.977,1394,431,1616,656
13680,1,Focused,0.986,790,526,1185,928
13680,6,Focused,0.982,501,420,709,636
13680,16,Focused,0.977,818,464,1019,692
13680,19,Focused,0.977,650,404,844,598
13680,13,Focused,0.838,1192,415,1405,691
13680,20,Focused,0.979,792,383,966,555
13680,9,Focused,0.965,45,415,338,734
13680,10,Focused,0.964,1879,668,1919,804
13710,5,Focused,0.977,1655,532,1919,876
13710,6,Focused,0.982,531,429,704,686
13710,19,Focused,0.976,633,385,819,592
13710,2,Focused,0.975,1390,431,1612,656
13710,4,Focused,0.873,338,548,593,972
13710,1,Focused,0.984,791,530,1186,931
13710,16,Focused,0.917,816,455,1016,693
13710,20,Focused,0.98,790,385,956,546
13710,13,Focused,0.97,1188,424,1356,710
13710,9,Focused,0.974,75,419,293,703
13710,10,Focused,0.962,1870,644,1919,800
13740,5,Focused,0.982,1625,525,1915,867
13740,4,Focused,0.982,341,561,609,972
13740,2,Focused,0.978,1390,429,1612,650
13740,1,Focused,0.963,793,532,1187,931
13740,20,Focused,0.98,788,382,971,574
13740,6,Focused,0.978,508,429,712,666
13740,16,Focused,0.922,820,458,1015,694
13740,13,Focused,0.986,1191,422,1440,690
13740,9,Focused,0.977,73,424,294,703
13740,10,Focused,0.972,1864,650,1919,804
13740,19,Focused,0.969,614,346,815,591
13770,5,Focused,0.983,1569,529,1919,888
13770,6,Focused,0.978,522,427,712,693
13770,19,Focused,0.979,628,393,817,595
13770,1,Focused,0.979,792,519,1186,930
13770,4,Focused,0.984,333,546,578,972
13770,2,Focused,0.98,1390,429,1605,648
13770,16,Focused,0.9,816,458,1014,692
13770,20,Focused,0.981,794,381,967,570
13770,13,Focused,0.988,1191,418,1441,690
13770,9,Focused,0.982,74,425,295,703
13770,10,Focused,0.976,1877,658,1919,765
13800,5,Focused,0.976,1560,537,1919,886
13800,19,Focused,0.974,634,395,822,594
13800,2,Focused,0.981,1388,429,1627,657
13800,4,Focused,0.98,340,555,605,973
13800,6,Focused,0.979,517,428,711,673
13800,1,Focused,0.986,791,525,1187,931
13800,13,Focused,0.981,1200,419,1374,672
13800,16,Focused,0.986,817,458,1015,694
13800,20,Focused,0.981,794,383,962,562
13800,9,Focused,0.983,71,427,294,703
13800,10,Focused,0.971,1877,657,1919,770
13830,5,Focused,0.976,1562,545,1919,886
13830,19,Focused,0.979,633,390,828,594
13830,4,Focused,0.981,341,555,613,973
13830,1,Focused,0.983,798,527,1219,925
13830,2,Focused,0.98,1388,430,1609,656
13830,6,Focused,0.977,509,429,714,640
13830,16,Focused,0.985,809,459,1022,695
13830,20,Focused,0.981,793,383,962,551
13830,9,Focused,0.979,72,428,296,704
13830,13,Focused,0.984,1204,416,1356,683
13830,10,Focused,0.943,1874,647,1919,767
13860,5,Focused,0.977,1565,522,1920,878
13860,1,Focused,0.982,852,538,1222,959
13860,4,Focused,0.982,340,559,620,973
13860,19,Focused,0.977,650,410,834,595
13860,2,Focused,0.981,1390,431,1615,656
13860,6,Focused,0.979,501,428,712,621
13860,16,Focused,0.983,815,456,1017,700
13860,13,Focused,0.983,1195,423,1363,715
13860,9,Focused,0.98,71,428,293,703
13860,10,Focused,0.86,1883,670,1919,770
13860,20,Focused,0.982,826,390,971,535
13890,5,Focused,0.98,1596,519,1916,870
13890,4,Focused,0.98,341,566,619,972
13890,1,Focused,0.972,841,519,1225,932
13890,19,Focused,0.98,639,397,826,597
13890,6,Focused,0.979,490,428,712,644
13890,13,Focused,0.977,1193,418,1426,687
13890,2,Focused,0.98,1391,429,1614,648
13890,16,Focused,0.971,814,458,1014,700
13890,20,Focused,0.983,790,384,969,537
13890,9,Focused,0.979,72,428,293,703
13890,10,Focused,0.935,1858,610,1919,815
13920,5,Focused,0.98,1635,555,1919,935
13920,1,Focused,0.986,795,518,1208,929
13920,19,Focused,0.981,636,394,826,597
13920,4,Focused,0.981,341,562,621,972
13920,2,Focused,0.979,1389,431,1612,647
13920,6,Focused,0.981,492,427,709,621
13920,16,Focused,0.953,814,458,1013,693
13920,13,Focused,0.985,1191,423,1436,709
13920,20,Focused,0.985,793,388,976,541
13920,9,Focused,0.981,72,427,293,703
13950,5,Focused,0.974,1583,519,1916,885
13950,1,Focused,0.984,797,515,1212,930
13950,4,Focused,0.955,329,560,610,973
13950,2,Focused,0.981,1390,431,1614,656
13950,19,Focused,0.983,625,390,827,595
13950,16,Focused,0.859,814,460,1012,693
13950,6,Focused,0.983,498,424,709,654
13950,20,Focused,0.984,794,384,970,556
13950,13,Focused,0.986,1198,420,1359,678
13950,9,Focused,0.98,72,428,294,703
13950,10,Using Phone,0.334,1877,659,1919,792
13980,5,Focused,0.968,1643,526,1919,875
13980,2,Focused,0.981,1389,431,1616,655
13980,4,Focused,0.944,338,565,615,973
13980,19,Focused,0.971,633,393,824,597
13980,1,Focused,0.98,795,513,1212,930
13980,6,Focused,0.984,470,424,707,671
13980,13,Focused,0.975,1200,414,1341,672
13980,16,Focused,0.949,814,459,1011,694
13980,9,Focused,0.977,72,429,293,703
13980,10,Using Phone,0.334,1867,646,1919,783
13980,20,Focused,0.97,791,391,966,542
14010,5,Focused,0.955,1647,515,1918,871
14010,13,Focused,0.972,1188,413,1371,714
14010,2,Focused,0.982,1397,425,1614,654
14010,1,Focused,0.986,796,515,1212,930
14010,4,Focused,0.984,333,565,609,973
14010,19,Focused,0.988,625,390,830,597
14010,16,Focused,0.768,814,458,1013,694
14010,20,Focused,0.972,794,382,971,569
14010,6,Focused,0.981,392,426,708,650
14010,10,Focused,0.373,1868,649,1919,789
14010,9,Focused,0.983,74,431,296,704
14040,5,Focused,0.97,1645,523,1917,876
14040,4,Focused,0.987,349,573,593,977
14040,2,Focused,0.982,1392,430,1616,654
14040,26,Focused,0.912,507,432,740,686
14040,1,Focused,0.982,794,514,1212,930
14040,19,Focused,0.987,663,389,825,593
14040,13,Focused,0.976,1192,413,1339,707
14040,20,Focused,0.975,793,383,956,576
14040,16,Focused,0.955,814,458,1011,694
14040,10,Focused,0.874,1876,660,1919,792
14040,9,Focused,0.983,74,428,295,703
14070,5,Focused,0.973,1644,526,1918,875
14070,19,Focused,0.944,633,383,803,596
14070,1,Focused,0.985,792,511,1210,930
14070,26,Focused,0.809,480,409,699,690
14070,13,Focused,0.971,1189,420,1348,712
14070,2,Focused,0.982,1391,433,1596,655
14070,20,Focused,0.985,787,389,957,688
14070,4,Focused,0.977,250,567,515,1066
14070,9,Focused,0.961,74,429,297,703
14070,10,Focused,0.97,1873,657,1919,788
14100,5,Focused,0.978,1646,525,1918,875
14100,19,Focused,0.972,635,394,808,598
14100,26,Focused,0.971,468,410,695,691
14100,2,Focused,0.982,1387,429,1602,654
14100,1,Focused,0.976,791,518,1238,930
14100,13,Focused,0.988,1192,417,1345,712
14100,4,Focused,0.979,211,575,465,1068
14100,16,Focused,0.984,797,417,968,685
14100,9,Focused,0.967,74,428,291,704
14100,30,Unknown,0.0,902,383,1011,518
14100,10,Focused,0.977,1869,649,1919,790
14130,5,Focused,0.981,1650,523,1919,874
14130,26,Focused,0.976,466,410,694,691
14130,13,Focused,0.985,1182,418,1449,713
14130,19,Focused,0.983,634,395,808,598
14130,1,Focused,0.98,791,519,1228,932
14130,4,Focused,0.981,207,577,465,1069
14130,2,Focused,0.982,1404,431,1610,648
14130,9,Focused,0.972,74,428,286,704
14130,30,Unknown,0.0,886,383,1013,516
14130,16,Focused,0.986,771,423,967,684
14130,10,Focused,0.979,1869,659,1919,755
14160,5,Focused,0.981,1567,523,1916,888
14160,16,Focused,0.984,738,416,968,684
14160,1,Focused,0.968,791,511,1224,935
14160,13,Focused,0.942,1192,415,1393,714
14160,26,Focused,0.952,465,412,713,691
14160,2,Focused,0.982,1393,429,1610,654
14160,4,Focused,0.962,207,575,466,1070
14160,9,Focused,0.943,74,428,285,704
14160,19,Focused,0.982,633,395,776,598
14160,30,Unknown,0.0,895,384,1012,518
14160,10,Focused,0.979,1873,658,1919,798
14190,5,Focused,0.981,1568,522,1916,886
14190,1,Focused,0.882,790,514,1225,934
14190,19,Focused,0.978,632,393,816,598
14190,26,Focused,0.959,467,411,695,691
14190,4,Focused,0.919,202,574,576,1071
14190,2,Focused,0.977,1389,430,1611,654
14190,13,Focused,0.983,1189,414,1359,712
14190,9,Focused,0.958,74,427,287,703
14190,30,Unknown,0.0,892,386,1013,518
14190,16,Focused,0.914,781,406,962,686
14190,10,Focused,0.977,1870,659,1919,796
14220,5,Focused,0.983,1635,519,1915,874
14220,19,Focused,0.98,633,394,813,597
14220,2,Focused,0.978,1392,430,1614,654
14220,1,Focused,0.976,787,514,1224,934
14220,26,Focused,0.975,466,412,696,691
14220,13,Focused,0.985,1186,422,1394,712
14220,4,Focused,0.949,203,577,551,1068
14220,9,Focused,0.977,73,427,286,703
14220,30,Focused,0.982,902,386,1012,516
14220,16,Focused,0.986,799,420,969,684
14220,10,Focused,0.975,1856,637,1919,802
14250,5,Focused,0.977,1639,528,1915,875
14250,26,Focused,0.97,471,411,694,690
14250,1,Focused,0.983,785,512,1223,934
14250,13,Focused,0.913,1182,414,1425,714
14250,2,Focused,0.98,1391,429,1612,649
14250,4,Focused,0.529,202,575,465,1068
14250,9,Focused,0.849,73,427,286,703
14250,30,Focused,0.982,905,386,1013,516
14250,16,Focused,0.983,794,417,974,685
14250,19,Focused,0.983,632,393,774,563
14250,10,Focused,0.98,1874,657,1919,796
14280,5,Focused,0.982,1572,524,1913,884
14280,4,Focused,0.609,318,561,564,975
14280,1,Focused,0.983,786,515,1224,933
14280,26,Focused,0.976,491,412,686,685
14280,2,Focused,0.98,1393,429,1611,653
14280,13,Focused,0.981,1191,415,1344,711
14280,30,Focused,0.982,861,385,1013,534
14280,19,Focused,0.98,624,393,752,571
14280,20,Focused,0.975,654,430,967,684
14280,9,Focused,0.904,69,423,293,704
14280,10,Focused,0.981,1873,660,1919,806
14310,5,Focused,0.984,1572,531,1913,885
14310,26,Focused,0.98,489,411,693,688
14310,1,Focused,0.968,789,514,1223,934
14310,4,Focused,0.975,327,566,573,974
14310,19,Focused,0.98,628,390,775,597
14310,2,Focused,0.978,1393,429,1612,648
14310,16,Focused,0.985,723,417,970,684
14310,13,Focused,0.984,1188,419,1437,715
14310,30,Focused,0.982,876,385,1015,517
14310,10,Focused,0.981,1877,664,1919,807
14310,9,Focused,0.959,72,426,294,704
14340,5,Focused,0.984,1572,527,1914,885
14340,19,Focused,0.98,634,396,810,597
14340,26,Focused,0.977,484,413,713,691
14340,1,Focused,0.984,788,524,1202,934
14340,4,Focused,0.977,333,568,589,975
14340,2,Focused,0.977,1393,429,1610,646
14340,30,Focused,0.982,906,385,1015,516
14340,16,Focused,0.985,790,405,956,683
14340,13,Focused,0.984,1192,416,1437,715
14340,9,Focused,0.888,72,427,297,704
14340,10,Focused,0.977,1877,664,1919,806
14370,5,Focused,0.984,1568,522,1913,882
14370,1,Focused,0.969,788,515,1209,935
14370,26,Focused,0.98,491,412,693,689
14370,19,Focused,0.979,639,392,813,597
14370,2,Focused,0.98,1392,429,1611,646
14370,13,Focused,0.984,1187,418,1437,714
14370,30,Focused,0.983,897,385,1019,517
14370,4,Focused,0.973,292,566,531,1047
14370,16,Focused,0.953,798,423,975,683
14370,9,Focused,0.952,72,425,296,704
14370,10,Focused,0.977,1879,675,1919,807
14400,5,Focused,0.984,1573,523,1912,900
14400,26,Focused,0.982,472,410,694,691
14400,19,Focused,0.976,639,395,810,598
14400,1,Focused,0.979,790,515,1212,935
14400,13,Focused,0.987,1181,422,1438,714
14400,4,Focused,0.976,217,569,466,1071
14400,2,Focused,0.98,1392,429,1611,645
14400,30,Focused,0.983,904,386,1021,516
14400,16,Focused,0.971,796,423,977,684
14400,9,Focused,0.966,0,412,287,706
14400,10,Focused,0.968,1880,673,1919,807
14430,5,Focused,0.982,1577,525,1914,905
14430,26,Focused,0.98,476,414,691,691
14430,19,Focused,0.964,636,397,806,598
14430,1,Focused,0.98,791,515,1209,935
14430,13,Focused,0.949,1178,422,1442,714
14430,2,Focused,0.98,1391,430,1594,627
14430,4,Focused,0.548,216,573,467,1060
14430,16,Focused,0.975,787,373,976,687
14430,9,Focused,0.853,0,416,295,730
14430,10,Using Phone,0.334,1884,689,1919,802
14460,5,Focused,0.962,1573,522,1913,899
14460,26,Focused,0.954,500,422,723,700
14460,19,Focused,0.974,655,396,808,596
14460,1,Focused,0.986,790,514,1210,934
14460,2,Focused,0.982,1403,429,1619,653
14460,16,Focused,0.984,789,392,986,689
14460,4,Focused,0.571,213,573,466,1065
14460,13,Focused,0.508,1176,415,1437,712
14460,9,Focused,0.873,17,415,295,705
14460,30,Focused,0.982,929,385,1014,517
14460,10,Using Phone,0.334,1882,681,1919,805
14490,5,Focused,0.973,1573,515,1911,900
14490,26,Focused,0.97,493,419,718,698
14490,13,Focused,0.8,1180,423,1413,713
14490,19,Focused,0.977,645,396,824,596
14490,1,Focused,0.986,791,514,1213,934
14490,2,Focused,0.981,1402,431,1620,653
14490,4,Using Phone,0.498,209,572,466,1061
14490,16,Focused,0.985,820,440,1002,693
14490,9,Focused,0.958,40,428,288,712
14490,10,Focused,0.293,1861,648,1919,810
14520,5,Focused,0.974,1572,519,1912,891
14520,13,Focused,0.957,1180,417,1415,713
14520,19,Focused,0.978,658,396,823,597
14520,26,Focused,0.977,497,430,709,697
14520,1,Focused,0.982,792,514,1213,932
14520,2,Focused,0.981,1399,431,1622,654
14520,4,Focused,0.586,215,575,466,1064
14520,16,Focused,0.986,818,441,1010,693
14520,9,Focused,0.89,40,428,293,712
14520,31,Unknown,0.0,791,385,965,554
14520,10,Focused,0.705,1869,658,1919,806
14550,5,Focused,0.979,1630,514,1908,869
14550,26,Focused,0.978,499,426,708,698
14550,13,Focused,0.976,1180,420,1395,712
14550,19,Focused,0.98,652,392,824,597
14550,2,Focused,0.979,1396,429,1622,655
14550,1,Focused,0.986,794,513,1214,932
14550,4,Focused,0.614,210,575,466,1061
14550,16,Focused,0.983,817,440,1008,693
14550,9,Focused,0.963,40,429,293,712
14550,31,Unknown,0.0,791,385,964,551
14550,10,Focused,0.952,1868,658,1918,814
14580,5,Focused,0.979,1579,517,1909,906
14580,19,Focused,0.983,654,396,823,596
14580,13,Focused,0.959,1179,421,1392,713
14580,26,Focused,0.976,498,432,709,697
14580,1,Focused,0.986,793,513,1213,932
14580,2,Focused,0.982,1413,431,1623,645
14580,4,Focused,0.636,213,573,466,1059
14580,16,Focused,0.986,813,416,1017,693
14580,9,Focused,0.974,40,429,290,712
14580,31,Unknown,0.0,791,385,962,549
14580,10,Focused,0.972,1869,659,1919,817
14610,5,Focused,0.979,1646,526,1907,875
14610,26,Focused,0.979,496,416,713,696
14610,2,Focused,0.982,1386,431,1616,656
14610,13,Focused,0.984,1185,419,1386,713
14610,1,Focused,0.968,792,512,1212,932
14610,19,Focused,0.987,649,397,801,597
14610,4,Focused,0.681,211,571,466,1069
14610,30,Focused,0.982,917,389,1015,515
14610,16,Focused,0.986,795,390,972,683
14610,10,Focused,0.975,1856,644,1919,813
14610,9,Focused,0.978,103,427,288,702
14640,5,Focused,0.98,1655,529,1920,874
14640,26,Focused,0.977,491,413,711,691
14640,1,Focused,0.984,793,512,1213,932
14640,19,Focused,0.982,628,383,812,597
14640,13,Focused,0.98,1186,422,1422,713
14640,2,Focused,0.981,1390,431,1617,652
14640,4,Focused,0.973,209,573,466,1062
14640,30,Focused,0.981,887,385,1015,517
14640,16,Focused,0.986,775,414,968,688
14640,9,Focused,0.981,127,424,304,629
14640,10,Focused,0.97,1870,659,1919,783
14670,5,Focused,0.98,1656,540,1919,874
14670,19,Focused,0.981,640,400,808,597
14670,26,Focused,0.98,490,415,712,690
14670,1,Focused,0.984,806,516,1214,924
14670,2,Focused,0.981,1391,431,1620,646
14670,4,Focused,0.984,209,575,466,1062
14670,30,Focused,0.98,884,386,1016,516
14670,13,Focused,0.982,1189,424,1435,715
14670,9,Focused,0.982,126,427,308,629
14670,10,Focused,0.933,1875,657,1919,800
14670,16,Focused,0.983,772,422,938,665
14700,5,Focused,0.961,1578,524,1910,909
14700,26,Focused,0.98,491,416,712,690
14700,1,Focused,0.983,786,520,1240,930
14700,2,Focused,0.981,1389,431,1617,648
14700,13,Focused,0.983,1179,422,1436,715
14700,4,Focused,0.984,214,578,476,1061
14700,30,Focused,0.982,894,386,1015,517
14700,16,Focused,0.981,784,409,965,687
14700,19,Focused,0.979,639,397,808,597
14700,10,Using Phone,0.334,1869,659,1919,814
14700,9,Focused,0.982,124,427,303,630
14730,5,Focused,0.968,1580,519,1912,893
14730,26,Focused,0.962,491,417,711,690
14730,13,Focused,0.98,1182,418,1441,714
14730,1,Focused,0.984,787,517,1238,931
14730,19,Focused,0.965,633,397,792,598
14730,4,Focused,0.767,222,566,466,1069
14730,16,Focused,0.969,754,449,965,683
14730,30,Focused,0.982,860,388,1014,537
14730,10,Focused,0.341,1844,522,1919,797
14730,2,Focused,0.982,1411,433,1619,645
14730,9,Focused,0.973,125,426,305,629
14760,5,Focused,0.951,1574,519,1912,914
14760,26,Focused,0.764,490,421,711,691
14760,13,Focused,0.982,1192,423,1406,715
14760,1,Focused,0.979,789,514,1240,929
14760,4,Focused,0.621,224,564,466,1074
14760,2,Focused,0.981,1390,432,1617,653
14760,19,Focused,0.948,630,390,802,598
14760,16,Focused,0.95,767,443,967,685
14760,30,Focused,0.982,876,389,1010,523
14760,10,Focused,0.792,1868,661,1919,811
14760,9,Focused,0.98,125,426,305,630
14790,5,Focused,0.951,1603,520,1909,870
14790,26,Focused,0.954,494,423,719,690
14790,13,Focused,0.895,1182,421,1415,715
14790,1,Focused,0.972,791,507,1215,929
14790,19,Focused,0.969,632,396,788,588
14790,2,Focused,0.981,1394,432,1622,656
14790,4,Focused,0.73,224,565,465,1073
14790,16,Focused,0.983,769,443,968,685
14790,30,Focused,0.981,876,388,1011,523
14790,10,Focused,0.901,1863,659,1919,811
14790,9,Focused,0.978,125,426,304,630
14820,5,Focused,0.972,1568,522,1912,886
14820,26,Focused,0.972,492,421,709,691
14820,19,Focused,0.979,634,396,796,586
14820,4,Focused,0.926,221,566,465,1074
14820,1,Focused,0.879,787,511,1187,930
14820,2,Focused,0.982,1397,432,1621,647
14820,30,Focused,0.981,907,387,1006,519
14820,13,Focused,0.961,1188,424,1438,714
14820,16,Focused,0.987,780,436,973,702
14820,10,Focused,0.927,1862,656,1919,809
14820,9,Focused,0.982,123,426,305,629
14850,5,Focused,0.974,1567,520,1912,885
14850,1,Focused,0.985,788,507,1178,934
14850,13,Focused,0.979,1183,417,1353,712
14850,4,Focused,0.976,220,566,465,1074
14850,2,Focused,0.981,1384,433,1619,655
14850,26,Focused,0.976,490,424,723,690
14850,30,Focused,0.978,881,386,1004,517
14850,16,Focused,0.985,780,441,963,701
14850,19,Focused,0.98,615,384,800,592
14850,10,Focused,0.939,1862,659,1919,810
14850,9,Focused,0.983,126,425,304,629
14880,5,Focused,0.978,1571,523,1912,896
14880,26,Focused,0.978,493,423,718,689
14880,4,Focused,0.976,221,568,465,1076
14880,13,Focused,0.982,1185,414,1436,709
14880,1,Focused,0.968,792,514,1188,930
14880,19,Focused,0.977,627,379,789,585
14880,2,Focused,0.977,1392,434,1618,645
14880,9,Focused,0.983,92,422,296,703
14880,30,Focused,0.966,888,386,1008,517
14880,16,Focused,0.984,781,438,974,700
14880,10,Focused,0.942,1862,645,1919,805
14910,5,Focused,0.981,1566,529,1912,907
14910,26,Focused,0.98,494,421,720,691
14910,4,Focused,0.975,223,566,466,1076
14910,19,Focused,0.98,628,382,811,579
14910,2,Focused,0.979,1400,432,1616,653
14910,13,Focused,0.984,1190,419,1353,716
14910,1,Focused,0.979,788,521,1239,934
14910,9,Focused,0.973,101,424,312,700
14910,31,Unknown,0.0,788,388,966,543
14910,16,Focused,0.985,810,468,1015,700
14910,10,Focused,0.971,1881,673,1919,807
14940,5,Focused,0.964,1570,527,1911,904
14940,4,Focused,0.946,220,566,465,1075
14940,26,Focused,0.893,493,420,719,691
14940,31,Focused,0.987,789,385,973,577
14940,13,Focused,0.904,1194,419,1349,714
14940,1,Focused,0.644,788,516,1235,931
14940,2,Focused,0.98,1401,433,1622,652
14940,9,Focused,0.545,94,420,301,702
14940,19,Focused,0.973,627,378,764,584
14940,16,Focused,0.982,810,471,1012,699
14940,10,Focused,0.976,1879,671,1919,809
14970,5,Focused,0.971,1569,525,1910,898
14970,26,Focused,0.967,495,420,713,690
14970,4,Focused,0.92,248,572,493,1075
14970,13,Focused,0.963,1187,425,1435,715
14970,1,Focused,0.981,787,520,1235,933
14970,19,Focused,0.973,622,381,762,583
14970,2,Focused,0.978,1376,435,1623,645
14970,31,Focused,0.984,790,386,971,571
14970,16,Focused,0.972,809,471,1014,698
14970,9,Focused,0.829,103,424,341,697
14970,10,Focused,0.967,1878,674,1919,810
15000,5,Focused,0.974,1570,524,1908,899
15000,4,Focused,0.908,340,568,610,972
15000,13,Focused,0.912,1187,425,1432,715
15000,26,Focused,0.972,498,422,714,648
15000,1,Focused,0.848,790,522,1233,932
15000,2,Focused,0.98,1385,432,1619,647
15000,16,Focused,0.981,809,470,1021,698
15000,31,Focused,0.984,821,388,972,578
15000,19,Focused,0.979,632,389,822,589
15000,10,Focused,0.957,1879,676,1919,810
15000,9,Focused,0.967,122,423,333,646
15030,5,Focused,0.965,1570,523,1910,895
15030,26,Focused,0.97,492,420,716,691
15030,4,Focused,0.813,227,567,467,1075
15030,2,Focused,0.981,1386,432,1623,650
15030,13,Focused,0.661,1184,421,1431,715
15030,19,Focused,0.97,632,391,817,590
15030,1,Focused,0.884,793,520,1206,932
15030,31,Focused,0.982,824,389,973,578
15030,16,Focused,0.984,811,471,1020,698
15030,10,Focused,0.972,1879,675,1919,812
15030,9,Focused,0.575,121,423,304,631
15060,5,Focused,0.976,1566,518,1910,887
15060,4,Focused,0.912,224,566,465,1075
15060,26,Focused,0.966,493,420,715,691
15060,2,Focused,0.981,1387,432,1618,654
15060,13,Focused,0.839,1174,423,1350,711
15060,19,Focused,0.969,622,379,797,586
15060,1,Focused,0.811,795,515,1204,932
15060,16,Focused,0.981,811,471,1016,698
15060,31,Focused,0.982,831,385,972,550
15060,10,Focused,0.384,1881,678,1919,808
15060,9,Focused,0.69,122,423,305,630
15090,5,Focused,0.979,1568,525,1912,887
15090,2,Focused,0.98,1378,434,1619,655
15090,26,Focused,0.975,491,419,713,690
15090,4,Focused,0.947,223,562,466,1075
15090,1,Focused,0.838,784,509,1190,932
15090,19,Focused,0.752,629,380,775,581
15090,13,Focused,0.951,1189,425,1356,714
15090,16,Focused,0.986,808,468,1020,694
15090,31,Focused,0.983,784,386,973,578
15090,10,Focused,0.824,1880,680,1919,804
15090,9,Focused,0.926,121,423,303,631
15120,5,Focused,0.979,1625,530,1914,870
15120,4,Focused,0.957,216,566,466,1076
15120,26,Focused,0.972,492,417,714,690
15120,2,Focused,0.979,1381,433,1617,655
15120,19,Focused,0.972,625,382,783,580
15120,31,Focused,0.985,788,385,977,577
15120,1,Focused,0.967,812,583,1166,930
15120,13,Focused,0.987,1188,422,1352,714
15120,10,Focused,0.957,1875,666,1919,810
15120,9,Focused,0.965,121,422,303,630
15120,16,Focused,0.986,806,472,1101,695
15150,5,Focused,0.978,1625,524,1914,871
15150,13,Focused,0.983,1192,416,1365,669
15150,26,Focused,0.964,492,417,715,691
15150,2,Focused,0.976,1379,433,1612,654
15150,4,Focused,0.973,220,567,465,1075
15150,1,Focused,0.98,871,506,1244,932
15150,31,Focused,0.983,786,384,971,577
15150,9,Focused,0.97,89,423,299,702
15150,19,Focused,0.965,623,382,796,580
15150,16,Focused,0.981,809,470,1053,701
15150,10,Focused,0.973,1873,666,1919,810
15180,5,Focused,0.978,1626,524,1911,875
15180,26,Focused,0.963,491,417,714,691
15180,13,Focused,0.982,1194,416,1339,670
15180,4,Focused,0.969,217,566,465,1077
15180,2,Focused,0.975,1383,435,1620,655
15180,1,Focused,0.983,860,510,1240,933
15180,9,Focused,0.973,87,424,298,703
15180,19,Focused,0.969,622,380,845,592
15180,16,Focused,0.982,810,471,1043,701
15180,10,Focused,0.971,1875,664,1919,809
15180,31,Focused,0.979,802,384,974,560
15210,5,Focused,0.95,1563,525,1915,886
15210,4,Focused,0.975,216,567,465,1076
15210,26,Focused,0.656,491,420,714,691
15210,13,Focused,0.962,1193,418,1345,670
15210,2,Focused,0.979,1383,435,1628,657
15210,1,Focused,0.977,861,510,1243,932
15210,9,Focused,0.969,80,416,280,703
15210,16,Focused,0.918,809,457,1053,701
15210,19,Focused,0.972,625,389,843,599
15210,31,Focused,0.982,787,385,955,556
15210,10,Focused,0.978,1876,670,1919,803
15240,5,Focused,0.976,1563,524,1913,887
15240,13,Focused,0.897,1198,421,1356,670
15240,4,Focused,0.98,216,568,465,1076
15240,26,Focused,0.749,491,417,715,691
15240,2,Focused,0.98,1382,434,1629,657
15240,19,Focused,0.975,635,396,836,598
15240,1,Focused,0.981,863,515,1244,932
15240,9,Focused,0.754,91,421,297,702
15240,31,Focused,0.984,790,385,962,558
15240,16,Focused,0.974,810,466,1050,701
15240,10,Focused,0.973,1877,673,1919,808
15270,5,Focused,0.98,1561,525,1913,899
15270,26,Focused,0.911,491,418,715,691
15270,2,Focused,0.983,1381,434,1631,657
15270,4,Focused,0.982,217,566,465,1077
15270,13,Focused,0.976,1201,421,1357,669
15270,19,Focused,0.979,625,384,838,598
15270,1,Focused,0.984,862,513,1243,932
15270,9,Focused,0.935,86,423,291,703
15270,31,Focused,0.985,789,385,966,568
15270,16,Focused,0.984,810,467,1046,701
15270,10,Focused,0.975,1878,674,1919,809
15300,5,Focused,0.981,1561,524,1914,906
15300,13,Focused,0.984,1186,421,1344,670
15300,4,Focused,0.981,216,571,465,1076
15300,2,Focused,0.984,1379,437,1631,656
15300,26,Focused,0.981,492,416,711,691
15300,19,Focused,0.968,634,389,839,598
15300,1,Focused,0.986,862,514,1243,932
15300,9,Focused,0.888,84,423,290,703
15300,16,Focused,0.982,810,466,1043,701
15300,31,Focused,0.985,792,386,967,569
15300,10,Focused,0.978,1877,674,1919,809
15330,5,Focused,0.982,1631,523,1914,876
15330,2,Focused,0.984,1380,434,1630,657
15330,13,Focused,0.986,1196,417,1345,670
15330,26,Focused,0.981,493,417,712,691
15330,4,Focused,0.982,216,570,466,1076
15330,1,Focused,0.984,865,513,1242,933
15330,19,Focused,0.976,630,398,839,598
15330,9,Focused,0.967,84,423,290,703
15330,31,Focused,0.983,788,385,970,571
15330,16,Focused,0.978,810,467,1041,701
15330,10,Focused,0.977,1875,670,1919,801
15360,5,Focused,0.98,1637,527,1915,873
15360,13,Focused,0.98,1195,424,1360,669
15360,2,Focused,0.983,1381,434,1632,657
15360,4,Focused,0.978,215,570,465,1077
15360,26,Focused,0.981,492,417,714,690
15360,1,Focused,0.977,864,512,1244,932
15360,19,Focused,0.972,638,391,838,598
15360,9,Focused,0.774,81,422,288,703
15360,16,Focused,0.982,812,455,1053,701
15360,31,Focused,0.984,788,385,966,574
15360,10,Focused,0.972,1880,676,1919,791
15390,5,Focused,0.921,1631,523,1915,874
15390,13,Looking Away,0.465,1195,419,1350,670
15390,2,Focused,0.981,1376,432,1631,656
15390,4,Focused,0.982,217,572,465,1076
15390,26,Focused,0.982,490,421,722,691
15390,19,Focused,0.976,637,392,837,598
15390,1,Focused,0.982,865,515,1242,932
15390,9,Focused,0.894,85,425,297,703
15390,31,Focused,0.982,790,386,977,571
15390,16,Focused,0.986,811,473,1037,701
15390,10,Focused,0.388,1880,672,1919,800
15420,5,Focused,0.972,1627,525,1915,873
15420,4,Focused,0.916,217,575,463,1076
15420,13,Focused,0.925,1188,417,1383,705
15420,19,Focused,0.981,641,393,839,598
15420,26,Focused,0.978,491,417,717,691
15420,2,Focused,0.967,1386,434,1618,656
15420,1,Focused,0.986,859,533,1253,932
15420,9,Focused,0.734,83,428,300,702
15420,16,Focused,0.984,810,457,1030,703
15420,31,Focused,0.983,790,390,950,549
15420,10,Focused,0.843,1873,660,1919,799
15450,5,Focused,0.975,1628,524,1914,873
15450,2,Focused,0.974,1379,435,1633,657
15450,13,Focused,0.972,1187,417,1346,699
15450,19,Focused,0.984,640,393,836,598
15450,4,Focused,0.954,346,579,637,972
15450,1,Focused,0.984,863,524,1248,931
15450,26,Focused,0.978,490,416,718,673
15450,31,Focused,0.986,791,389,976,554
15450,16,Focused,0.981,810,465,1038,703
15450,9,Focused,0.897,84,427,325,703
15450,10,Focused,0.956,1878,670,1919,800
15480,5,Focused,0.981,1627,527,1915,874
15480,26,Focused,0.979,500,416,716,689
15480,13,Focused,0.988,1192,416,1396,698
15480,2,Focused,0.975,1379,434,1634,654
15480,4,Focused,0.965,328,568,594,974
15480,19,Focused,0.93,640,390,841,598
15480,1,Focused,0.981,862,524,1237,929
15480,9,Focused,0.513,98,410,313,702
15480,16,Focused,0.985,810,469,1042,701
15480,10,Focused,0.971,1878,668,1919,800
15480,31,Focused,0.986,832,393,974,548
15510,5,Focused,0.981,1637,523,1902,871
15510,13,Focused,0.983,1182,419,1431,673
15510,2,Focused,0.975,1377,433,1634,651
15510,26,Focused,0.98,491,415,718,691
15510,19,Focused,0.97,634,389,840,599
15510,1,Focused,0.982,865,522,1245,933
15510,4,Focused,0.962,220,572,464,1071
15510,9,Focused,0.804,0,415,313,729
15510,10,Focused,0.962,1840,523,1919,817
15510,16,Focused,0.986,810,471,1049,700
15510,31,Focused,0.984,829,392,979,548
15540,5,Focused,0.983,1616,530,1904,868
15540,2,Focused,0.982,1380,434,1634,653
15540,13,Focused,0.935,1183,421,1434,674
15540,26,Focused,0.978,484,415,727,690
15540,19,Focused,0.972,634,394,837,597
15540,1,Focused,0.98,866,517,1248,932
15540,9,Focused,0.727,1,409,289,726
15540,4,Focused,0.93,218,580,467,1055
15540,16,Focused,0.986,810,471,1046,700
15540,10,Focused,0.971,1866,659,1919,817
15540,31,Focused,0.982,787,386,978,547
15570,26,Focused,0.981,474,413,691,690
15570,5,Focused,0.983,1517,529,1887,871
15570,13,Focused,0.523,1195,415,1436,674
15570,19,Focused,0.978,633,395,839,599
15570,2,Focused,0.981,1407,434,1613,646
15570,1,Focused,0.982,862,517,1261,930
15570,4,Focused,0.954,216,581,465,1069
15570,10,Focused,0.537,1840,644,1919,821
15570,31,Focused,0.982,787,387,979,561
15570,9,Focused,0.928,64,416,301,708
15570,16,Focused,0.985,810,474,1067,701
15600,5,Focused,0.982,1600,527,1897,867
15600,19,Focused,0.957,626,391,785,584
15600,26,Focused,0.98,490,412,692,691
15600,13,Focused,0.942,1186,422,1437,673
15600,2,Focused,0.982,1397,436,1617,646
15600,1,Focused,0.984,856,517,1254,933
15600,4,Focused,0.968,171,592,557,1074
15600,16,Focused,0.98,785,410,1063,677
15600,10,Focused,0.65,1842,586,1918,816
15600,9,Focused,0.967,61,417,303,708
15600,31,Focused,0.981,786,388,961,553
15630,13,Focused,0.753,1163,417,1411,660
15630,5,Focused,0.983,1592,521,1891,869
15630,26,Focused,0.975,490,416,684,690
15630,19,Focused,0.975,636,390,779,582
15630,1,Focused,0.986,857,508,1255,932
15630,2,Focused,0.985,1410,449,1614,655
15630,4,Focused,0.977,196,617,505,1003
15630,16,Focused,0.978,781,394,1043,674
15630,10,Focused,0.544,1846,573,1918,818
15630,9,Focused,0.972,61,417,298,707
15660,26,Focused,0.979,490,415,684,691
15660,19,Focused,0.978,621,392,787,582
15660,2,Focused,0.984,1431,448,1613,643
15660,5,Focused,0.982,1610,528,1903,867
15660,13,Focused,0.695,1183,424,1436,674
15660,1,Focused,0.983,844,509,1251,932
15660,31,Focused,0.981,788,386,1011,538
15660,4,Focused,0.975,194,625,533,998
15660,16,Focused,0.984,818,479,1038,698
15660,9,Focused,0.984,61,417,287,707
15690,19,Focused,0.869,623,381,786,583
15690,26,Focused,0.974,489,415,680,691
15690,5,Focused,0.956,1639,520,1897,869
15690,13,Focused,0.961,1189,423,1439,684
15690,1,Focused,0.984,846,511,1255,931
15690,2,Focused,0.98,1394,443,1607,646
15690,4,Focused,0.962,199,616,533,1000
15690,31,Focused,0.982,789,386,969,543
15690,9,Focused,0.941,56,412,341,706
15690,16,Focused,0.983,818,467,1046,699
15690,10,Focused,0.978,1863,665,1919,817
15720,5,Focused,0.965,1620,519,1915,866
15720,26,Focused,0.977,490,413,710,690
15720,13,Focused,0.929,1186,419,1399,680
15720,1,Focused,0.983,839,517,1254,935
15720,19,Focused,0.621,625,384,784,584
15720,2,Focused,0.982,1393,438,1603,655
15720,30,Focused,0.974,897,385,1017,515
15720,16,Focused,0.982,795,435,1040,681
15720,4,Focused,0.958,202,624,549,1017
15720,9,Focused,0.956,70,406,307,704
15720,10,Focused,0.981,1872,664,1919,753
15750,1,Focused,0.979,850,538,1246,933
15750,5,Focused,0.86,1620,530,1901,866
15750,26,Focused,0.824,492,415,709,690
15750,4,Focused,0.584,231,591,542,999
15750,2,Focused,0.98,1393,439,1604,655
15750,13,Focused,0.941,1185,425,1378,690
15750,31,Focused,0.981,789,385,964,577
15750,19,Focused,0.934,628,396,805,597
15750,16,Focused,0.977,814,446,1017,694
15750,9,Focused,0.971,133,426,314,632
15750,10,Focused,0.98,1864,660,1919,820
15780,5,Focused,0.649,1568,526,1887,870
15780,13,Focused,0.896,1174,419,1394,678
15780,19,Focused,0.882,648,394,786,599
15780,26,Focused,0.943,492,417,711,690
15780,4,Focused,0.92,232,586,536,997
15780,1,Focused,0.965,843,521,1263,932
15780,2,Focused,0.981,1397,439,1603,654
15780,31,Focused,0.983,788,387,1014,577
15780,9,Focused,0.975,129,426,335,696
15780,10,Focused,0.977,1853,655,1919,821
15780,16,Focused,0.977,805,504,1040,700
15810,13,Focused,0.897,1176,422,1407,671
15810,5,Focused,0.894,1535,545,1917,871
15810,19,Focused,0.98,652,396,796,600
15810,2,Focused,0.978,1390,435,1620,654
15810,1,Focused,0.76,870,514,1247,932
15810,16,Focused,0.983,787,389,1043,686
15810,10,Focused,0.974,1863,654,1919,820
15810,26,Focused,0.883,490,418,699,672
15810,9,Focused,0.902,130,427,429,697
15840,5,Focused,0.972,1617,538,1906,867
15840,1,Focused,0.763,843,527,1257,934
15840,26,Focused,0.972,508,417,702,682
15840,4,Using Phone,0.555,338,562,593,972
15840,19,Focused,0.983,645,381,771,590
15840,2,Focused,0.977,1395,434,1616,645
15840,16,Focused,0.979,782,410,968,682
15840,30,Focused,0.98,893,387,1029,529
15840,13,Focused,0.982,1189,420,1436,697
15840,10,Focused,0.951,1832,651,1919,819
15840,9,Focused,0.878,130,427,367,693
15870,4,Focused,0.537,354,575,638,971
15870,1,Focused,0.902,845,521,1241,933
15870,5,Focused,0.976,1525,567,1916,873
15870,26,Focused,0.977,504,418,703,609
15870,19,Focused,0.983,644,389,761,581
15870,2,Focused,0.975,1395,437,1619,647
15870,16,Focused,0.915,785,416,981,677
15870,30,Focused,0.982,887,389,1012,517
15870,13,Focused,0.981,1188,425,1438,695
15870,9,Focused,0.966,129,426,330,642
15900,4,Focused,0.635,352,567,631,972
15900,5,Focused,0.968,1547,526,1916,873
15900,1,Focused,0.982,850,518,1250,933
15900,13,Focused,0.967,1188,426,1436,674
15900,19,Focused,0.981,644,389,800,582
15900,16,Focused,0.955,757,437,972,682
15900,26,Focused,0.979,505,420,704,610
15900,30,Focused,0.981,867,389,1016,519
15900,2,Focused,0.975,1375,433,1607,651
15900,10,Focused,0.824,1851,662,1919,821
15900,9,Focused,0.585,129,426,322,635
15930,5,Focused,0.976,1582,538,1918,870
15930,4,Focused,0.699,347,567,616,972
15930,16,Focused,0.966,766,413,997,682
15930,26,Focused,0.982,503,416,703,628
15930,1,Focused,0.981,844,520,1254,932
15930,19,Focused,0.98,651,384,764,588
15930,2,Focused,0.979,1376,435,1607,653
15930,30,Focused,0.98,893,385,1016,515
15930,13,Focused,0.979,1190,424,1405,683
15930,10,Focused,0.939,1848,651,1919,818
15930,9,Focused,0.917,128,426,322,643
15960,1,Focused,0.982,848,521,1261,933
15960,4,Focused,0.79,347,562,625,972
15960,13,Focused,0.956,1191,421,1436,674
15960,19,Focused,0.953,646,389,761,581
15960,26,Focused,0.978,509,420,709,610
15960,5,Focused,0.965,1532,537,1918,870
15960,16,Focused,0.983,768,421,990,681
15960,2,Focused,0.98,1378,435,1606,650
15960,30,Focused,0.981,890,387,1016,518
15960,9,Focused,0.885,128,427,321,639
15960,10,Focused,0.961,1857,654,1919,820
15990,13,Focused,0.981,1193,420,1351,669
15990,5,Focused,0.961,1614,528,1903,872
15990,19,Focused,0.973,649,407,768,586
15990,1,Focused,0.979,849,521,1254,932
15990,4,Focused,0.937,346,564,621,972
15990,16,Focused,0.766,764,422,990,681
15990,2,Focused,0.982,1378,433,1608,656
15990,26,Focused,0.977,499,418,704,613
15990,10,Focused,0.944,1844,656,1918,820
15990,30,Focused,0.981,897,387,1028,527
15990,9,Focused,0.963,128,427,355,666
16020,13,Focused,0.958,1188,416,1404,670
16020,1,Focused,0.974,849,517,1250,934
16020,5,Focused,0.843,1629,517,1892,870
16020,4,Focused,0.932,341,564,614,972
16020,26,Focused,0.973,497,417,703,632
16020,19,Focused,0.971,632,392,765,582
16020,2,Focused,0.986,1380,433,1607,656
16020,16,Focused,0.983,764,423,988,681
16020,10,Focused,0.971,1843,657,1918,820
16020,30,Focused,0.983,897,386,1022,518
16020,9,Focused,0.968,125,427,326,633
16050,13,Focused,0.967,1195,420,1393,668
16050,1,Focused,0.973,849,526,1254,934
16050,4,Focused,0.986,348,567,629,972
16050,16,Focused,0.966,761,421,988,681
16050,2,Focused,0.985,1379,433,1608,653
16050,5,Focused,0.974,1635,522,1894,873
16050,26,Focused,0.946,498,418,705,610
16050,19,Focused,0.987,627,384,781,580
16050,10,Focused,0.959,1827,583,1919,820
16050,30,Focused,0.959,887,389,1011,518
16050,9,Focused,0.972,126,426,326,637
16080,5,Focused,0.812,1617,517,1883,872
16080,4,Focused,0.979,352,560,623,972
16080,1,Focused,0.981,827,537,1252,933
16080,16,Focused,0.939,761,418,993,679
16080,19,Focused,0.976,615,387,781,582
16080,2,Focused,0.986,1382,433,1611,649
16080,10,Focused,0.978,1838,661,1919,822
16080,13,Focused,0.982,1193,426,1432,712
16080,26,Focused,0.957,409,421,721,676
16080,30,Focused,0.98,888,389,1011,516
16080,9,Focused,0.969,123,426,383,698
16110,5,Focused,0.886,1637,534,1919,876
16110,4,Focused,0.832,357,564,633,972
16110,1,Focused,0.971,835,514,1243,933
16110,16,Focused,0.975,764,427,992,680
16110,2,Focused,0.987,1378,435,1610,650
16110,19,Focused,0.982,616,384,784,579
16110,26,Focused,0.976,489,416,705,609
16110,30,Focused,0.982,885,389,1011,517
16110,13,Focused,0.983,1192,426,1433,686
16110,9,Focused,0.974,125,427,348,679
16140,5,Focused,0.905,1625,526,1919,867
16140,2,Focused,0.984,1422,437,1612,644
16140,26,Focused,0.98,491,419,706,690
16140,1,Focused,0.856,835,515,1241,932
16140,19,Focused,0.983,616,384,757,583
16140,30,Focused,0.983,892,386,1011,516
16140,16,Focused,0.968,758,415,1000,678
16140,13,Focused,0.69,1188,423,1433,687
16140,9,Focused,0.977,126,428,304,629
16140,10,Focused,0.981,1876,658,1919,789
16170,5,Focused,0.973,1621,522,1914,872
16170,1,Focused,0.972,842,515,1230,932
16170,13,Focused,0.983,1203,432,1442,682
16170,2,Focused,0.983,1382,436,1608,645
16170,19,Focused,0.984,618,385,755,582
16170,32,Unknown,0.0,214,567,464,1076
16170,16,Focused,0.956,756,417,995,682
16170,26,Focused,0.979,489,418,697,691
16170,30,Focused,0.983,891,388,1011,516
16170,9,Focused,0.978,126,427,301,629
16170,10,Focused,0.981,1877,655,1919,806
16200,5,Focused,0.958,1632,521,1920,876
16200,13,Focused,0.986,1191,426,1349,667
16200,1,Focused,0.977,847,514,1236,933
16200,4,Focused,0.971,342,571,612,972
16200,2,Focused,0.98,1362,434,1609,656
16200,26,Focused,0.979,491,419,685,631
16200,16,Focused,0.969,765,424,1026,674
16200,19,Focused,0.978,622,400,762,580
16200,30,Focused,0.98,891,388,1012,516
16200,9,Focused,0.836,42,431,389,718
16200,10,Focused,0.979,1888,644,1919,764
16230,5,Focused,0.949,1584,518,1912,895
16230,2,Focused,0.985,1362,434,1610,656
16230,1,Focused,0.981,845,511,1226,930
16230,26,Focused,0.974,485,415,711,690
16230,16,Focused,0.977,759,420,1017,671
16230,13,Focused,0.975,1193,417,1331,667
16230,30,Focused,0.983,911,389,1013,517
16230,32,Unknown,0.0,228,561,488,1074
16230,19,Focused,0.971,610,387,742,582
16230,9,Focused,0.85,43,431,295,719
16230,10,Focused,0.977,1881,662,1919,812
16260,5,Focused,0.882,1585,515,1910,907
16260,13,Focused,0.977,1181,425,1342,662
16260,1,Focused,0.98,843,515,1235,931
16260,32,Unknown,0.0,220,564,469,1075
16260,2,Focused,0.983,1407,433,1617,643
16260,19,Focused,0.977,635,415,771,596
16260,16,Focused,0.983,761,425,994,677
16260,30,Focused,0.974,906,387,1014,517
16260,9,Focused,0.605,42,431,296,719
16260,10,Focused,0.949,1880,663,1919,813
16260,26,Focused,0.955,470,414,689,692
16290,5,Focused,0.903,1583,517,1911,895
16290,1,Focused,0.978,844,516,1229,931
16290,2,Focused,0.987,1409,432,1615,643
16290,19,Focused,0.729,623,387,759,590
16290,16,Focused,0.857,762,424,994,677
16290,32,Unknown,0.0,221,562,480,1074
16290,30,Focused,0.967,905,386,1014,516
16290,13,Focused,0.927,1191,422,1344,670
16290,9,Focused,0.594,44,433,311,719
16290,10,Focused,0.299,1856,529,1919,809
16290,33,Unknown,0.0,513,771,807,935
16290,26,Focused,0.513,468,418,701,691
16320,5,Focused,0.96,1585,519,1912,901
16320,2,Focused,0.984,1362,434,1613,655
16320,1,Focused,0.981,847,518,1223,932
16320,26,Focused,0.97,482,416,684,611
16320,19,Focused,0.885,640,397,781,595
16320,16,Focused,0.98,762,425,995,677
16320,30,Focused,0.978,900,386,1013,517
16320,13,Focused,0.98,1193,423,1345,714
16320,9,Focused,0.835,14,426,390,711
16320,4,Focused,0.968,207,578,771,978
16350,2,Focused,0.983,1371,434,1611,655
16350,5,Focused,0.965,1644,509,1917,890
16350,32,Using Phone,0.66,161,590,468,1073
16350,1,Focused,0.98,843,514,1230,931
16350,19,Focused,0.955,614,378,749,594
16350,16,Focused,0.983,762,419,992,677
16350,30,Focused,0.981,901,387,1014,517
16350,13,Focused,0.984,1186,415,1327,697
16350,9,Focused,0.548,43,428,290,716
16350,33,Unknown,0.0,516,771,800,934
16350,26,Focused,0.68,483,416,680,691
16380,5,Focused,0.97,1657,541,1919,888
16380,2,Focused,0.981,1427,442,1616,642
16380,1,Focused,0.982,851,511,1230,931
16380,19,Focused,0.968,630,390,764,594
16380,16,Focused,0.982,761,422,995,678
16380,32,Using Phone,0.501,202,566,520,1073
16380,30,Focused,0.982,902,387,1014,516
16380,13,Focused,0.974,1193,420,1343,705
16380,9,Focused,0.528,88,413,273,703
16380,33,Unknown,0.0,523,771,801,934
16380,34,Unknown,0.0,1903,673,1919,757
16380,26,Focused,0.97,485,410,689,689
16410,5,Focused,0.889,1644,528,1920,874
16410,1,Focused,0.981,850,511,1231,931
16410,2,Focused,0.982,1418,433,1616,642
16410,26,Focused,0.982,497,424,702,690
16410,16,Focused,0.97,763,432,996,678
16410,19,Focused,0.959,634,393,767,592
16410,30,Focused,0.983,909,387,1015,518
16410,9,Focused,0.605,55,435,296,703
16410,32,Focused,0.961,199,569,517,1062
16410,13,Focused,0.86,1195,420,1346,679
16410,34,Unknown,0.0,1887,654,1919,795
16440,5,Focused,0.959,1650,519,1917,870
16440,1,Focused,0.982,852,514,1240,931
16440,2,Focused,0.981,1406,433,1615,642
16440,26,Focused,0.978,495,434,707,690
16440,13,Focused,0.558,1192,419,1342,666
16440,32,Focused,0.968,217,586,543,1069
16440,19,Focused,0.982,645,395,767,592
16440,16,Focused,0.972,766,426,996,678
16440,30,Focused,0.984,907,389,1014,516
16440,9,Focused,0.872,58,434,309,702
16440,34,Unknown,0.0,1869,620,1919,807
16470,5,Focused,0.968,1632,520,1919,867
16470,1,Focused,0.982,851,512,1239,932
16470,13,Focused,0.453,1187,419,1337,667
16470,26,Focused,0.978,490,415,710,691
16470,2,Focused,0.98,1381,433,1615,654
16470,32,Focused,0.668,214,584,476,1074
16470,19,Focused,0.956,632,396,769,592
16470,16,Focused,0.985,760,419,995,678
16470,30,Focused,0.987,913,386,1019,518
16470,9,Focused,0.969,60,427,303,703
16470,34,Unknown,0.0,1884,664,1919,788
16500,5,Focused,0.976,1628,518,1918,869
16500,13,Focused,0.804,1186,419,1337,667
16500,26,Focused,0.98,492,419,720,690
16500,1,Focused,0.982,852,514,1239,931
16500,2,Focused,0.98,1394,433,1617,647
16500,16,Focused,0.984,763,424,995,678
16500,32,Focused,0.952,200,586,470,1073
16500,19,Focused,0.975,634,393,769,590
16500,9,Focused,0.924,61,431,302,703
16500,30,Focused,0.986,907,386,1017,517
16500,34,Focused,0.956,1878,658,1919,807
16530,5,Focused,0.948,1623,510,1916,867
16530,13,Focused,0.977,1186,415,1334,668
16530,1,Focused,0.983,854,510,1237,931
16530,26,Focused,0.977,491,417,713,690
16530,32,Focused,0.979,191,585,526,1076
16530,2,Focused,0.982,1388,434,1617,654
16530,19,Focused,0.98,637,395,769,591
16530,16,Focused,0.983,763,425,995,678
16530,30,Focused,0.985,910,386,1018,518
16530,9,Focused,0.977,66,428,302,704
16530,34,Focused,0.977,1878,654,1919,810
16560,5,Focused,0.958,1649,509,1914,873
16560,13,Focused,0.988,1186,415,1335,668
16560,26,Focused,0.981,491,418,713,690
16560,1,Focused,0.984,852,510,1236,932
16560,16,Focused,0.979,761,428,992,693
16560,2,Focused,0.982,1388,434,1618,655
16560,19,Focused,0.985,632,390,759,592
16560,32,Focused,0.982,197,574,469,1073
16560,9,Focused,0.977,65,428,285,704
16560,30,Focused,0.98,910,386,1016,518
16560,34,Focused,0.98,1879,654,1919,806
16590,5,Focused,0.941,1633,507,1915,870
16590,13,Focused,0.988,1183,415,1335,668
16590,1,Focused,0.982,853,510,1237,932
16590,26,Focused,0.98,490,416,717,690
16590,16,Focused,0.984,760,427,990,687
16590,32,Focused,0.977,187,581,468,1071
16590,2,Focused,0.981,1388,434,1617,655
16590,19,Focused,0.988,630,389,758,590
16590,30,Focused,0.985,891,392,1001,516
16590,9,Focused,0.982,65,428,278,703
16590,34,Focused,0.981,1879,661,1919,808
16620,5,Focused,0.966,1640,515,1918,874
16620,13,Focused,0.985,1182,416,1335,668
16620,26,Focused,0.983,433,419,717,691
16620,1,Focused,0.981,854,509,1234,932
16620,2,Focused,0.981,1388,434,1619,655
16620,32,Focused,0.983,189,579,467,1067
16620,9,Focused,0.983,65,428,281,704
16620,16,Focused,0.981,782,422,993,684
16620,19,Focused,0.984,627,398,796,591
16620,30,Focused,0.985,896,386,1012,517
16620,34,Focused,0.98,1880,651,1919,792
16650,5,Focused,0.979,1648,522,1919,875
16650,13,Focused,0.988,1180,419,1358,669
16650,1,Focused,0.981,852,508,1235,932
16650,26,Focused,0.983,507,438,719,689
16650,16,Focused,0.98,781,428,991,685
16650,2,Focused,0.982,1384,434,1609,653
16650,32,Focused,0.976,188,581,468,1069
16650,19,Focused,0.984,687,397,796,587
16650,9,Focused,0.975,65,428,278,704
16650,30,Focused,0.981,893,386,1013,518
16680,5,Focused,0.98,1650,522,1919,869
16680,13,Focused,0.984,1195,419,1347,669
16680,26,Focused,0.983,510,417,708,690
16680,1,Focused,0.98,850,510,1234,933
16680,19,Focused,0.985,660,407,790,593
16680,9,Focused,0.978,65,426,282,704
16680,2,Focused,0.981,1388,434,1612,654
16680,16,Focused,0.98,785,421,1037,685
16680,32,Focused,0.976,187,582,467,1067
16680,31,Focused,0.982,819,442,941,546
16680,34,Focused,0.979,1896,674,1919,778
16710,13,Using Phone,0.582,1185,419,1347,670
16710,5,Focused,0.977,1647,522,1917,875
16710,26,Focused,0.976,479,419,707,692
16710,2,Focused,0.981,1381,434,1610,655
16710,1,Focused,0.98,852,509,1234,932
16710,9,Focused,0.979,65,426,285,704
16710,32,Focused,0.981,189,584,467,1068
16710,16,Focused,0.983,811,444,1040,697
16710,19,Focused,0.975,639,405,817,599
16710,31,Focused,0.983,788,383,953,532
16710,34,Focused,0.979,1882,660,1919,796
16740,5,Focused,0.966,1647,523,1917,875
16740,26,Focused,0.936,481,422,702,699
16740,19,Focused,0.984,635,400,800,597
16740,13,Focused,0.647,1181,421,1434,673
16740,1,Focused,0.981,863,512,1234,932
16740,9,Focused,0.976,65,426,281,704
16740,32,Focused,0.973,189,582,468,1068
16740,2,Focused,0.981,1381,434,1612,648
16740,31,Focused,0.985,784,384,956,576
16740,16,Focused,0.977,811,446,1031,697
16740,34,Focused,0.977,1887,662,1919,794
16770,5,Focused,0.955,1648,514,1916,876
16770,26,Focused,0.638,484,424,705,698
16770,1,Focused,0.978,859,512,1231,932
16770,13,Focused,0.867,1181,422,1435,673
16770,19,Focused,0.987,646,404,798,599
16770,2,Focused,0.983,1383,433,1609,646
16770,9,Focused,0.907,65,427,280,704
16770,32,Focused,0.686,190,580,468,1066
16770,16,Focused,0.973,783,404,1038,680
16770,31,Focused,0.987,785,383,935,544
16770,34,Focused,0.978,1886,661,1919,796
16800,5,Focused,0.935,1649,512,1901,872
16800,13,Focused,0.914,1178,418,1358,670
16800,26,Focused,0.672,486,428,706,698
16800,1,Focused,0.981,863,511,1232,931
16800,2,Focused,0.982,1391,434,1618,655
16800,32,Focused,0.783,184,584,467,1071
16800,19,Focused,0.982,647,403,781,600
16800,9,Focused,0.849,65,427,279,704
16800,16,Focused,0.975,772,412,1027,680
16800,34,Focused,0.97,1877,662,1919,821
16830,5,Focused,0.98,1658,518,1914,875
16830,13,Focused,0.934,1182,417,1336,671
16830,1,Focused,0.982,860,511,1232,931
16830,26,Focused,0.979,487,423,708,690
16830,19,Focused,0.976,637,386,766,595
16830,2,Focused,0.981,1391,434,1620,656
16830,9,Focused,0.974,65,427,281,704
16830,16,Focused,0.76,781,417,1032,683
16830,32,Focused,0.723,186,588,468,1064
16830,30,Focused,0.985,904,384,1007,516
16830,34,Focused,0.948,1882,665,1919,804
16860,5,Focused,0.982,1653,513,1911,873
16860,13,Focused,0.98,1194,415,1337,670
16860,26,Focused,0.975,490,416,708,691
16860,19,Focused,0.973,638,396,778,595
16860,1,Focused,0.981,870,508,1252,932
16860,2,Focused,0.978,1390,435,1619,655
16860,16,Focused,0.976,782,420,1034,684
16860,32,Focused,0.727,186,585,467,1065
16860,9,Focused,0.976,65,426,274,704
16860,34,Using Phone,0.334,1879,666,1919,812
16890,5,Focused,0.898,1652,513,1911,873
16890,13,Focused,0.963,1189,415,1337,671
16890,26,Focused,0.686,488,417,706,691
16890,1,Focused,0.981,860,513,1251,932
16890,19,Focused,0.964,636,386,759,596
16890,2,Focused,0.981,1390,434,1618,655
16890,32,Focused,0.635,188,584,467,1069
16890,16,Focused,0.984,782,421,1032,684
16890,9,Focused,0.924,66,427,276,704
16890,34,Focused,0.289,1881,669,1919,810
16890,35,Unknown,0.0,785,477,857,558
16920,5,Focused,0.951,1651,517,1908,874
16920,26,Focused,0.749,489,417,697,690
16920,13,Focused,0.946,1189,421,1342,671
16920,1,Focused,0.979,848,512,1248,931
16920,2,Focused,0.981,1387,433,1610,654
16920,19,Focused,0.899,634,387,761,594
16920,9,Focused,0.893,66,426,284,704
16920,32,Focused,0.501,190,588,467,1068
16920,16,Focused,0.978,781,418,1033,685
16920,34,Focused,0.694,1881,672,1919,812
16920,35,Unknown,0.0,786,475,854,558
16950,5,Focused,0.974,1637,507,1916,872
16950,26,Focused,0.922,487,417,702,690
16950,13,Focused,0.975,1188,420,1435,673
16950,1,Focused,0.966,867,508,1249,930
16950,32,Focused,0.526,189,584,467,1072
16950,19,Focused,0.98,635,387,763,596
16950,31,Focused,0.984,785,382,949,576
16950,9,Focused,0.887,68,426,282,704
16950,2,Focused,0.981,1387,435,1607,646
16950,16,Focused,0.983,817,458,1048,697
16950,34,Focused,0.952,1878,668,1919,806
16980,5,Focused,0.979,1634,515,1915,876
16980,26,Focused,0.973,487,417,704,691
16980,13,Focused,0.988,1184,424,1435,673
16980,1,Focused,0.979,866,506,1254,931
16980,32,Focused,0.512,188,581,466,1072
16980,19,Focused,0.981,635,389,763,596
16980,9,Focused,0.891,68,425,279,703
16980,2,Focused,0.981,1388,435,1607,646
16980,31,Focused,0.982,786,383,957,575
16980,16,Focused,0.983,817,448,1049,697
16980,34,Focused,0.977,1881,672,1919,790
17010,5,Focused,0.983,1635,509,1910,868
17010,1,Focused,0.981,867,509,1254,932
17010,26,Focused,0.978,484,419,702,691
17010,13,Focused,0.987,1186,427,1436,673
17010,16,Focused,0.985,790,402,1056,688
17010,19,Focused,0.982,634,391,765,596
17010,32,Focused,0.495,189,585,509,1072
17010,9,Focused,0.961,68,426,282,705
17010,2,Focused,0.981,1389,434,1608,647
17010,30,Focused,0.983,909,384,1010,518
17010,34,Focused,0.98,1881,673,1919,815
17040,5,Focused,0.982,1583,511,1913,885
17040,26,Focused,0.981,483,418,704,691
17040,19,Focused,0.985,632,400,771,597
17040,2,Focused,0.979,1403,434,1608,649
17040,13,Focused,0.983,1192,425,1437,673
17040,1,Focused,0.978,867,508,1258,931
17040,32,Using Phone,0.573,189,584,561,1071
17040,16,Focused,0.985,816,448,1068,699
17040,9,Focused,0.973,67,423,275,704
17040,31,Focused,0.984,786,387,942,576
17040,34,Focused,0.979,1877,669,1919,807
17070,5,Focused,0.981,1584,507,1911,892
17070,26,Focused,0.981,482,418,720,690
17070,1,Focused,0.98,867,508,1260,932
17070,13,Focused,0.983,1192,425,1435,673
17070,2,Focused,0.98,1403,435,1609,647
17070,32,Focused,0.94,190,586,571,1071
17070,19,Focused,0.987,632,402,778,590
17070,16,Focused,0.985,817,456,1071,699
17070,9,Focused,0.977,66,426,277,705
17070,31,Focused,0.984,782,385,950,550
17070,34,Focused,0.98,1872,663,1919,814
17100,13,Focused,0.983,1186,419,1338,670
17100,5,Focused,0.981,1573,507,1905,885
17100,2,Focused,0.977,1405,434,1613,647
17100,26,Focused,0.976,481,423,703,692
17100,1,Focused,0.98,864,511,1245,931
17100,31,Focused,0.985,786,383,951,577
17100,19,Focused,0.983,632,401,775,597
17100,32,Focused,0.902,188,586,567,1072
17100,9,Focused,0.949,66,424,280,704
17100,16,Focused,0.986,816,454,1058,699
17100,34,Focused,0.979,1861,658,1919,816
17130,5,Focused,0.981,1643,511,1905,869
17130,13,Focused,0.985,1189,417,1342,671
17130,26,Focused,0.974,481,421,701,691
17130,1,Focused,0.978,865,510,1254,931
17130,19,Focused,0.982,637,399,786,596
17130,31,Focused,0.987,787,384,957,577
17130,32,Focused,0.975,189,586,571,1072
17130,2,Focused,0.978,1398,434,1612,651
17130,9,Focused,0.976,67,426,277,704
17130,16,Focused,0.98,816,453,1062,699
17130,34,Focused,0.978,1881,672,1919,813
17160,5,Focused,0.955,1637,506,1904,869
17160,26,Focused,0.556,486,417,700,691
17160,13,Focused,0.986,1189,416,1374,670
17160,1,Focused,0.982,866,508,1262,931
17160,32,Focused,0.626,188,587,468,1072
17160,2,Focused,0.979,1397,433,1611,654
17160,16,Focused,0.985,815,453,1068,698
17160,9,Focused,0.752,67,426,276,704
17160,19,Focused,0.979,637,407,828,599
17160,31,Focused,0.985,788,383,948,548
17160,34,Focused,0.98,1879,672,1919,811
17190,5,Focused,0.98,1637,510,1905,871
17190,13,Focused,0.987,1193,417,1356,669
17190,1,Focused,0.974,867,508,1260,931
17190,26,Focused,0.98,483,418,700,691
17190,19,Focused,0.985,628,386,809,599
17190,16,Focused,0.984,783,410,1062,694
17190,32,Using Phone,0.561,189,585,467,1071
17190,2,Focused,0.981,1399,433,1610,653
17190,9,Focused,0.706,69,426,280,705
17190,35,Unknown,0.0,786,465,888,562
17190,34,Focused,0.982,1879,671,1919,806
17220,5,Focused,0.981,1644,515,1911,870
17220,13,Focused,0.985,1195,419,1341,670
17220,1,Focused,0.976,867,508,1257,931
17220,26,Focused,0.977,483,419,708,692
17220,2,Focused,0.981,1393,434,1610,654
17220,19,Focused,0.98,630,392,821,599
17220,32,Focused,0.516,190,585,468,1070
17220,9,Focused,0.561,69,427,282,703
17220,16,Focused,0.982,803,443,1064,690
17220,31,Focused,0.985,787,385,959,559
17220,34,Focused,0.982,1863,557,1919,805
17250,5,Focused,0.983,1639,507,1908,870
17250,26,Focused,0.977,485,417,693,691
17250,19,Focused,0.978,630,396,820,599
17250,1,Focused,0.982,866,509,1256,930
17250,13,Focused,0.978,1193,425,1437,674
17250,2,Focused,0.98,1404,434,1611,646
17250,9,Focused,0.835,70,427,284,705
17250,32,Focused,0.727,191,587,468,1070
17250,16,Focused,0.953,803,448,1065,690
17250,31,Focused,0.985,784,385,957,556
17250,34,Focused,0.982,1870,657,1919,807
17280,13,Focused,0.87,1192,415,1410,672
17280,19,Focused,0.979,636,393,821,599
17280,5,Focused,0.983,1661,513,1914,870
17280,26,Focused,0.978,489,419,707,692
17280,1,Focused,0.983,867,509,1258,930
17280,32,Focused,0.919,187,581,467,1071
17280,2,Focused,0.981,1395,435,1611,650
17280,9,Focused,0.928,70,427,281,703
17280,16,Focused,0.836,803,447,1066,690
17280,31,Focused,0.98,784,385,956,554
17280,34,Focused,0.98,1876,661,1919,805
17310,13,Focused,0.981,1198,419,1416,673
17310,5,Focused,0.982,1648,514,1897,878
17310,26,Focused,0.978,490,415,693,691
17310,19,Focused,0.979,641,394,820,599
17310,1,Focused,0.981,868,509,1262,930
17310,32,Focused,0.98,191,585,467,1072
17310,2,Focused,0.982,1400,433,1611,654
17310,9,Focused,0.968,70,427,282,704
17310,16,Focused,0.982,804,446,1069,688
17310,31,Focused,0.962,785,384,951,572
17310,34,Focused,0.98,1879,666,1919,814
17340,5,Focused,0.982,1649,515,1918,875
17340,1,Focused,0.98,868,509,1262,930
17340,26,Focused,0.977,489,417,700,691
17340,13,Focused,0.983,1203,418,1416,672
17340,2,Focused,0.982,1399,433,1613,653
17340,32,Focused,0.98,180,588,467,1071
17340,19,Focused,0.979,632,406,820,600
17340,9,Focused,0.961,70,426,282,703
17340,31,Focused,0.978,783,386,946,551
17340,16,Focused,0.984,804,446,1073,688
17340,34,Focused,0.979,1879,663,1919,766
17370,5,Focused,0.982,1648,520,1911,875
17370,19,Focused,0.98,631,395,819,599
17370,1,Focused,0.982,863,508,1259,930
17370,26,Focused,0.98,489,422,698,691
17370,13,Focused,0.979,1200,419,1417,672
17370,32,Focused,0.984,181,587,467,1072
17370,9,Focused,0.978,69,424,281,704
17370,2,Focused,0.982,1403,434,1613,650
17370,31,Focused,0.978,781,386,946,554
17370,16,Focused,0.986,803,450,1072,691
17370,34,Focused,0.978,1878,660,1919,804
17400,5,Focused,0.981,1648,508,1909,872
17400,13,Focused,0.701,1199,416,1417,673
17400,1,Focused,0.981,864,509,1260,930
17400,26,Focused,0.98,489,419,697,691
17400,19,Focused,0.982,632,394,819,599
17400,9,Focused,0.977,74,427,315,704
17400,32,Focused,0.983,185,584,467,1072
17400,2,Focused,0.982,1404,433,1611,651
17400,16,Focused,0.984,803,446,1072,688
17400,31,Focused,0.978,783,385,949,545
17400,34,Focused,0.979,1880,666,1919,808
17430,5,Focused,0.976,1643,506,1915,867
17430,1,Focused,0.984,865,509,1263,930
17430,13,Focused,0.983,1200,419,1417,673
17430,26,Focused,0.973,489,422,697,691
17430,19,Focused,0.972,629,396,818,600
17430,9,Focused,0.976,75,431,330,704
17430,32,Focused,0.831,187,583,467,1071
17430,2,Focused,0.981,1402,434,1609,652
17430,16,Focused,0.985,803,446,1072,688
17430,31,Focused,0.981,783,384,947,557
17430,34,Focused,0.982,1867,663,1919,807
17460,13,Focused,0.987,1198,418,1421,673
17460,5,Focused,0.975,1641,509,1905,865
17460,26,Focused,0.977,489,419,694,691
17460,19,Focused,0.958,631,394,813,599
17460,1,Focused,0.82,864,509,1262,931
17460,9,Focused,0.696,77,432,303,704
17460,32,Focused,0.513,184,586,468,1072
17460,2,Focused,0.981,1402,435,1610,650
17460,31,Focused,0.98,781,382,949,560
17460,16,Focused,0.984,803,449,1068,689
17460,34,Focused,0.981,1873,664,1919,812
17490,5,Focused,0.969,1646,519,1913,871
17490,13,Focused,0.985,1195,417,1348,666
17490,26,Focused,0.978,489,422,695,691
17490,19,Focused,0.966,631,416,792,592
17490,31,Focused,0.975,793,383,957,577
17490,1,Focused,0.98,870,516,1272,932
17490,32,Using Phone,0.517,171,587,467,1071
17490,9,Focused,0.564,77,429,331,704
17490,2,Focused,0.979,1401,434,1609,652
17490,16,Focused,0.981,814,460,1081,699
17490,34,Focused,0.98,1873,649,1918,802
17520,5,Focused,0.967,1656,514,1899,873
17520,13,Focused,0.983,1197,419,1351,667
17520,26,Focused,0.972,487,424,695,691
17520,31,Focused,0.981,793,384,961,577
17520,9,Focused,0.745,77,430,328,704
17520,19,Focused,0.974,628,417,792,592
17520,32,Using Phone,0.518,171,587,467,1072
17520,2,Focused,0.981,1403,436,1608,650
17520,1,Focused,0.982,857,512,1266,933
17520,16,Focused,0.981,813,462,1063,700
17520,34,Focused,0.979,1873,651,1919,812
17550,5,Focused,0.961,1657,512,1902,871
17550,26,Focused,0.97,487,428,689,691
17550,13,Focused,0.922,1194,418,1351,668
17550,2,Focused,0.979,1380,429,1622,656
17550,19,Focused,0.969,626,418,793,593
17550,31,Focused,0.981,794,382,953,577
17550,32,Focused,0.669,174,588,467,1071
17550,9,Focused,0.628,76,426,321,703
17550,1,Focused,0.986,857,510,1362,965
17550,16,Focused,0.942,814,459,1082,700
17550,34,Focused,0.976,1890,683,1919,811
17580,13,Focused,0.981,1196,422,1355,668
17580,26,Focused,0.972,488,427,689,691
17580,5,Focused,0.965,1643,511,1898,874
17580,19,Focused,0.964,625,418,793,593
17580,32,Focused,0.758,171,589,495,1070
17580,31,Focused,0.982,794,381,960,577
17580,2,Focused,0.978,1392,435,1615,652
17580,9,Focused,0.495,75,423,283,703
17580,1,Focused,0.565,834,509,1269,932
17580,16,Focused,0.844,816,465,1064,701
17580,34,Focused,0.959,1879,669,1919,811
17610,13,Focused,0.968,1201,420,1356,668
17610,26,Focused,0.972,488,428,689,691
17610,5,Focused,0.975,1642,517,1904,874
17610,19,Focused,0.617,626,417,792,593
17610,31,Focused,0.96,793,382,959,577
17610,2,Focused,0.972,1437,436,1623,642
17610,9,Focused,0.534,72,423,278,703
17610,32,Focused,0.86,171,592,466,1069
17610,1,Focused,0.775,840,510,1271,932
17610,16,Focused,0.954,815,465,1064,701
17610,34,Focused,0.514,1881,669,1919,811
17640,13,Focused,0.977,1196,419,1350,668
17640,5,Focused,0.966,1643,526,1919,876
17640,26,Focused,0.979,489,429,690,691
17640,19,Focused,0.944,628,407,785,593
17640,31,Focused,0.983,789,384,960,578
17640,2,Focused,0.98,1418,436,1619,651
17640,9,Focused,0.917,70,425,276,703
17640,32,Focused,0.788,173,592,467,1070
17640,1,Focused,0.984,841,513,1271,932
17640,16,Focused,0.98,815,464,1061,702
17640,34,Focused,0.821,1887,671,1919,781
17670,13,Focused,0.988,1194,418,1349,667
17670,5,Focused,0.97,1642,523,1918,875
17670,26,Focused,0.978,488,428,689,691
17670,19,Focused,0.948,627,404,785,593
17670,31,Focused,0.983,850,387,957,560
17670,32,Focused,0.97,172,592,498,1071
17670,9,Focused,0.908,68,423,275,703
17670,2,Focused,0.979,1411,435,1617,651
17670,1,Focused,0.985,849,513,1271,932
17670,16,Focused,0.963,814,465,1062,701
17670,34,Focused,0.929,1887,671,1919,782
17700,13,Focused,0.977,1190,424,1360,667
17700,5,Focused,0.974,1641,518,1918,874
17700,26,Focused,0.977,488,428,688,691
17700,31,Focused,0.986,850,388,958,561
17700,32,Focused,0.954,174,591,481,1072
17700,19,Focused,0.933,620,379,756,588
17700,9,Focused,0.973,69,424,283,704
17700,2,Focused,0.981,1410,435,1619,652
17700,1,Focused,0.982,848,513,1271,932
17700,16,Focused,0.946,815,463,1061,701
17700,34,Using Phone,0.334,1890,679,1919,781
17730,5,Focused,0.954,1641,517,1918,871
17730,26,Focused,0.981,487,426,687,691
17730,13,Focused,0.962,1191,427,1435,674
17730,19,Focused,0.927,638,395,785,588
17730,2,Focused,0.984,1412,435,1618,646
17730,31,Focused,0.984,850,388,944,555
17730,1,Focused,0.984,851,513,1271,931
17730,32,Focused,0.693,242,554,496,1071
17730,9,Focused,0.938,70,423,314,704
17730,16,Focused,0.983,816,454,1060,703
17730,34,Focused,0.359,1888,672,1919,781
17760,26,Focused,0.981,487,426,686,691
17760,5,Focused,0.963,1645,514,1913,874
17760,13,Focused,0.97,1190,419,1431,672
17760,19,Focused,0.934,640,395,789,588
17760,9,Focused,0.97,71,422,306,704
17760,2,Focused,0.981,1414,436,1618,648
17760,31,Focused,0.987,850,388,948,556
17760,1,Focused,0.985,853,513,1271,931
17760,32,Focused,0.608,201,562,469,1070
17760,16,Focused,0.982,818,454,1060,702
17760,34,Focused,0.81,1890,682,1919,787
17790,13,Focused,0.979,1191,421,1345,670
17790,26,Focused,0.98,489,425,690,691
17790,5,Focused,0.962,1645,516,1915,881
17790,19,Focused,0.734,652,396,789,587
17790,2,Focused,0.981,1411,437,1616,652
17790,31,Focused,0.983,851,387,943,553
17790,1,Focused,0.978,846,516,1272,931
17790,16,Focused,0.983,820,448,1058,702
17790,32,Focused,0.563,179,585,465,1059
17790,34,Focused,0.961,1884,666,1919,786
17790,9,Focused,0.97,74,410,370,701
17820,13,Focused,0.987,1194,419,1347,670
17820,26,Focused,0.981,486,417,691,691
17820,5,Focused,0.971,1648,520,1917,876
17820,19,Focused,0.888,639,392,779,588
17820,31,Focused,0.984,851,386,947,557
17820,2,Focused,0.981,1411,436,1617,650
17820,1,Focused,0.985,850,519,1269,932
17820,32,Focused,0.529,181,586,465,1061
17820,16,Focused,0.984,818,455,1055,702
17820,9,Focused,0.972,55,421,295,711
17820,34,Focused,0.977,1886,669,1919,784
17850,13,Focused,0.984,1191,417,1371,669
17850,26,Focused,0.981,476,410,701,691
17850,5,Focused,0.974,1647,511,1918,877
17850,19,Focused,0.986,637,389,775,588
17850,31,Focused,0.98,851,387,948,556
17850,2,Focused,0.982,1413,437,1617,653
17850,1,Focused,0.983,848,515,1270,932
17850,16,Focused,0.984,812,457,1061,699
17850,32,Focused,0.499,184,589,464,1044
17850,9,Focused,0.979,57,426,293,711
17850,34,Focused,0.98,1885,669,1919,785
17880,13,Focused,0.982,1198,422,1355,669
17880,5,Focused,0.978,1648,513,1918,880
17880,26,Focused,0.98,490,418,703,692
17880,19,Focused,0.977,634,389,774,588
17880,2,Focused,0.98,1414,435,1617,653
17880,1,Focused,0.986,853,515,1271,931
17880,32,Focused,0.828,183,595,465,1040
17880,31,Focused,0.98,794,392,1032,577
17880,9,Focused,0.98,56,423,302,710
17880,16,Focused,0.986,808,454,1062,709
17880,34,Focused,0.974,1890,676,1919,780
17910,5,Focused,0.944,1647,516,1913,881
17910,13,Focused,0.985,1196,417,1357,670
17910,26,Focused,0.978,490,416,711,692
17910,19,Focused,0.875,637,389,772,589
17910,2,Focused,0.981,1413,436,1617,651
17910,1,Focused,0.737,844,516,1271,932
17910,9,Focused,0.982,55,423,300,710
17910,32,Focused,0.505,181,590,464,1045
17910,16,Focused,0.985,812,449,1060,700
17910,31,Focused,0.986,798,397,1039,576
17910,34,Focused,0.973,1890,674,1919,789
17940,5,Focused,0.966,1645,520,1916,877
17940,13,Focused,0.988,1198,420,1357,670
17940,26,Focused,0.979,490,418,709,691
17940,19,Focused,0.95,636,391,775,588
17940,31,Focused,0.986,784,385,961,577
17940,2,Focused,0.981,1413,434,1619,650
17940,1,Focused,0.98,849,510,1271,932
17940,9,Focused,0.986,55,421,303,711
17940,16,Focused,0.987,812,454,1073,700
17940,32,Focused,0.604,179,592,464,1036
17940,34,Focused,0.98,1889,674,1919,783
17970,13,Focused,0.985,1201,418,1379,669
17970,5,Focused,0.981,1645,509,1917,876
17970,26,Focused,0.98,489,420,706,692
17970,19,Focused,0.983,651,389,771,589
17970,31,Focused,0.986,784,383,960,578
17970,2,Focused,0.981,1410,437,1619,648
17970,1,Focused,0.977,846,508,1270,933
17970,16,Focused,0.986,812,456,1069,700
17970,9,Focused,0.985,54,421,298,710
17970,32,Focused,0.929,176,597,465,1038
17970,34,Focused,0.977,1885,670,1919,786
18000,13,Focused,0.983,1192,417,1362,669
18000,5,Focused,0.981,1645,514,1917,879
18000,1,Focused,0.983,824,519,1262,934
18000,26,Focused,0.981,491,428,709,691
18000,19,Focused,0.987,660,414,819,599
18000,31,Focused,0.974,781,384,948,577
18000,2,Focused,0.981,1411,435,1621,651
18000,16,Focused,0.984,811,455,1043,703
18000,9,Focused,0.986,82,413,322,704
18000,34,Focused,0.972,1865,647,1919,781
18000,32,Focused,0.742,179,597,465,1048
18030,13,Focused,0.988,1192,417,1374,670
18030,5,Focused,0.981,1650,502,1918,874
18030,26,Focused,0.98,488,440,726,690
18030,19,Focused,0.988,677,416,820,599
18030,9,Focused,0.986,10,427,310,733
18030,1,Focused,0.98,812,511,1261,934
18030,31,Focused,0.985,782,383,955,578
18030,2,Focused,0.982,1430,434,1652,664
18030,32,Focused,0.98,180,598,464,1042
18030,16,Focused,0.948,810,454,1063,704
18030,34,Focused,0.978,1882,648,1919,777
18060,5,Focused,0.982,1614,507,1918,868
18060,26,Focused,0.98,483,447,723,691
18060,16,Focused,0.981,783,405,1019,677
18060,9,Focused,0.985,10,426,309,733
18060,13,Focused,0.984,1194,419,1348,713
18060,19,Focused,0.984,671,399,797,599
18060,1,Focused,0.984,844,515,1228,933
18060,2,Focused,0.982,1425,431,1643,649
18060,32,Focused,0.982,185,594,464,1053
18060,34,Focused,0.974,1886,659,1919,776
18090,5,Focused,0.981,1648,518,1918,869
18090,13,Focused,0.983,1190,422,1369,668
18090,26,Focused,0.98,486,441,720,690
18090,1,Focused,0.982,857,520,1243,933
18090,19,Focused,0.983,664,387,791,587
18090,9,Focused,0.985,9,436,318,733
18090,16,Focused,0.982,776,421,1043,678
18090,2,Focused,0.981,1429,433,1646,647
18090,32,Focused,0.967,179,592,464,1047
18090,34,Focused,0.848,1889,657,1919,771
18120,5,Focused,0.98,1640,510,1905,865
18120,13,Focused,0.979,1197,420,1355,670
18120,26,Focused,0.975,488,438,719,691
18120,31,Focused,0.984,785,385,954,574
18120,9,Focused,0.982,9,435,319,733
18120,19,Focused,0.985,636,387,827,586
18120,1,Focused,0.96,834,512,1247,932
18120,2,Focused,0.982,1428,433,1645,646
18120,16,Focused,0.987,811,456,1052,701
18120,32,Focused,0.859,178,594,464,1037
18120,34,Focused,0.93,1893,674,1918,773
18150,5,Focused,0.982,1654,536,1919,879
18150,13,Focused,0.976,1194,420,1348,670
18150,26,Focused,0.972,468,408,690,691
18150,9,Focused,0.978,9,434,319,733
18150,1,Focused,0.958,844,511,1248,932
18150,2,Focused,0.983,1428,433,1647,648
18150,19,Focused,0.981,646,386,816,588
18150,16,Focused,0.986,793,428,1057,686
18150,32,Focused,0.922,179,593,464,1050
18150,34,Focused,0.955,1902,660,1919,758
18180,5,Focused,0.982,1656,529,1919,880
18180,13,Looking Away,0.652,1197,421,1353,670
18180,26,Focused,0.912,453,416,640,691
18180,19,Focused,0.978,604,383,745,606
18180,2,Focused,0.982,1455,431,1646,645
18180,1,Focused,0.975,824,511,1249,932
18180,9,Focused,0.973,10,416,297,733
18180,31,Focused,0.983,786,385,962,545
18180,16,Focused,0.985,809,464,1060,702
18180,32,Focused,0.746,180,592,463,1031
18180,34,Using Phone,0.334,1899,660,1919,746
18210,5,Focused,0.941,1655,542,1919,877
18210,13,Focused,0.836,1196,419,1348,670
18210,19,Focused,0.981,604,390,755,601
18210,2,Focused,0.982,1424,431,1649,641
18210,1,Focused,0.982,829,509,1253,932
18210,26,Focused,0.74,454,416,615,692
18210,9,Focused,0.965,9,423,311,732
18210,16,Focused,0.977,803,460,1062,709
18210,31,Focused,0.982,786,385,956,552
18210,32,Focused,0.544,183,593,463,1047
18240,5,Focused,0.95,1654,534,1919,882
18240,13,Focused,0.96,1197,421,1351,670
18240,26,Focused,0.892,454,416,671,691
18240,9,Focused,0.942,9,423,304,732
18240,31,Focused,0.984,786,384,957,578
18240,1,Focused,0.976,835,508,1254,932
18240,2,Focused,0.981,1426,432,1646,648
18240,19,Focused,0.973,597,384,778,604
18240,16,Focused,0.983,808,463,1064,703
18240,32,Focused,0.591,179,592,462,1044
18270,5,Focused,0.946,1655,532,1919,879
18270,13,Focused,0.941,1197,422,1353,670
18270,1,Focused,0.978,841,509,1254,932
18270,2,Focused,0.981,1418,431,1647,642
18270,26,Focused,0.963,446,412,669,692
18270,19,Focused,0.981,596,389,747,585
18270,31,Focused,0.983,767,389,955,684
18270,9,Focused,0.956,8,438,311,733
18270,32,Focused,0.581,188,593,464,1040
18300,5,Focused,0.955,1651,525,1919,877
18300,13,Focused,0.976,1194,423,1355,670
18300,26,Focused,0.969,466,407,669,691
18300,1,Focused,0.97,850,513,1256,932
18300,31,Focused,0.98,784,391,954,685
18300,19,Focused,0.981,610,387,745,583
18300,2,Focused,0.981,1412,431,1646,642
18300,36,Unknown,0.0,894,384,1009,516
18300,32,Focused,0.578,182,594,464,1048
18300,9,Focused,0.985,95,414,274,700
18330,5,Focused,0.91,1649,527,1919,878
18330,13,Focused,0.921,1194,418,1346,670
18330,26,Focused,0.917,460,412,665,693
18330,1,Focused,0.981,858,510,1256,931
18330,19,Focused,0.924,598,386,745,584
18330,31,Focused,0.987,783,397,955,685
18330,2,Focused,0.98,1426,431,1646,648
18330,36,Unknown,0.0,890,385,1009,516
18330,9,Focused,0.986,121,421,289,629
18330,32,Using Phone,0.562,178,593,463,1041
18360,5,Focused,0.948,1606,514,1918,895
18360,26,Focused,0.975,459,417,664,691
18360,13,Focused,0.97,1199,418,1347,670
18360,1,Focused,0.932,858,509,1258,931
18360,31,Focused,0.986,785,399,962,687
18360,19,Focused,0.975,616,390,746,584
18360,2,Focused,0.982,1426,431,1640,645
18360,36,Unknown,0.0,892,386,1009,516
18360,9,Focused,0.983,121,422,292,629
18360,32,Focused,0.58,182,596,464,1047
18360,34,Using Phone,0.334,1892,662,1919,774
18390,5,Focused,0.845,1607,511,1919,890
18390,26,Focused,0.872,459,419,662,691
18390,13,Focused,0.978,1200,419,1348,670
18390,19,Focused,0.973,620,392,799,584
18390,2,Focused,0.982,1426,431,1652,643
18390,1,Focused,0.951,858,506,1259,931
18390,31,Focused,0.975,787,384,950,577
18390,16,Focused,0.985,840,392,1075,695
18390,9,Focused,0.974,121,421,291,629
18390,32,Focused,0.568,181,597,464,1042
18390,34,Using Phone,0.334,1891,660,1919,777
18420,5,Focused,0.887,1608,510,1919,896
18420,19,Focused,0.962,612,390,754,583
18420,26,Focused,0.965,448,418,660,694
18420,13,Focused,0.98,1199,422,1415,670
18420,31,Focused,0.983,786,385,953,579
18420,1,Focused,0.833,850,506,1257,932
18420,2,Focused,0.978,1413,432,1644,650
18420,16,Focused,0.986,812,450,1075,701
18420,9,Focused,0.784,121,422,291,629
18420,32,Using Phone,0.556,184,595,463,1040
18420,34,Using Phone,0.334,1889,663,1919,782
18450,5,Focused,0.955,1610,514,1919,910
18450,13,Focused,0.721,1196,421,1373,670
18450,26,Focused,0.953,453,417,661,696
18450,2,Focused,0.977,1416,432,1645,647
18450,1,Focused,0.797,846,542,1256,932
18450,31,Focused,0.978,793,384,949,553
18450,19,Focused,0.961,603,386,814,582
18450,16,Focused,0.985,807,450,1027,708
18450,9,Focused,0.973,119,421,292,629
18450,32,Using Phone,0.535,183,601,463,1047
18450,34,Using Phone,0.334,1890,667,1919,779
18480,13,Focused,0.95,1194,418,1372,670
18480,5,Focused,0.971,1657,512,1920,866
18480,26,Focused,0.962,455,418,664,694
18480,2,Focused,0.98,1414,431,1644,647
18480,1,Focused,0.981,847,514,1258,933
18480,19,Focused,0.828,606,386,810,589
18480,31,Focused,0.977,765,385,951,549
18480,16,Focused,0.973,807,455,1054,709
18480,9,Focused,0.976,118,420,290,629
18480,32,Focused,0.607,179,601,464,1044
18480,34,Using Phone,0.334,1891,667,1919,776
18510,26,Focused,0.98,457,417,666,694
18510,5,Focused,0.972,1653,524,1916,869
18510,13,Focused,0.947,1189,420,1375,714
18510,19,Focused,0.824,596,385,789,580
18510,2,Focused,0.981,1419,431,1645,647
18510,16,Focused,0.985,812,449,1013,701
18510,1,Focused,0.98,935,520,1209,926
18510,31,Focused,0.977,786,384,957,577
18510,32,Focused,0.803,178,602,462,1048
18510,9,Focused,0.979,118,421,291,629
18510,34,Using Phone,0.334,1891,664,1919,803
18540,5,Focused,0.964,1647,523,1917,882
18540,1,Focused,0.978,867,511,1212,933
18540,26,Focused,0.982,480,420,688,682
18540,13,Focused,0.955,1193,419,1375,715
18540,19,Focused,0.975,619,388,778,580
18540,2,Focused,0.982,1426,431,1644,645
18540,16,Focused,0.986,804,450,1000,714
18540,32,Focused,0.861,265,620,635,1080
18540,36,Unknown,0.0,913,386,1014,515
18540,34,Using Phone,0.307,1880,640,1919,783
18540,9,Focused,0.98,115,413,322,635
18570,5,Focused,0.894,1654,514,1915,883
18570,13,Focused,0.917,1192,420,1375,673
18570,26,Focused,0.982,482,422,692,691
18570,32,Focused,0.711,205,561,571,1076
18570,1,Focused,0.978,866,497,1242,932
18570,19,Focused,0.975,636,386,824,579
18570,2,Focused,0.982,1419,432,1644,647
18570,36,Focused,0.983,894,388,1014,515
18570,16,Focused,0.985,807,456,1041,701
18570,9,Focused,0.978,117,419,311,636
18570,34,Focused,0.542,1878,660,1919,788
18600,5,Focused,0.968,1647,514,1915,880
18600,26,Focused,0.982,480,420,684,692
18600,13,Focused,0.971,1186,417,1437,673
18600,19,Focused,0.974,627,386,755,580
18600,1,Focused,0.973,850,512,1248,932
18600,2,Focused,0.981,1423,432,1645,647
18600,32,Focused,0.907,179,568,462,1074
18600,9,Focused,0.979,117,408,299,631
18600,16,Focused,0.984,807,445,1032,702
18600,34,Focused,0.812,1885,665,1919,789
18600,31,Focused,0.981,793,466,892,571
18630,5,Focused,0.967,1641,504,1890,881
18630,26,Focused,0.981,473,415,717,690
18630,13,Focused,0.975,1191,419,1435,674
18630,32,Focused,0.844,213,603,572,1077
18630,1,Focused,0.98,850,511,1253,932
18630,2,Focused,0.98,1424,434,1645,646
18630,16,Focused,0.973,804,450,1053,706
18630,19,Focused,0.802,608,384,810,581
18630,9,Focused,0.979,115,415,340,695
18630,36,Focused,0.985,904,386,1015,515
18630,34,Focused,0.914,1873,666,1919,810
18660,13,Focused,0.982,1188,418,1425,672
18660,5,Focused,0.975,1644,508,1916,871
18660,26,Focused,0.981,481,419,683,690
18660,1,Focused,0.984,851,511,1258,932
18660,32,Focused,0.79,211,604,577,1078
18660,2,Focused,0.979,1424,432,1644,648
18660,19,Focused,0.973,633,386,838,581
18660,16,Focused,0.947,807,454,1043,702
18660,31,Focused,0.982,801,386,957,560
18660,9,Focused,0.981,25,443,369,725
18660,34,Focused,0.947,1879,665,1919,789
18690,13,Focused,0.983,1193,416,1408,669
18690,5,Focused,0.978,1644,505,1913,872
18690,26,Focused,0.981,482,418,686,689
18690,32,Focused,0.978,212,605,570,1078
18690,1,Focused,0.981,853,511,1259,932
18690,2,Focused,0.98,1426,434,1645,646
18690,19,Focused,0.98,623,385,856,584
18690,31,Focused,0.982,797,386,955,540
18690,16,Focused,0.954,805,457,1058,703
18690,34,Focused,0.277,1871,668,1919,762
18720,13,Focused,0.972,1202,415,1392,668
18720,5,Focused,0.966,1644,504,1913,870
18720,32,Focused,0.606,210,608,557,1076
18720,26,Focused,0.977,481,421,686,689
18720,1,Focused,0.981,855,513,1256,932
18720,2,Focused,0.982,1420,432,1643,647
18720,19,Focused,0.975,629,384,836,582
18720,16,Focused,0.982,807,457,1052,702
18720,31,Focused,0.98,796,392,961,545
18720,37,Unknown,0.0,50,810,273,1068
18720,34,Focused,0.735,1874,675,1919,770
18720,9,Focused,0.926,35,426,307,705
18750,13,Focused,0.975,1196,418,1392,669
18750,5,Focused,0.973,1645,506,1917,868
18750,32,Focused,0.822,212,615,561,1077
18750,1,Focused,0.979,859,514,1262,933
18750,26,Focused,0.978,481,420,686,690
18750,2,Focused,0.982,1420,431,1642,646
18750,9,Focused,0.953,83,412,287,703
18750,19,Focused,0.978,628,384,789,581
18750,16,Focused,0.983,827,390,1056,675
18750,34,Focused,0.96,1886,674,1919,784
18780,13,Focused,0.986,1193,420,1362,671
18780,5,Focused,0.974,1640,506,1918,870
18780,16,Focused,0.983,765,381,1000,679
18780,26,Focused,0.985,482,426,685,689
18780,1,Focused,0.968,854,514,1258,933
18780,32,Focused,0.936,212,605,511,1077
18780,36,Focused,0.984,903,388,1017,515
18780,2,Focused,0.982,1423,432,1643,647
18780,19,Focused,0.982,629,386,775,580
18780,9,Focused,0.979,77,424,352,704
18780,34,Focused,0.975,1899,675,1919,781
18810,13,Focused,0.972,1193,418,1362,670
18810,5,Focused,0.969,1644,506,1919,873
18810,1,Focused,0.983,858,517,1261,933
18810,32,Focused,0.715,196,574,465,1077
18810,26,Focused,0.986,484,420,688,689
18810,9,Focused,0.982,76,424,280,703
18810,2,Focused,0.982,1422,432,1643,646
18810,16,Focused,0.985,802,399,1045,676
18810,19,Focused,0.982,643,387,798,579
18810,34,Focused,0.979,1888,679,1919,777
18840,13,Focused,0.909,1192,418,1402,668
18840,5,Focused,0.975,1644,506,1918,879
18840,32,Focused,0.968,191,573,465,1077
18840,1,Focused,0.985,851,515,1253,933
18840,19,Focused,0.983,630,385,778,582
18840,26,Focused,0.986,481,423,680,690
18840,9,Focused,0.982,77,424,276,703
18840,2,Focused,0.982,1421,432,1643,647
18840,16,Focused,0.984,824,405,1056,686
18840,31,Focused,0.961,790,384,940,568
18840,34,Focused,0.978,1884,671,1919,780
18870,13,Looking Away,0.532,1193,418,1403,668
18870,5,Focused,0.961,1647,506,1918,878
18870,32,Focused,0.671,171,584,465,1077
18870,1,Focused,0.971,855,515,1247,934
18870,19,Focused,0.979,625,387,802,596
18870,26,Focused,0.986,480,420,685,690
18870,16,Focused,0.977,791,430,1046,710
18870,9,Focused,0.943,77,422,266,703
18870,2,Focused,0.981,1431,425,1645,646
18870,31,Focused,0.984,792,385,954,568
18870,34,Focused,0.96,1880,671,1919,782
18900,13,Looking Away,0.45,1192,418,1433,669
18900,26,Focused,0.984,458,417,688,691
18900,5,Focused,0.976,1649,507,1918,877
18900,32,Focused,0.983,182,589,466,1076
18900,19,Focused,0.983,615,378,821,593
18900,9,Focused,0.972,73,424,270,704
18900,1,Focused,0.934,853,509,1246,933
18900,31,Focused,0.983,792,386,953,574
18900,2,Focused,0.982,1426,434,1644,647
18900,16,Focused,0.985,811,456,1042,700
18900,34,Focused,0.897,1882,680,1919,777
18930,5,Focused,0.959,1648,509,1911,883
18930,13,Focused,0.936,1195,418,1434,669
18930,26,Focused,0.867,459,417,686,691
18930,32,Focused,0.927,184,590,464,1075
18930,19,Focused,0.773,620,382,798,593
18930,31,Focused,0.982,789,388,954,577
18930,9,Focused,0.768,76,420,272,703
18930,1,Focused,0.981,853,510,1244,933
18930,2,Focused,0.982,1428,435,1643,647
18930,16,Focused,0.986,810,455,1039,700
18930,34,Focused,0.945,1884,678,1919,797
18960,5,Focused,0.971,1649,519,1912,868
18960,13,Focused,0.662,1195,420,1433,668
18960,26,Focused,0.898,461,428,696,690
18960,32,Focused,0.88,186,595,464,1076
18960,19,Focused,0.919,642,384,808,595
18960,1,Focused,0.978,851,510,1245,933
18960,2,Focused,0.982,1428,434,1644,647
18960,9,Focused,0.921,77,422,297,704
18960,31,Focused,0.986,790,387,951,577
18960,16,Focused,0.986,810,451,1039,700
18960,34,Using Phone,0.334,1883,675,1919,800
18990,13,Focused,0.967,1189,416,1386,663
18990,5,Focused,0.97,1648,522,1917,874
18990,26,Focused,0.96,461,428,693,691
18990,32,Focused,0.902,185,593,465,1075
18990,19,Focused,0.98,636,390,806,596
18990,2,Focused,0.982,1428,438,1656,646
18990,9,Focused,0.953,75,422,280,703
18990,1,Focused,0.977,857,508,1243,932
18990,31,Focused,0.984,791,386,951,575
18990,16,Focused,0.981,807,453,1038,699
18990,34,Using Phone,0.334,1885,676,1919,790
19020,5,Focused,0.967,1650,503,1908,883
19020,13,Focused,0.969,1192,416,1364,669
19020,26,Focused,0.97,461,423,692,691
19020,32,Focused,0.559,184,590,465,1076
19020,1,Focused,0.979,851,509,1245,933
19020,19,Focused,0.937,632,392,815,596
19020,9,Focused,0.947,75,422,276,703
19020,31,Focused,0.949,791,385,952,575
19020,2,Focused,0.982,1428,435,1643,645
19020,16,Focused,0.982,810,454,1043,699
19020,34,Using Phone,0.334,1884,679,1919,807
19050,13,Focused,0.965,1192,419,1413,670
19050,5,Focused,0.953,1648,517,1917,881
19050,26,Focused,0.977,460,424,693,691
19050,19,Focused,0.937,631,389,816,596
19050,32,Using Phone,0.557,183,590,465,1076
19050,9,Focused,0.807,75,421,271,704
19050,1,Focused,0.984,850,509,1241,933
19050,31,Focused,0.941,791,386,950,575
19050,2,Focused,0.982,1429,434,1643,645
19050,16,Focused,0.982,810,453,1037,700
19050,34,Using Phone,0.334,1882,665,1919,788
19080,5,Focused,0.946,1640,510,1915,870
19080,13,Focused,0.975,1201,419,1368,668
19080,26,Focused,0.98,461,423,692,691
19080,32,Using Phone,0.554,187,591,465,1075
19080,19,Focused,0.937,632,384,812,597
19080,1,Focused,0.984,852,509,1244,933
19080,9,Focused,0.849,77,422,290,704
19080,31,Focused,0.967,791,388,954,578
19080,2,Focused,0.981,1428,434,1644,645
19080,16,Focused,0.981,811,458,1040,700
19080,34,Focused,0.283,1878,661,1919,791
19110,5,Focused,0.959,1642,525,1905,879
19110,13,Focused,0.97,1198,419,1368,669
19110,26,Focused,0.976,460,424,693,691
19110,32,Using Phone,0.508,184,587,466,1075
19110,19,Focused,0.964,633,386,815,596
19110,9,Focused,0.7,76,422,270,703
19110,1,Focused,0.979,854,506,1245,933
19110,31,Focused,0.972,790,385,953,575
19110,2,Focused,0.978,1428,434,1644,647
19110,16,Focused,0.986,804,454,1045,707
19110,34,Focused,0.394,1881,665,1919,802
19140,5,Focused,0.966,1642,526,1909,871
19140,13,Focused,0.974,1198,421,1368,669
19140,26,Focused,0.96,460,422,692,691
19140,32,Using Phone,0.538,184,591,466,1076
19140,19,Focused,0.981,633,391,818,597
19140,9,Focused,0.825,76,421,272,703
19140,1,Focused,0.971,847,503,1244,933
19140,2,Focused,0.982,1429,434,1644,646
19140,31,Focused,0.975,800,384,952,559
19140,16,Focused,0.985,802,460,1045,700
19140,34,Focused,0.696,1882,667,1919,802
19170,5,Focused,0.966,1641,520,1918,871
19170,13,Focused,0.98,1197,421,1368,669
19170,26,Focused,0.927,459,424,692,691
19170,32,Using Phone,0.534,185,590,464,1076
19170,19,Focused,0.974,636,376,814,596
19170,9,Focused,0.813,76,421,284,703
19170,1,Focused,0.984,854,504,1241,933
19170,31,Focused,0.978,784,384,950,575
19170,2,Focused,0.982,1428,435,1644,648
19170,16,Focused,0.986,810,456,1048,700
19170,34,Focused,0.882,1884,680,1919,776
19200,5,Focused,0.968,1641,520,1909,883
19200,13,Focused,0.979,1197,421,1369,670
19200,26,Focused,0.966,462,416,692,691
19200,32,Using Phone,0.597,188,590,536,1076
19200,19,Using Phone,0.499,633,383,786,585
19200,31,Focused,0.981,787,384,954,576
19200,1,Focused,0.987,849,507,1241,933
19200,9,Focused,0.907,76,421,289,703
19200,2,Focused,0.982,1427,435,1642,646
19200,16,Focused,0.985,810,458,1041,699
19200,34,Focused,0.94,1884,682,1919,800
19230,26,Focused,0.979,459,419,692,691
19230,5,Focused,0.977,1643,521,1912,877
19230,13,Focused,0.91,1199,421,1368,669
19230,32,Focused,0.479,189,594,465,1076
19230,19,Focused,0.977,628,399,800,587
19230,31,Focused,0.981,798,383,953,576
19230,1,Focused,0.983,848,509,1248,933
19230,9,Focused,0.976,75,420,292,703
19230,2,Focused,0.982,1429,435,1644,648
19230,16,Focused,0.986,810,459,1043,700
19230,34,Using Phone,0.334,1891,685,1919,796
19260,13,Focused,0.612,1199,422,1369,668
19260,19,Focused,0.982,643,399,793,587
19260,5,Focused,0.943,1642,513,1916,883
19260,26,Focused,0.973,480,425,693,691
19260,32,Using Phone,0.541,189,592,468,1076
19260,31,Focused,0.982,841,385,948,573
19260,1,Focused,0.986,848,509,1238,933
19260,9,Focused,0.972,76,422,285,703
19260,2,Focused,0.982,1429,437,1643,648
19260,16,Focused,0.986,809,447,1039,700
19260,34,Using Phone,0.334,1884,684,1919,780
19290,13,Focused,0.791,1198,420,1369,669
19290,26,Focused,0.97,469,423,691,691
19290,19,Using Phone,0.488,630,396,809,588
19290,1,Focused,0.922,840,514,1245,934
19290,5,Focused,0.94,1656,502,1871,863
19290,31,Focused,0.979,840,385,952,575
19290,32,Using Phone,0.575,187,592,471,1076
19290,9,Focused,0.797,77,422,282,703
19290,2,Focused,0.982,1427,437,1640,647
19290,16,Focused,0.985,812,454,1035,701
19320,26,Focused,0.976,466,417,690,691
19320,19,Focused,0.778,615,396,810,587
19320,32,Using Phone,0.533,188,592,466,1076
19320,5,Focused,0.919,1639,512,1885,877
19320,1,Focused,0.913,841,524,1223,932
19320,31,Focused,0.98,854,387,954,558
19320,9,Focused,0.71,77,421,286,703
19320,13,Focused,0.803,1197,418,1369,714
19320,2,Focused,0.981,1427,435,1642,648
19320,16,Focused,0.984,812,454,1015,700
19320,34,Focused,0.325,1852,683,1919,812
19350,13,Focused,0.95,1200,422,1371,668
19350,26,Focused,0.98,466,423,695,691
19350,32,Using Phone,0.496,187,589,464,1076
19350,5,Focused,0.916,1639,509,1876,876
19350,31,Focused,0.982,852,387,956,561
19350,19,Focused,0.923,627,390,796,588
19350,9,Focused,0.737,77,423,272,703
19350,1,Focused,0.985,822,510,1244,933
19350,2,Focused,0.981,1426,435,1641,644
19350,16,Focused,0.984,811,459,1049,700
19350,34,Focused,0.568,1858,682,1919,810
19380,5,Focused,0.962,1642,524,1918,881
19380,26,Focused,0.965,466,422,693,691
19380,19,Focused,0.646,622,396,795,588
19380,13,Focused,0.97,1178,434,1382,661
19380,32,Focused,0.538,187,598,464,1077
19380,31,Focused,0.986,840,385,953,576
19380,2,Focused,0.982,1431,438,1645,648
19380,9,Focused,0.704,77,422,277,704
19380,1,Focused,0.985,818,512,1245,933
19380,16,Focused,0.983,810,460,1043,700
19380,34,Focused,0.813,1891,683,1919,781
19410,5,Focused,0.967,1642,517,1918,880
19410,26,Focused,0.978,464,417,690,691
19410,13,Focused,0.983,1178,421,1345,670
19410,32,Focused,0.726,187,599,466,1076
19410,31,Focused,0.986,840,386,952,577
19410,19,Focused,0.894,621,391,771,585
19410,2,Focused,0.982,1426,438,1646,647
19410,9,Focused,0.727,77,421,282,703
19410,1,Focused,0.985,826,511,1251,933
19410,16,Focused,0.984,810,459,1075,701
19410,34,Focused,0.904,1888,678,1919,782
19440,5,Focused,0.905,1638,513,1918,867
19440,13,Focused,0.812,1234,427,1440,684
19440,1,Focused,0.984,917,502,1295,940
19440,31,Focused,0.986,841,386,952,577
19440,16,Focused,0.984,810,458,1087,700
19440,26,Focused,0.98,523,440,762,693
19440,2,Focused,0.982,1432,459,1662,658
19440,32,Focused,0.503,284,570,733,1057
19440,9,Focused,0.693,28,414,383,700
19470,1,Focused,0.979,841,502,1229,1002
19470,5,Focused,0.794,1645,524,1919,883
19470,13,Focused,0.983,1182,438,1401,669
19470,2,Focused,0.982,1431,420,1632,662
19470,31,Focused,0.987,827,390,971,578
19470,16,Focused,0.986,817,459,1020,700
19470,26,Focused,0.981,473,413,696,690
19470,19,Focused,0.897,572,384,776,590
19470,32,Focused,0.516,409,610,821,974
19470,34,Focused,0.938,1891,680,1919,769
19470,9,Focused,0.831,22,414,360,709
19500,13,Focused,0.986,1183,439,1402,670
19500,5,Focused,0.966,1644,540,1920,883
19500,1,Focused,0.979,836,544,1214,945
19500,2,Focused,0.98,1412,418,1625,661
19500,32,Focused,0.892,304,560,675,972
19500,19,Focused,0.934,647,414,790,594
19500,26,Focused,0.983,489,402,717,653
19500,16,Focused,0.986,797,437,1009,694
19500,31,Focused,0.987,808,460,888,579
19500,34,Using Phone,0.334,1883,657,1919,767
19500,37,Unknown,0.0,61,810,310,1077
19500,9,Focused,0.962,47,442,334,707
19530,5,Focused,0.965,1641,516,1920,879
19530,13,Focused,0.987,1183,440,1402,672
19530,32,Focused,0.929,332,559,683,1006
19530,2,Focused,0.979,1420,443,1633,661
19530,1,Focused,0.983,836,546,1215,944
19530,31,Focused,0.985,795,393,960,578
19530,26,Focused,0.983,489,425,728,669
19530,19,Focused,0.982,678,411,791,589
19530,16,Focused,0.986,805,461,1025,700
19530,34,Focused,0.316,1879,656,1919,730
19530,9,Focused,0.973,31,415,329,703
19560,5,Focused,0.954,1583,517,1914,879
19560,13,Focused,0.98,1183,439,1402,673
19560,2,Focused,0.976,1422,445,1622,651
19560,1,Focused,0.984,836,549,1214,945
19560,32,Focused,0.965,330,595,681,981
19560,31,Focused,0.982,797,381,958,577
19560,19,Focused,0.979,671,414,790,584
19560,26,Focused,0.986,528,412,750,611
19560,16,Focused,0.986,808,463,1021,701
19560,34,Focused,0.715,1884,672,1919,794
19560,9,Focused,0.979,47,416,332,704
19590,5,Focused,0.895,1586,512,1910,880
19590,32,Focused,0.961,330,562,683,981
19590,2,Focused,0.955,1427,444,1622,650
19590,13,Focused,0.953,1186,437,1401,672
19590,1,Focused,0.575,836,547,1214,945
19590,31,Focused,0.904,820,387,957,583
19590,19,Focused,0.976,676,416,790,587
19590,26,Focused,0.974,534,418,758,629
19590,16,Focused,0.97,808,466,1020,701
19590,34,Focused,0.952,1874,667,1919,808
19590,9,Focused,0.979,49,416,330,705
19620,5,Focused,0.938,1597,510,1916,929
19620,13,Focused,0.935,1183,440,1401,673
19620,2,Focused,0.833,1414,445,1625,663
19620,32,Focused,0.544,330,559,678,981
19620,1,Using Phone,0.494,852,545,1213,946
19620,19,Focused,0.927,644,416,789,588
19620,31,Focused,0.81,821,389,960,582
19620,16,Focused,0.984,808,439,1019,700
19620,26,Focused,0.811,513,439,750,608
19620,34,Focused,0.976,1884,683,1919,789
19620,9,Focused,0.981,50,416,330,705
19650,5,Focused,0.982,1603,514,1905,933
19650,13,Focused,0.978,1181,440,1399,669
19650,32,Focused,0.609,331,564,699,981
19650,2,Focused,0.981,1426,444,1623,651
19650,1,Focused,0.532,848,545,1215,947
19650,31,Focused,0.969,821,390,963,583
19650,26,Focused,0.973,524,429,750,609
19650,19,Focused,0.891,676,416,790,583
19650,16,Focused,0.932,808,467,1013,699
19650,34,Focused,0.978,1877,676,1919,809
19650,9,Focused,0.976,49,416,330,705
19680,5,Focused,0.98,1601,510,1907,924
19680,2,Focused,0.963,1426,444,1623,650
19680,13,Focused,0.954,1182,441,1401,674
19680,32,Focused,0.72,329,543,675,981
19680,1,Focused,0.575,852,541,1224,945
19680,31,Focused,0.985,821,389,961,583
19680,19,Focused,0.957,646,386,787,588
19680,26,Focused,0.951,552,426,754,621
19680,16,Focused,0.836,807,467,1015,700
19680,34,Focused,0.976,1874,671,1919,809
19680,9,Focused,0.973,46,416,331,705
19710,5,Focused,0.979,1598,507,1907,881
19710,13,Focused,0.977,1182,440,1401,672
19710,32,Focused,0.951,331,541,666,980
19710,2,Focused,0.933,1413,443,1638,662
19710,1,Focused,0.6,850,538,1217,946
19710,31,Focused,0.983,822,389,960,583
19710,19,Focused,0.96,665,396,803,592
19710,16,Focused,0.825,808,467,1014,701
19710,34,Focused,0.972,1874,671,1919,809
19710,26,Focused,0.986,552,429,756,613
19710,9,Focused,0.972,39,415,329,702
19740,5,Focused,0.974,1586,510,1912,924
19740,2,Focused,0.931,1413,443,1642,662
19740,13,Focused,0.986,1182,441,1400,673
19740,32,Focused,0.934,332,550,677,980
19740,1,Focused,0.787,849,544,1216,945
19740,19,Focused,0.945,660,405,803,590
19740,31,Focused,0.98,823,396,972,583
19740,26,Focused,0.981,533,428,759,608
19740,16,Focused,0.944,807,458,1016,700
19740,34,Focused,0.961,1874,671,1919,802
19740,9,Focused,0.979,46,414,348,702
19770,5,Focused,0.972,1580,511,1912,926
19770,13,Focused,0.901,1182,442,1400,668
19770,2,Focused,0.962,1427,445,1622,651
19770,32,Focused,0.5,334,560,683,979
19770,1,Focused,0.583,847,544,1216,956
19770,26,Focused,0.934,526,429,755,608
19770,19,Focused,0.951,660,406,802,591
19770,31,Focused,0.978,801,368,993,576
19770,16,Focused,0.899,808,472,1014,701
19770,34,Focused,0.952,1873,671,1919,803
19770,37,Unknown,0.0,51,807,307,1060
19800,5,Focused,0.873,1596,509,1907,880
19800,2,Focused,0.972,1426,445,1622,652
19800,13,Focused,0.971,1182,440,1399,669
19800,1,Focused,0.638,847,539,1216,947
19800,32,Focused,0.718,335,552,681,980
19800,31,Focused,0.975,805,372,958,578
19800,19,Focused,0.959,661,406,802,591
19800,26,Focused,0.965,535,428,757,608
19800,16,Focused,0.943,807,465,1022,702
19800,34,Focused,0.976,1872,671,1919,809
19800,37,Unknown,0.0,51,808,307,1059
19830,5,Focused,0.966,1588,511,1881,868
19830,13,Focused,0.985,1182,440,1398,670
19830,1,Focused,0.768,844,541,1215,946
19830,32,Focused,0.986,339,544,685,980
19830,2,Focused,0.976,1426,445,1624,652
19830,19,Focused,0.938,664,386,800,590
19830,26,Focused,0.983,546,429,757,610
19830,31,Focused,0.985,820,400,979,584
19830,16,Focused,0.981,808,459,1022,702
19830,34,Focused,0.98,1869,681,1919,815
19830,37,Focused,0.983,51,807,307,1060
19860,5,Focused,0.979,1616,508,1895,868
19860,2,Focused,0.978,1422,443,1621,651
19860,13,Focused,0.985,1182,439,1399,671
19860,1,Focused,0.98,844,545,1266,946
19860,32,Focused,0.984,343,564,691,978
19860,19,Focused,0.975,674,409,811,596
19860,16,Focused,0.985,808,468,1033,702
19860,31,Focused,0.986,820,399,985,585
19860,34,Focused,0.982,1869,670,1918,814
19860,26,Focused,0.985,521,421,759,610
19860,37,Focused,0.986,54,809,308,1060
19890,2,Focused,0.98,1423,444,1623,654
19890,13,Focused,0.985,1181,440,1399,669
19890,5,Focused,0.982,1616,506,1897,875
19890,1,Focused,0.979,844,541,1216,946
19890,32,Focused,0.981,340,558,680,978
19890,31,Focused,0.985,826,391,970,585
19890,19,Focused,0.982,666,398,811,596
19890,26,Focused,0.984,530,419,752,644
19890,16,Focused,0.986,807,465,1028,701
19890,34,Focused,0.981,1869,670,1918,815
19890,37,Focused,0.983,51,808,309,1060
19920,5,Focused,0.981,1625,510,1897,867
19920,13,Focused,0.984,1181,440,1398,669
19920,1,Focused,0.98,847,541,1219,946
19920,2,Focused,0.98,1425,448,1622,655
19920,32,Focused,0.983,336,552,681,979
19920,19,Focused,0.985,667,407,815,595
19920,31,Focused,0.985,826,390,965,585
19920,16,Focused,0.984,808,465,1027,701
19920,34,Focused,0.978,1869,668,1919,814
19920,26,Focused,0.982,530,424,745,634
19920,37,Focused,0.982,54,808,305,1060
19950,5,Focused,0.978,1628,513,1897,869
19950,2,Focused,0.979,1423,446,1622,653
19950,1,Focused,0.982,853,542,1219,945
19950,13,Focused,0.981,1181,440,1399,669
19950,32,Focused,0.983,339,544,670,979
19950,19,Focused,0.984,639,407,814,598
19950,31,Focused,0.979,825,390,963,584
19950,16,Focused,0.986,806,465,1020,700
19950,34,Focused,0.975,1871,662,1919,813
19950,37,Focused,0.981,51,808,310,1061
19950,26,Focused,0.981,504,396,708,643
19980,5,Focused,0.652,1629,518,1896,868
19980,2,Focused,0.978,1435,417,1628,652
19980,1,Focused,0.983,845,541,1218,946
19980,13,Looking Away,0.803,1181,441,1398,668
19980,32,Focused,0.971,346,542,671,977
19980,19,Focused,0.778,656,407,814,597
19980,31,Focused,0.906,825,390,963,584
19980,26,Focused,0.96,541,432,734,610
19980,16,Focused,0.977,808,463,1024,700
19980,34,Focused,0.968,1870,661,1919,814
19980,37,Focused,0.981,50,808,310,1060
20010,5,Focused,0.826,1627,511,1896,873
20010,13,Focused,0.984,1181,441,1399,669
20010,2,Focused,0.979,1427,427,1625,651
20010,1,Focused,0.754,849,541,1219,948
20010,19,Focused,0.856,665,408,815,598
20010,31,Focused,0.865,810,380,952,582
20010,32,Focused,0.915,340,541,646,975
20010,16,Focused,0.967,808,463,1022,700
20010,34,Focused,0.968,1870,669,1919,814
20010,26,Focused,0.985,544,440,734,692
20010,37,Focused,0.979,50,808,310,1060
20040,5,Focused,0.787,1624,512,1896,874
20040,13,Focused,0.878,1180,439,1398,668
20040,2,Focused,0.974,1419,425,1627,651
20040,1,Using Phone,0.53,853,539,1217,945
20040,19,Focused,0.947,665,407,814,597
20040,31,Focused,0.972,824,393,961,584
20040,32,Focused,0.523,294,542,655,974
20040,26,Focused,0.98,552,445,734,610
20040,16,Focused,0.982,807,465,1021,701
20040,34,Focused,0.973,1870,669,1919,813
20040,37,Focused,0.979,51,808,305,1060
20070,5,Focused,0.747,1627,512,1897,867
20070,13,Focused,0.935,1179,439,1396,668
20070,1,Focused,0.494,850,540,1216,946
20070,2,Focused,0.971,1419,425,1627,651
20070,19,Focused,0.949,634,407,814,598
20070,26,Focused,0.978,510,399,712,687
20070,32,Focused,0.557,302,541,639,974
20070,31,Focused,0.964,825,394,967,584
20070,16,Focused,0.949,807,464,1019,700
20070,34,Focused,0.976,1872,670,1919,814
20070,37,Focused,0.967,51,807,310,1060
20100,5,Focused,0.931,1566,518,1897,873
20100,13,Focused,0.949,1179,439,1398,669
20100,2,Focused,0.974,1418,428,1627,651
20100,1,Using Phone,0.524,844,544,1217,946
20100,19,Focused,0.959,644,386,795,575
20100,31,Focused,0.922,823,394,968,583
20100,32,Focused,0.559,299,572,648,970
20100,26,Focused,0.586,511,434,726,651
20100,16,Focused,0.976,808,464,1020,700
20100,34,Focused,0.979,1871,661,1919,815
20100,37,Focused,0.378,51,807,309,1059
20130,5,Focused,0.943,1621,509,1897,867
20130,13,Focused,0.97,1180,439,1399,669
20130,2,Focused,0.952,1415,431,1602,651
20130,1,Focused,0.649,844,545,1216,947
20130,32,Focused,0.773,341,555,690,973
20130,19,Focused,0.904,661,407,811,597
20130,26,Focused,0.798,490,432,723,670
20130,31,Focused,0.936,822,397,971,583
20130,16,Focused,0.894,811,454,1029,701
20130,34,Focused,0.939,1871,665,1919,814
20130,37,Focused,0.637,52,807,310,1061
20130,9,Focused,0.975,51,437,337,707
20160,5,Focused,0.949,1623,519,1897,869
20160,2,Focused,0.889,1416,430,1603,652
20160,13,Focused,0.983,1179,438,1398,670
20160,1,Focused,0.976,844,547,1217,946
20160,32,Focused,0.982,345,556,693,974
20160,26,Focused,0.978,489,437,729,669
20160,19,Focused,0.765,663,407,811,598
20160,31,Focused,0.909,822,397,971,583
20160,34,Focused,0.949,1870,659,1919,815
20160,16,Focused,0.979,809,452,1012,702
20160,37,Focused,0.934,50,808,311,1062
20160,9,Focused,0.955,55,419,326,702
20190,5,Focused,0.955,1624,523,1898,870
20190,13,Focused,0.984,1179,441,1397,670
20190,2,Focused,0.935,1413,434,1603,652
20190,1,Focused,0.954,844,546,1221,946
20190,32,Focused,0.551,349,554,691,973
20190,19,Focused,0.939,663,408,812,599
20190,26,Focused,0.951,489,438,729,670
20190,31,Focused,0.956,822,397,969,583
20190,16,Focused,0.915,808,457,1019,702
20190,34,Focused,0.923,1873,676,1919,815
20190,37,Focused,0.939,50,808,310,1062
20190,9,Focused,0.974,51,420,323,716
20220,5,Focused,0.906,1625,507,1897,870
20220,2,Focused,0.973,1415,439,1623,662
20220,13,Focused,0.943,1182,439,1398,667
20220,26,Focused,0.882,489,436,730,668
20220,32,Focused,0.768,360,553,694,971
20220,19,Focused,0.978,660,408,811,598
20220,1,Focused,0.556,843,564,1278,947
20220,31,Focused,0.966,823,398,970,584
20220,16,Focused,0.883,808,454,1041,704
20220,34,Focused,0.954,1873,678,1919,815
20220,37,Focused,0.954,51,808,311,1061
20250,5,Focused,0.922,1627,511,1897,870
20250,2,Focused,0.972,1426,441,1621,652
20250,13,Focused,0.982,1179,440,1398,670
20250,1,Focused,0.911,842,541,1262,947
20250,19,Focused,0.984,660,408,811,598
20250,32,Focused,0.971,360,541,694,971
20250,26,Focused,0.976,544,436,730,610
20250,31,Focused,0.976,822,394,966,583
20250,16,Focused,0.649,808,456,1017,703
20250,34,Focused,0.948,1873,679,1919,814
20250,37,Focused,0.951,51,808,310,1062
20280,5,Focused,0.961,1626,512,1898,870
20280,2,Focused,0.975,1427,442,1621,652
20280,13,Focused,0.98,1179,440,1397,670
20280,1,Focused,0.516,842,544,1231,947
20280,32,Focused,0.864,357,542,690,972
20280,19,Focused,0.981,658,405,799,588
20280,31,Focused,0.977,822,399,968,584
20280,26,Focused,0.985,541,439,730,641
20280,16,Focused,0.59,808,453,1021,704
20280,34,Focused,0.964,1873,678,1919,814
20280,37,Focused,0.961,50,808,310,1060
20310,5,Focused,0.963,1628,517,1897,870
20310,13,Focused,0.983,1178,441,1398,670
20310,1,Focused,0.971,842,543,1231,947
20310,32,Focused,0.798,356,552,691,972
20310,19,Focused,0.986,665,409,814,598
20310,26,Focused,0.985,489,442,728,666
20310,2,Focused,0.976,1417,445,1622,651
20310,31,Focused,0.986,823,398,967,583
20310,16,Focused,0.981,808,450,1018,703
20310,34,Focused,0.919,1876,682,1919,815
20310,9,Focused,0.974,53,417,318,708
20340,5,Focused,0.962,1628,516,1903,870
20340,13,Focused,0.983,1179,441,1399,671
20340,2,Focused,0.979,1427,443,1633,651
20340,1,Focused,0.695,843,543,1231,947
20340,32,Focused,0.622,356,549,697,972
20340,19,Focused,0.968,661,410,814,598
20340,26,Focused,0.984,488,437,726,667
20340,31,Focused,0.984,821,398,962,581
20340,34,Focused,0.306,1853,537,1919,809
20340,16,Focused,0.976,808,443,1023,693
20340,9,Focused,0.978,51,416,319,708
20370,5,Focused,0.886,1633,514,1900,869
20370,13,Focused,0.845,1178,440,1397,671
20370,2,Focused,0.968,1425,446,1620,652
20370,1,Focused,0.547,843,544,1232,947
20370,32,Focused,0.957,363,554,708,971
20370,19,Focused,0.887,664,410,814,598
20370,26,Focused,0.969,488,440,726,683
20370,31,Focused,0.981,822,396,965,583
20370,16,Focused,0.971,813,458,1018,700
20370,34,Focused,0.76,1874,671,1919,808
20370,37,Focused,0.96,55,810,306,1067
20400,13,Focused,0.917,1178,441,1397,670
20400,5,Focused,0.918,1638,515,1914,869
20400,32,Focused,0.964,350,542,687,996
20400,1,Focused,0.976,843,545,1232,947
20400,2,Focused,0.975,1427,447,1623,651
20400,26,Focused,0.909,547,434,739,610
20400,19,Focused,0.927,670,410,814,597
20400,31,Focused,0.829,822,396,961,583
20400,16,Focused,0.969,813,461,1018,700
20400,34,Focused,0.923,1880,668,1919,791
20400,9,Focused,0.977,50,419,319,707
20430,13,Focused,0.979,1179,441,1398,670
20430,2,Focused,0.979,1419,443,1623,650
20430,5,Focused,0.948,1638,510,1914,868
20430,1,Focused,0.972,842,544,1232,947
20430,19,Focused,0.927,663,410,814,597
20430,32,Focused,0.983,346,549,678,975
20430,31,Focused,0.866,822,400,968,583
20430,16,Focused,0.982,812,457,1019,700
20430,26,Focused,0.815,527,436,725,665
20430,34,Focused,0.944,1878,666,1919,794
20430,37,Focused,0.918,49,808,315,1076
20460,5,Focused,0.973,1638,516,1915,870
20460,2,Focused,0.982,1419,443,1620,651
20460,13,Focused,0.984,1178,439,1398,672
20460,1,Focused,0.979,844,541,1215,947
20460,32,Focused,0.985,337,548,708,978
20460,19,Focused,0.972,652,411,814,597
20460,31,Focused,0.983,822,401,968,585
20460,26,Focused,0.943,516,430,723,611
20460,16,Focused,0.981,813,464,1027,701
20460,34,Focused,0.952,1871,658,1919,791
20490,2,Focused,0.984,1417,443,1620,651
20490,5,Focused,0.971,1637,515,1914,870
20490,13,Focused,0.985,1180,439,1400,672
20490,1,Focused,0.978,844,549,1205,947
20490,32,Focused,0.984,344,607,709,976
20490,19,Focused,0.985,661,411,814,599
20490,31,Focused,0.979,822,400,964,584
20490,26,Focused,0.976,473,446,727,697
20490,16,Focused,0.985,816,446,1022,705
20490,9,Focused,0.976,54,419,304,728
20490,34,Focused,0.903,1877,662,1919,795
20520,2,Focused,0.984,1417,445,1621,651
20520,5,Focused,0.974,1639,515,1908,869
20520,13,Focused,0.984,1178,438,1397,671
20520,1,Focused,0.978,846,544,1209,945
20520,26,Focused,0.956,522,420,715,683
20520,19,Focused,0.979,661,410,814,598
20520,32,Focused,0.984,333,545,686,972
20520,31,Focused,0.986,822,400,964,584
20520,16,Focused,0.986,813,444,1020,702
20520,34,Using Phone,0.334,1874,671,1919,809
20520,37,Focused,0.963,66,810,306,1055
20550,5,Focused,0.505,1637,515,1912,870
20550,2,Focused,0.979,1421,446,1624,651
20550,13,Focused,0.942,1179,441,1398,669
20550,1,Focused,0.525,853,542,1229,945
20550,32,Focused,0.933,346,559,695,1009
20550,19,Focused,0.96,667,410,814,597
20550,31,Focused,0.973,822,399,966,584
20550,16,Focused,0.982,813,447,1018,706
20550,26,Focused,0.983,517,449,734,609
20550,34,Using Phone,0.334,1877,670,1919,796
20550,37,Focused,0.973,64,810,309,1055
20550,9,Focused,0.979,53,428,308,729
20580,5,Focused,0.664,1637,517,1913,870
20580,13,Focused,0.907,1179,441,1398,670
20580,2,Focused,0.954,1426,445,1621,650
20580,1,Focused,0.936,851,542,1230,950
20580,32,Focused,0.942,346,550,702,977
20580,19,Focused,0.864,669,410,814,597
20580,31,Focused,0.82,822,399,967,584
20580,26,Focused,0.971,525,443,739,610
20580,16,Focused,0.839,813,449,1017,701
20580,34,Focused,0.301,1878,672,1919,798
20580,37,Focused,0.978,66,810,307,1057
20580,9,Focused,0.98,52,426,318,729
20610,5,Using Phone,0.516,1638,513,1914,869
20610,2,Focused,0.971,1425,445,1621,650
20610,13,Focused,0.928,1181,440,1399,671
20610,1,Focused,0.614,847,543,1229,953
20610,32,Focused,0.669,348,551,707,977
20610,19,Focused,0.894,669,410,814,597
20610,26,Focused,0.885,488,447,737,676
20610,31,Focused,0.668,822,398,968,584
20610,16,Focused,0.93,813,450,1017,701
20610,34,Focused,0.713,1880,673,1919,793
20610,37,Focused,0.92,63,808,308,1058
20610,9,Focused,0.98,53,426,322,729
20640,2,Focused,0.986,1425,445,1621,650
20640,5,Focused,0.727,1635,512,1914,869
20640,13,Focused,0.975,1181,440,1400,674
20640,32,Focused,0.865,351,543,706,977
20640,1,Focused,0.756,851,540,1226,947
20640,19,Focused,0.85,666,410,814,597
20640,31,Focused,0.937,821,403,964,585
20640,16,Focused,0.982,813,447,1020,703
20640,26,Focused,0.982,536,451,739,610
20640,34,Focused,0.956,1878,672,1919,797
20640,37,Focused,0.984,69,809,301,1061
20640,9,Focused,0.978,53,425,319,729
20670,2,Focused,0.986,1426,445,1621,651
20670,5,Focused,0.974,1633,513,1914,869
20670,13,Focused,0.985,1181,440,1402,674
20670,1,Focused,0.935,853,540,1225,946
20670,32,Focused,0.984,353,546,706,978
20670,19,Focused,0.766,669,410,815,597
20670,31,Focused,0.961,830,397,976,584
20670,26,Focused,0.983,487,449,737,675
20670,16,Focused,0.982,812,448,1020,702
20670,34,Focused,0.978,1879,672,1919,793
20670,37,Focused,0.985,61,809,310,1061
20700,2,Focused,0.982,1425,445,1621,650
20700,5,Focused,0.968,1634,509,1913,869
20700,13,Focused,0.985,1179,439,1400,670
20700,32,Focused,0.981,350,542,704,978
20700,1,Focused,0.97,853,539,1227,946
20700,19,Focused,0.952,666,410,815,597
20700,31,Focused,0.984,822,402,968,583
20700,26,Focused,0.986,555,438,736,610
20700,16,Focused,0.984,812,458,1024,701
20700,34,Focused,0.98,1876,671,1919,797
20700,37,Focused,0.982,63,809,313,1060
20730,2,Focused,0.98,1425,445,1622,650
20730,5,Focused,0.968,1638,510,1914,869
20730,13,Focused,0.986,1178,441,1400,670
20730,1,Focused,0.958,852,540,1227,947
20730,32,Focused,0.944,350,544,704,977
20730,19,Focused,0.933,667,411,814,596
20730,26,Focused,0.986,542,444,734,610
20730,31,Focused,0.983,822,402,969,584
20730,16,Focused,0.985,810,467,1014,700
20730,34,Focused,0.978,1877,671,1919,797
20730,37,Focused,0.979,62,809,312,1061
20760,5,Focused,0.974,1635,514,1915,868
20760,13,Focused,0.986,1179,439,1402,671
20760,2,Focused,0.984,1415,445,1623,663
20760,1,Focused,0.963,854,541,1228,946
20760,32,Focused,0.949,348,542,705,978
20760,19,Focused,0.947,663,411,815,597
20760,31,Focused,0.984,821,403,967,584
20760,16,Focused,0.983,811,468,1026,701
20760,26,Focused,0.977,537,442,731,609
20760,34,Focused,0.975,1876,671,1919,796
20760,37,Focused,0.98,61,809,312,1061
20790,2,Focused,0.986,1412,444,1624,662
20790,5,Focused,0.976,1636,514,1914,869
20790,13,Focused,0.986,1180,440,1401,671
20790,1,Focused,0.972,853,542,1228,946
20790,32,Focused,0.975,353,547,710,977
20790,19,Focused,0.973,668,411,815,598
20790,26,Focused,0.985,488,441,729,677
20790,31,Focused,0.986,821,402,965,583
20790,16,Focused,0.983,812,455,1022,702
20790,34,Focused,0.958,1877,671,1919,799
20790,37,Focused,0.977,70,808,306,1062
20820,5,Focused,0.962,1636,514,1915,870
20820,13,Focused,0.986,1180,441,1401,672
20820,2,Focused,0.985,1413,444,1623,663
20820,1,Focused,0.686,838,543,1227,947
20820,32,Focused,0.693,352,548,713,977
20820,19,Focused,0.766,667,411,815,597
20820,31,Focused,0.981,821,399,955,584
20820,26,Focused,0.971,524,447,735,610
20820,16,Focused,0.791,810,454,1018,702
20820,34,Focused,0.326,1877,671,1919,794
20820,37,Focused,0.734,64,809,312,1061
20850,5,Focused,0.826,1635,513,1917,870
20850,13,Focused,0.958,1180,442,1400,671
20850,2,Focused,0.981,1423,445,1620,652
20850,1,Using Phone,0.599,841,543,1224,945
20850,32,Focused,0.73,352,544,708,978
20850,19,Focused,0.612,663,411,815,597
20850,31,Focused,0.963,821,401,958,584
20850,26,Using Phone,0.537,538,443,729,609
20850,16,Focused,0.871,810,453,1020,701
20850,37,Focused,0.695,62,809,312,1061
20850,34,Focused,0.485,1877,671,1919,786
20880,5,Focused,0.679,1633,510,1914,869
20880,13,Focused,0.977,1181,440,1400,673
20880,2,Focused,0.98,1411,445,1623,663
20880,1,Looking Away,0.355,849,542,1224,947
20880,32,Using Phone,0.512,351,548,706,977
20880,19,Focused,0.488,662,411,814,597
20880,26,Using Phone,0.562,513,445,729,610
20880,31,Focused,0.538,822,401,960,584
20880,16,Focused,0.905,810,450,1019,701
20880,34,Focused,0.623,1878,672,1919,795
20880,37,Focused,0.754,60,808,313,1061
20910,5,Focused,0.554,1634,515,1915,869
20910,2,Focused,0.976,1425,444,1621,650
20910,13,Focused,0.637,1180,440,1401,673
20910,1,Using Phone,0.668,851,541,1224,945
20910,32,Focused,0.859,349,549,709,977
20910,19,Focused,0.779,657,412,814,598
20910,26,Focused,0.702,487,443,724,675
20910,31,Focused,0.867,821,401,960,585
20910,16,Focused,0.964,812,449,1017,701
20910,34,Focused,0.486,1878,670,1919,795
20910,37,Looking Away,0.593,68,808,304,1063
20940,5,Focused,0.569,1636,524,1914,870
20940,2,Focused,0.969,1424,445,1620,651
20940,13,Using Phone,0.492,1179,441,1400,670
20940,1,Looking Away,0.399,853,540,1225,945
20940,32,Focused,0.858,341,550,690,976
20940,19,Focused,0.721,669,411,814,597
20940,31,Focused,0.88,821,401,960,584
20940,26,Focused,0.596,531,436,737,636
20940,16,Using Phone,0.62,810,448,1017,701
20940,34,Using Phone,0.496,1876,667,1919,793
20940,37,Looking Away,0.961,61,808,313,1064
20970,5,Looking Away,0.663,1636,517,1914,870
20970,13,Focused,0.492,1180,441,1400,670
20970,2,Focused,0.883,1426,444,1620,651
20970,32,Focused,0.488,351,551,692,1003
20970,1,Using Phone,0.587,851,543,1224,949
20970,19,Focused,0.796,665,411,815,597
20970,31,Focused,0.955,821,401,960,584
20970,26,Focused,0.942,524,441,730,610
20970,16,Focused,0.556,810,449,1014,702
20970,34,Focused,0.926,1878,667,1919,794
20970,37,Chatting,0.857,61,809,312,1064
21000,5,Focused,0.549,1636,519,1915,871
21000,13,Focused,0.796,1180,441,1400,671
21000,2,Focused,0.976,1426,445,1620,650
21000,32,Using Phone,0.455,346,541,687,1002
21000,1,Focused,0.574,847,543,1222,946
21000,19,Using Phone,0.487,659,412,815,596
21000,31,Focused,0.966,821,401,961,584
21000,26,Focused,0.708,536,433,726,633
21000,16,Focused,0.493,797,459,1029,689
21000,34,Focused,0.402,1880,669,1919,792
21000,37,Chatting,0.829,58,808,313,1063
21030,5,Looking Away,0.56,1638,519,1917,871
21030,2,Focused,0.965,1426,445,1620,650
21030,13,Focused,0.793,1180,440,1400,674
21030,1,Focused,0.438,849,540,1217,945
21030,26,Using Phone,0.864,498,437,704,686
21030,32,Using Phone,0.696,349,542,678,978
21030,19,Using Phone,0.559,603,408,814,598
21030,31,Focused,0.924,825,399,965,584
21030,16,Looking Away,0.888,813,445,1010,699
21030,34,Looking Away,0.353,1875,660,1919,790
21030,37,Chatting,0.715,69,808,302,1068
21060,5,Looking Away,0.719,1639,516,1917,872
21060,2,Focused,0.913,1425,445,1621,650
21060,13,Using Phone,0.626,1181,441,1400,674
21060,1,Looking Away,0.87,847,538,1219,945
21060,32,Focused,0.898,348,546,678,977
21060,19,Focused,0.477,605,411,814,599
21060,31,Using Phone,0.489,821,401,963,584
21060,16,Focused,0.816,812,460,1010,700
21060,26,Focused,0.808,494,449,705,630
21060,37,Chatting,0.497,69,808,303,1068
21060,34,Looking Away,0.527,1873,657,1919,767
21090,5,Looking Away,0.982,1637,522,1916,871
21090,2,Using Phone,0.567,1422,445,1620,652
21090,13,Focused,0.59,1180,440,1399,673
21090,1,Looking Away,0.971,847,536,1218,944
21090,19,Focused,0.821,665,411,814,597
21090,32,Focused,0.91,347,543,678,977
21090,26,Focused,0.586,538,436,726,688
21090,16,Focused,0.865,811,461,1013,701
21090,31,Using Phone,0.44,821,401,963,584
21090,34,Looking Away,0.556,1864,652,1919,790
21090,37,Focused,0.721,61,809,311,1067
21120,5,Looking Away,0.557,1638,529,1914,871
21120,2,Using Phone,0.491,1425,445,1620,653
21120,13,Using Phone,0.815,1180,442,1398,673
21120,32,Focused,0.988,355,545,688,989
21120,1,Focused,0.504,845,538,1229,945
21120,19,Focused,0.664,660,411,814,596
21120,26,Focused,0.907,539,435,727,613
21120,31,Focused,0.787,822,401,962,584
21120,16,Focused,0.919,811,460,1013,701
21120,34,Focused,0.759,1877,661,1919,791
21120,37,Looking Away,0.89,60,809,311,1068
21150,5,Looking Away,0.986,1637,523,1915,871
21150,13,Using Phone,0.657,1180,441,1398,669
21150,2,Looking Away,0.938,1425,445,1620,653
21150,1,Focused,0.833,847,540,1228,945
21150,32,Focused,0.976,345,545,681,989
21150,19,Focused,0.854,662,411,814,596
21150,31,Focused,0.6,821,401,962,584
21150,16,Using Phone,0.82,811,459,1012,701
21150,26,Focused,0.415,537,438,726,615
21150,34,Using Phone,0.677,1873,660,1919,792
21150,37,Focused,0.522,62,809,310,1067
21180,2,Looking Away,0.943,1425,445,1621,652
21180,13,Focused,0.978,1180,443,1397,671
21180,5,Focused,0.911,1640,514,1916,870
21180,1,Focused,0.853,847,540,1228,945
21180,32,Focused,0.834,348,545,683,988
21180,19,Focused,0.882,661,411,814,597
21180,31,Focused,0.983,822,400,963,584
21180,16,Focused,0.785,811,459,1012,701
21180,26,Focused,0.855,538,439,725,610
21180,34,Focused,0.976,1869,664,1919,791
21180,37,Focused,0.979,67,808,306,1070
21210,2,Focused,0.974,1425,445,1620,652
21210,13,Focused,0.981,1179,441,1402,670
21210,5,Focused,0.974,1640,518,1917,874
21210,1,Focused,0.687,847,540,1228,945
21210,32,Focused,0.848,343,541,685,991
21210,19,Focused,0.886,661,411,814,597
21210,31,Focused,0.979,821,401,963,584
21210,26,Focused,0.913,545,440,726,610
21210,16,Focused,0.928,811,457,1013,701
21210,34,Focused,0.971,1882,674,1919,786
21210,37,Focused,0.981,65,808,306,1070
21240,2,Focused,0.975,1423,446,1620,652
21240,5,Focused,0.972,1645,516,1912,873
21240,13,Focused,0.984,1177,440,1399,671
21240,1,Using Phone,0.534,847,541,1229,946
21240,32,Focused,0.718,346,543,678,987
21240,19,Focused,0.903,660,411,814,597
21240,31,Focused,0.969,822,399,962,584
21240,16,Focused,0.855,818,449,1022,702
21240,26,Focused,0.978,544,441,726,626
21240,34,Focused,0.969,1879,674,1919,794
21240,37,Focused,0.975,61,809,312,1071
21270,5,Focused,0.972,1644,515,1911,873
21270,2,Focused,0.976,1424,445,1620,652
21270,13,Focused,0.984,1178,443,1398,672
21270,1,Focused,0.571,847,544,1227,945
21270,32,Focused,0.757,345,544,678,986
21270,19,Focused,0.901,658,410,814,597
21270,31,Focused,0.983,821,399,962,585
21270,16,Focused,0.787,815,450,1021,707
21270,26,Focused,0.981,541,440,726,683
21270,34,Focused,0.94,1882,683,1919,799
21270,37,Focused,0.98,69,808,310,1070
21300,2,Focused,0.968,1425,445,1620,652
21300,5,Focused,0.745,1643,518,1911,873
21300,13,Focused,0.902,1178,444,1397,673
21300,1,Using Phone,0.524,846,543,1228,946
21300,32,Focused,0.499,345,544,677,985
21300,19,Focused,0.869,660,411,814,597
21300,31,Focused,0.978,822,399,963,584
21300,16,Focused,0.745,813,450,1017,700
21300,26,Focused,0.969,539,433,726,619
21300,34,Focused,0.97,1879,678,1919,797
21300,37,Focused,0.758,60,809,312,1070
21330,2,Focused,0.973,1425,445,1620,652
21330,5,Focused,0.672,1642,515,1916,877
21330,13,Focused,0.954,1178,443,1397,671
21330,1,Focused,0.876,845,542,1229,946
21330,32,Using Phone,0.497,345,550,677,980
21330,19,Focused,0.761,662,411,815,597
21330,31,Focused,0.968,821,401,962,584
21330,26,Using Phone,0.537,527,441,728,639
21330,16,Focused,0.744,813,451,1015,701
21330,34,Focused,0.947,1880,672,1919,791
21330,37,Focused,0.973,68,808,305,1071
21360,2,Focused,0.974,1426,446,1620,652
21360,13,Focused,0.968,1178,442,1397,670
21360,5,Using Phone,0.615,1642,511,1916,876
21360,1,Focused,0.983,847,538,1205,945
21360,32,Focused,0.596,354,555,715,980
21360,19,Focused,0.507,664,411,815,598
21360,26,Focused,0.852,510,440,728,611
21360,31,Focused,0.946,821,401,962,584
21360,16,Focused,0.702,813,450,1015,700
21360,34,Focused,0.973,1880,676,1919,789
21360,37,Focused,0.98,61,809,308,1071
21390,5,Using Phone,0.564,1642,514,1917,878
21390,13,Using Phone,0.559,1178,442,1397,671
21390,2,Focused,0.519,1425,445,1620,653
21390,1,Using Phone,0.651,842,541,1204,946
21390,32,Focused,0.863,355,549,713,980
21390,19,Focused,0.788,662,411,814,597
21390,26,Focused,0.813,523,431,726,610
21390,16,Using Phone,0.536,811,450,1016,708
21390,31,Focused,0.584,822,400,962,585
21390,34,Focused,0.976,1881,669,1919,787
21390,37,Focused,0.861,62,809,312,1071
21420,5,Focused,0.701,1643,520,1917,879
21420,2,Using Phone,0.511,1426,445,1620,653
21420,13,Focused,0.974,1178,441,1394,670
21420,1,Focused,0.968,842,541,1203,946
21420,32,Focused,0.802,354,556,715,980
21420,19,Focused,0.964,670,411,815,596
21420,26,Focused,0.984,522,431,744,611
21420,31,Focused,0.92,821,400,962,584
21420,16,Focused,0.985,813,450,1016,700
21420,34,Focused,0.972,1879,663,1919,786
21420,37,Focused,0.98,62,809,312,1071
21450,2,Focused,0.966,1425,445,1620,653
21450,13,Focused,0.978,1180,444,1398,672
21450,5,Focused,0.963,1642,516,1917,876
21450,32,Focused,0.883,354,551,714,980
21450,1,Focused,0.979,842,539,1202,946
21450,19,Focused,0.965,663,412,815,597
21450,26,Focused,0.849,525,445,734,610
21450,31,Focused,0.958,820,400,962,584
21450,16,Focused,0.983,813,451,1014,700
21450,34,Focused,0.966,1883,679,1919,788
21450,37,Focused,0.98,70,808,302,1071
21480,2,Focused,0.956,1426,445,1621,654
21480,13,Focused,0.968,1179,443,1398,672
21480,5,Focused,0.738,1644,510,1916,875
21480,1,Using Phone,0.507,845,537,1203,945
21480,32,Focused,0.66,352,554,713,980
21480,31,Focused,0.976,814,384,942,582
21480,19,Focused,0.937,665,411,814,597
21480,16,Focused,0.676,811,451,1020,700
21480,34,Looking Away,0.437,1883,678,1919,792
21480,37,Focused,0.689,66,809,310,1070
21480,26,Using Phone,0.737,505,439,732,609
21510,2,Focused,0.976,1425,445,1621,653
21510,5,Looking Away,0.572,1644,511,1918,877
21510,13,Focused,0.959,1181,442,1399,673
21510,1,Using Phone,0.666,844,539,1205,946
21510,32,Focused,0.807,349,541,675,981
21510,19,Focused,0.969,661,411,814,598
21510,26,Using Phone,0.518,553,447,730,611
21510,31,Focused,0.98,821,409,984,583
21510,16,Looking Away,0.75,818,445,1020,706
21510,34,Looking Away,0.613,1879,665,1919,786
21510,37,Looking Away,0.561,65,810,311,1058
21540,2,Using Phone,0.546,1424,443,1620,652
21540,13,Focused,0.493,1181,442,1398,671
21540,5,Looking Away,0.946,1646,512,1917,884
21540,1,Focused,0.847,844,543,1203,946
21540,32,Focused,0.531,350,542,676,981
21540,19,Focused,0.983,655,395,811,599
21540,31,Focused,0.98,820,409,981,584
21540,26,Using Phone,0.566,547,447,730,612
21540,16,Focused,0.967,814,442,1014,703
21540,34,Looking Away,0.538,1875,662,1919,787
21540,37,Focused,0.961,70,808,304,1059
21570,1,Focused,0.816,843,542,1204,946
21570,2,Focused,0.973,1426,443,1620,652
21570,13,Focused,0.588,1181,441,1400,673
21570,5,Looking Away,0.432,1645,512,1915,881
21570,32,Focused,0.647,351,543,679,983
21570,31,Focused,0.879,820,409,979,583
21570,19,Focused,0.535,636,377,752,580
21570,16,Focused,0.906,811,445,1020,703
21570,26,Focused,0.945,544,446,728,612
21570,34,Focused,0.703,1878,668,1919,791
21570,37,Focused,0.849,58,809,314,1063
21600,5,Focused,0.669,1643,511,1916,879
21600,13,Using Phone,0.737,1181,442,1399,672
21600,32,Focused,0.61,352,544,682,983
21600,1,Using Phone,0.596,844,542,1204,946
21600,2,Using Phone,0.494,1426,445,1616,650
21600,31,Focused,0.98,819,409,980,583
21600,26,Using Phone,0.591,537,444,726,619
21600,16,Focused,0.909,811,449,1015,700
21600,19,Focused,0.702,599,389,789,580
21600,34,Focused,0.945,1878,667,1919,793
21600,37,Focused,0.973,65,807,312,1063
21600,9,Focused,0.977,23,452,362,716
21630,5,Focused,0.978,1643,515,1916,872
21630,2,Focused,0.947,1423,444,1613,650
21630,13,Focused,0.947,1180,442,1398,671
21630,1,Looking Away,0.582,851,540,1203,944
21630,32,Focused,0.623,345,544,668,970
21630,31,Focused,0.912,821,409,979,584
21630,26,Using Phone,0.55,542,448,729,632
21630,16,Focused,0.793,811,449,1014,700
21630,19,Focused,0.645,595,389,808,581
21630,34,Focused,0.98,1880,672,1919,791
21630,37,Focused,0.96,63,808,315,1064
21630,9,Focused,0.977,27,460,370,715
21660,5,Focused,0.97,1602,516,1917,872
21660,2,Focused,0.956,1426,443,1620,651
21660,13,Focused,0.71,1181,440,1397,670
21660,1,Using Phone,0.579,847,540,1202,945
21660,32,Focused,0.982,337,553,694,981
21660,26,Focused,0.983,481,443,723,673
21660,19,Focused,0.98,657,405,815,595
21660,31,Focused,0.964,820,408,979,584
21660,16,Focused,0.981,812,449,1014,700
21660,34,Focused,0.978,1880,673,1919,785
21660,37,Focused,0.982,63,809,314,1064
21660,9,Focused,0.978,23,451,368,715
21690,5,Focused,0.979,1643,520,1916,876
21690,13,Focused,0.984,1181,439,1401,670
21690,2,Focused,0.98,1426,443,1620,651
21690,32,Focused,0.981,340,549,696,980
21690,1,Focused,0.974,842,543,1221,946
21690,26,Focused,0.986,481,430,719,675
21690,19,Focused,0.98,649,408,806,591
21690,31,Focused,0.976,820,409,979,584
21690,16,Focused,0.98,812,449,1012,700
21690,34,Focused,0.974,1877,662,1919,789
21690,37,Focused,0.98,67,809,312,1065
21690,9,Focused,0.977,25,449,369,715
21720,5,Focused,0.977,1641,519,1914,869
21720,13,Focused,0.981,1179,441,1399,670
21720,2,Focused,0.966,1427,443,1621,650
21720,1,Focused,0.667,838,544,1223,944
21720,32,Focused,0.973,341,550,695,980
21720,19,Focused,0.673,663,409,814,588
21720,31,Focused,0.753,820,409,979,584
21720,16,Focused,0.96,811,462,1023,700
21720,26,Focused,0.968,485,437,721,669
21720,34,Focused,0.646,1874,676,1919,792
21720,37,Focused,0.98,66,809,307,1068
21720,9,Focused,0.976,24,449,367,716
21750,5,Using Phone,0.434,1625,511,1916,865
21750,2,Focused,0.972,1426,443,1622,650
21750,13,Focused,0.925,1181,441,1399,672
21750,1,Looking Away,0.345,853,542,1216,945
21750,32,Focused,0.63,343,546,694,980
21750,26,Focused,0.887,478,447,718,677
21750,19,Focused,0.493,630,410,814,597
21750,31,Focused,0.926,820,409,979,584
21750,16,Focused,0.781,811,449,1014,700
21750,34,Focused,0.88,1873,658,1919,790
21750,37,Focused,0.954,64,809,313,1068
21750,9,Focused,0.975,24,449,368,715
21780,5,Focused,0.537,1624,511,1917,866
21780,2,Focused,0.845,1426,443,1621,650
21780,13,Focused,0.717,1181,440,1399,672
21780,1,Focused,0.353,853,542,1216,946
21780,32,Focused,0.51,341,547,692,980
21780,19,Focused,0.636,659,410,814,594
21780,31,Focused,0.959,820,409,979,584
21780,16,Focused,0.458,811,449,1016,700
21780,26,Focused,0.763,522,434,724,610
21780,34,Looking Away,0.642,1860,644,1919,787
21780,37,Focused,0.87,64,808,315,1067
21780,9,Focused,0.976,26,448,368,715
21810,2,Using Phone,0.55,1427,443,1622,651
21810,13,Focused,0.869,1181,440,1400,672
21810,1,Looking Away,0.989,844,538,1213,945
21810,5,Using Phone,0.549,1519,521,1905,871
21810,32,Looking Away,0.689,346,545,700,980
21810,19,Focused,0.575,659,411,815,595
21810,26,Using Phone,0.64,481,440,723,676
21810,31,Focused,0.843,818,392,946,584
21810,16,Focused,0.852,802,446,1025,708
21810,34,Focused,0.912,1868,651,1918,811
21810,37,Focused,0.594,70,808,307,1068
21810,9,Focused,0.964,26,450,366,715
21840,5,Focused,0.961,1559,516,1909,899
21840,13,Focused,0.949,1179,444,1398,670
21840,2,Focused,0.947,1427,443,1621,650
21840,32,Focused,0.983,349,563,698,969
21840,1,Focused,0.972,855,544,1221,944
21840,19,Focused,0.97,657,412,815,594
21840,31,Focused,0.827,820,403,970,583
21840,26,Focused,0.971,506,440,722,655
21840,16,Focused,0.95,818,443,1022,704
21840,34,Focused,0.971,1869,651,1918,810
21840,37,Focused,0.982,64,808,313,1069
21840,9,Focused,0.982,26,448,367,715
21870,13,Focused,0.986,1179,442,1398,670
21870,1,Focused,0.977,854,544,1226,944
21870,5,Focused,0.975,1558,513,1909,883
21870,32,Focused,0.985,351,549,698,981
21870,2,Focused,0.982,1424,444,1634,652
21870,19,Focused,0.983,652,413,815,598
21870,26,Focused,0.947,476,437,720,683
21870,31,Focused,0.883,820,401,966,584
21870,16,Focused,0.959,816,447,1020,705
21870,34,Focused,0.98,1862,650,1919,809
21870,37,Focused,0.979,64,809,313,1069
21870,9,Focused,0.982,24,445,369,715
21900,2,Focused,0.982,1417,443,1620,663
21900,5,Focused,0.966,1573,512,1904,885
21900,32,Focused,0.978,354,549,696,994
21900,13,Focused,0.985,1180,440,1399,670
21900,1,Focused,0.977,848,543,1227,946
21900,19,Focused,0.986,659,413,815,595
21900,26,Focused,0.983,476,437,721,680
21900,31,Focused,0.978,820,401,967,584
21900,16,Focused,0.981,813,449,1016,700
21900,34,Focused,0.977,1882,696,1919,808
21900,37,Focused,0.981,71,809,308,1069
21900,9,Focused,0.981,25,443,369,714
21930,2,Focused,0.983,1416,443,1623,662
21930,5,Focused,0.978,1582,516,1904,882
21930,1,Focused,0.974,838,536,1219,945
21930,32,Focused,0.964,352,557,699,1007
21930,13,Focused,0.986,1180,440,1398,671
21930,19,Focused,0.983,674,413,815,595
21930,26,Focused,0.985,489,437,737,671
21930,16,Focused,0.982,817,447,1025,701
21930,31,Focused,0.982,820,401,965,584
21930,34,Focused,0.967,1881,693,1919,807
21930,37,Focused,0.98,64,810,313,1069
21930,9,Focused,0.974,27,455,369,715
21960,2,Focused,0.981,1415,443,1613,662
21960,5,Focused,0.925,1635,515,1907,871
21960,13,Focused,0.984,1179,442,1398,669
21960,32,Focused,0.386,352,557,695,1012
21960,1,Using Phone,0.568,840,542,1218,944
21960,19,Focused,0.687,668,413,815,596
21960,26,Focused,0.967,518,444,734,611
21960,16,Focused,0.981,815,447,1022,707
21960,31,Focused,0.918,820,401,966,584
21960,34,Focused,0.383,1883,696,1919,805
21960,37,Focused,0.979,64,810,312,1069
21960,9,Focused,0.974,22,457,371,715
21990,5,Focused,0.633,1627,514,1905,871
21990,13,Focused,0.884,1179,443,1398,670
21990,32,Focused,0.589,352,553,696,1015
21990,1,Looking Away,0.656,841,541,1219,944
21990,2,Focused,0.824,1414,445,1601,660
21990,19,Using Phone,0.588,663,413,815,596
21990,26,Using Phone,0.763,515,444,733,610
21990,31,Focused,0.685,820,401,967,584
21990,16,Focused,0.977,813,448,1020,700
21990,34,Focused,0.532,1883,698,1919,805
21990,37,Focused,0.86,65,810,312,1069
21990,9,Focused,0.793,23,454,371,715
22020,5,Using Phone,0.556,1628,514,1906,872
22020,13,Focused,0.972,1179,442,1397,669
22020,32,Focused,0.747,352,552,695,1012
22020,2,Focused,0.976,1415,441,1604,664
22020,1,Looking Away,0.466,842,537,1224,943
22020,19,Using Phone,0.524,649,414,815,597
22020,31,Using Phone,0.443,820,402,976,583
22020,26,Focused,0.637,499,436,725,610
22020,16,Focused,0.948,814,453,1024,701
22020,34,Focused,0.416,1883,697,1919,803
22020,37,Looking Away,0.564,70,809,307,1070
22020,9,Looking Away,0.731,23,449,369,715
22050,5,Looking Away,0.853,1577,521,1908,878
22050,2,Focused,0.959,1414,445,1602,664
22050,13,Focused,0.743,1179,442,1398,669
22050,32,Focused,0.898,356,550,702,1014
22050,1,Focused,0.64,842,543,1225,943
22050,26,Focused,0.64,484,440,724,681
22050,19,Focused,0.889,651,414,815,596
22050,16,Focused,0.46,802,452,1031,710
22050,31,Using Phone,0.55,819,402,961,585
22050,34,Looking Away,0.514,1884,699,1919,805
22050,9,Focused,0.569,25,452,368,714
22050,37,Chatting,0.718,72,808,307,1070
22080,5,Focused,0.813,1579,515,1905,878
22080,2,Focused,0.451,1415,445,1602,664
22080,13,Using Phone,0.451,1179,444,1398,669
22080,32,Focused,0.65,347,553,700,1009
22080,1,Using Phone,0.535,842,542,1222,943
22080,26,Focused,0.469,484,443,723,675
22080,19,Focused,0.548,652,414,815,597
22080,31,Using Phone,0.504,819,403,962,584
22080,16,Focused,0.454,811,458,1015,701
22080,34,Using Phone,0.529,1880,691,1919,806
22080,37,Chatting,0.798,65,810,313,1070
22080,9,Looking Away,0.496,26,444,369,714
22110,5,Focused,0.912,1579,522,1904,877
22110,13,Using Phone,0.489,1179,443,1398,671
22110,2,Focused,0.934,1414,445,1611,663
22110,1,Looking Away,0.649,844,541,1221,943
22110,32,Focused,0.611,351,541,685,977
22110,19,Focused,0.86,665,414,815,595
22110,26,Focused,0.707,546,448,728,609
22110,31,Focused,0.896,819,403,959,584
22110,16,Using Phone,0.431,818,436,1019,707
22110,34,Using Phone,0.645,1879,688,1919,806
22110,37,Chatting,0.631,64,809,314,1070
22110,9,Looking Away,0.547,27,453,369,715
22140,5,Chatting,0.494,1592,518,1904,889
22140,2,Focused,0.98,1415,445,1609,663
22140,13,Focused,0.553,1180,440,1400,673
22140,1,Focused,0.908,841,544,1220,945
22140,19,Focused,0.945,661,414,815,597
22140,26,Chatting,0.512,510,446,729,697
22140,32,Focused,0.931,306,571,625,976
22140,31,Focused,0.644,820,401,962,584
22140,16,Using Phone,0.796,814,449,1024,706
22140,34,Focused,0.864,1878,690,1919,807
22140,37,Using Phone,0.513,65,808,306,1070
22140,9,Looking Away,0.947,27,457,368,714
22170,5,Focused,0.966,1591,517,1907,896
22170,2,Focused,0.972,1412,446,1620,662
22170,13,Focused,0.944,1182,440,1402,674
22170,32,Focused,0.492,321,564,649,974
22170,1,Using Phone,0.64,840,544,1220,945
22170,19,Focused,0.661,663,413,814,593
22170,31,Focused,0.912,824,400,963,584
22170,26,Using Phone,0.704,507,435,724,627
22170,16,Focused,0.903,806,468,1029,689
22170,34,Focused,0.309,1879,689,1919,807
22170,37,Focused,0.98,70,808,305,1070
22170,9,Focused,0.976,29,443,368,715
22200,5,Focused,0.962,1590,517,1908,906
22200,2,Focused,0.971,1412,445,1619,663
22200,13,Focused,0.972,1181,440,1401,672
22200,1,Looking Away,0.531,841,545,1220,945
22200,32,Using Phone,0.549,325,580,649,974
22200,19,Focused,0.542,659,413,814,596
22200,31,Focused,0.932,823,400,957,584
22200,16,Focused,0.97,812,450,1020,720
22200,26,Using Phone,0.729,490,434,723,637
22200,34,Focused,0.652,1890,713,1919,809
22200,37,Focused,0.979,64,808,314,1071
22200,9,Focused,0.979,25,446,370,715
22230,5,Focused,0.973,1591,518,1909,901
22230,13,Focused,0.98,1180,442,1398,670
22230,2,Focused,0.975,1413,445,1620,662
22230,32,Focused,0.666,329,580,647,974
22230,1,Focused,0.559,841,545,1221,945
22230,19,Using Phone,0.555,658,413,814,599
22230,31,Focused,0.928,822,400,956,585
22230,26,Focused,0.945,492,435,722,630
22230,16,Focused,0.897,816,444,1011,701
22230,34,Focused,0.906,1890,711,1919,810
22230,37,Focused,0.96,65,809,314,1071
22230,9,Focused,0.978,22,446,370,714
22260,5,Focused,0.966,1592,518,1907,893
22260,13,Focused,0.975,1180,442,1398,670
22260,2,Focused,0.976,1414,445,1619,662
22260,1,Focused,0.592,841,544,1221,945
22260,32,Chatting,0.442,338,587,648,973
22260,19,Focused,0.543,656,414,814,597
22260,31,Focused,0.923,823,398,955,584
22260,26,Focused,0.866,490,438,722,645
22260,16,Focused,0.47,810,465,1025,700
22260,34,Focused,0.904,1890,711,1919,809
22260,37,Focused,0.628,64,808,313,1070
22260,9,Focused,0.983,27,441,368,713
22290,5,Focused,0.97,1591,515,1905,890
22290,13,Focused,0.974,1179,441,1399,672
22290,2,Focused,0.98,1412,445,1621,662
22290,1,Focused,0.944,846,542,1224,945
22290,32,Focused,0.739,327,591,651,974
22290,19,Focused,0.948,646,413,814,598
22290,31,Focused,0.976,823,400,956,584
22290,16,Looking Away,0.662,810,462,1023,699
22290,26,Focused,0.986,483,434,717,674
22290,34,Focused,0.832,1888,711,1919,810
22290,37,Focused,0.595,69,807,308,1071
22290,9,Focused,0.982,25,444,369,714
22320,5,Focused,0.946,1590,513,1905,888
22320,2,Focused,0.98,1412,446,1621,661
22320,13,Focused,0.976,1180,442,1399,672
22320,1,Focused,0.671,851,541,1222,942
22320,32,Focused,0.892,329,588,650,973
22320,19,Focused,0.83,646,410,814,599
22320,31,Focused,0.951,823,400,957,584
22320,26,Focused,0.984,480,433,709,672
22320,16,Looking Away,0.928,811,457,1023,700
22320,34,Focused,0.971,1888,710,1919,810
22320,37,Focused,0.978,70,808,307,1071
22320,9,Focused,0.979,27,446,369,714
22350,5,Focused,0.977,1581,520,1905,876
22350,13,Focused,0.983,1180,442,1399,672
22350,2,Focused,0.975,1413,452,1617,663
22350,1,Focused,0.966,841,543,1222,945
22350,32,Focused,0.984,323,563,661,973
22350,19,Focused,0.982,660,413,814,597
22350,31,Focused,0.986,823,399,960,584
22350,16,Looking Away,0.801,811,457,1024,700
22350,26,Focused,0.984,480,439,714,687
22350,34,Focused,0.96,1887,710,1919,809
22350,37,Focused,0.949,63,808,314,1071
22350,9,Focused,0.979,25,442,367,713
22380,5,Focused,0.966,1581,518,1905,879
22380,13,Focused,0.912,1181,441,1399,673
22380,1,Focused,0.55,844,542,1221,945
22380,2,Focused,0.971,1412,445,1620,662
22380,32,Focused,0.906,310,561,665,974
22380,19,Focused,0.799,656,414,813,597
22380,26,Looking Away,0.574,472,437,711,689
22380,31,Focused,0.976,822,401,973,585
22380,16,Focused,0.958,813,433,1019,701
22380,34,Focused,0.694,1888,711,1919,810
22380,9,Focused,0.981,25,445,368,714
22380,37,Focused,0.878,70,808,307,1070
22410,5,Focused,0.969,1584,516,1905,880
22410,2,Focused,0.977,1412,445,1620,662
22410,13,Focused,0.976,1180,441,1400,674
22410,1,Focused,0.629,841,544,1221,945
22410,19,Focused,0.894,656,414,813,597
22410,32,Focused,0.741,311,575,667,971
22410,26,Focused,0.708,470,437,711,694
22410,31,Focused,0.976,822,399,962,585
22410,16,Focused,0.982,818,445,1019,699
22410,34,Focused,0.555,1887,710,1919,810
22410,9,Focused,0.981,26,445,370,714
22410,37,Focused,0.951,70,808,305,1070
22440,5,Focused,0.97,1581,517,1905,878
22440,2,Focused,0.98,1412,446,1622,662
22440,13,Focused,0.977,1181,441,1401,674
22440,1,Focused,0.884,842,543,1219,945
22440,32,Focused,0.57,341,586,676,1008
22440,26,Focused,0.63,468,426,702,695
22440,19,Focused,0.787,625,415,814,599
22440,31,Focused,0.829,822,400,962,585
22440,16,Focused,0.976,815,446,1011,699
22440,34,Using Phone,0.611,1887,709,1919,810
22440,9,Focused,0.981,25,445,368,714
22440,37,Chatting,0.582,61,809,316,1071
22470,13,Focused,0.949,1179,443,1399,670
22470,5,Focused,0.628,1583,518,1905,882
22470,2,Focused,0.976,1412,445,1626,662
22470,1,Focused,0.953,851,543,1221,946
22470,32,Focused,0.829,333,567,660,974
22470,19,Focused,0.793,650,415,814,599
22470,26,Focused,0.554,469,439,724,691
22470,31,Focused,0.831,823,401,971,586
22470,16,Focused,0.923,815,447,1013,700
22470,34,Focused,0.806,1885,710,1919,810
22470,37,Focused,0.647,64,808,313,1070
22470,9,Focused,0.977,24,459,369,714
22500,5,Focused,0.961,1579,522,1905,880
22500,13,Focused,0.935,1180,442,1399,670
22500,32,Focused,0.79,332,566,661,973
22500,1,Focused,0.975,850,542,1227,945
22500,2,Focused,0.976,1413,445,1625,661
22500,19,Focused,0.701,654,415,814,598
22500,31,Focused,0.65,822,400,954,585
22500,26,Focused,0.781,498,439,726,611
22500,16,Focused,0.964,815,447,1015,699
22500,34,Focused,0.904,1886,709,1919,809
22500,37,Focused,0.944,68,808,312,1070
22500,9,Focused,0.973,26,459,369,714
22530,5,Focused,0.958,1579,518,1905,882
22530,2,Focused,0.977,1413,445,1622,661
22530,13,Focused,0.909,1179,442,1398,670
22530,1,Focused,0.777,832,540,1220,943
22530,32,Focused,0.957,332,563,660,973
22530,19,Focused,0.497,656,415,814,597
22530,26,Focused,0.62,506,442,725,635
22530,31,Focused,0.89,822,399,958,586
22530,16,Focused,0.976,814,448,1012,699
22530,34,Chatting,0.358,1886,709,1919,810
22530,37,Focused,0.976,69,808,308,1072
22530,9,Focused,0.964,22,450,369,714
22560,5,Focused,0.93,1620,516,1908,871
22560,13,Focused,0.95,1179,443,1398,669
22560,1,Focused,0.784,835,542,1211,945
22560,2,Focused,0.98,1412,446,1625,662
22560,32,Focused,0.982,332,562,660,973
22560,19,Focused,0.469,656,414,814,599
22560,16,Focused,0.979,801,450,1016,708
22560,31,Focused,0.97,822,399,958,584
22560,26,Focused,0.596,477,446,726,693
22560,34,Chatting,0.317,1885,709,1919,808
22560,37,Focused,0.974,63,809,311,1074
22560,9,Focused,0.965,24,447,369,713
22590,5,Focused,0.823,1589,517,1906,876
22590,2,Focused,0.976,1412,446,1623,662
22590,13,Focused,0.981,1180,443,1398,671
22590,1,Focused,0.547,836,541,1212,943
22590,32,Focused,0.982,332,567,661,973
22590,19,Focused,0.546,660,415,814,597
22590,26,Focused,0.902,475,448,725,689
22590,16,Focused,0.933,805,459,1026,714
22590,31,Focused,0.984,823,400,958,585
22590,34,Using Phone,0.372,1885,709,1919,809
22590,37,Focused,0.937,63,808,312,1074
22590,9,Focused,0.974,24,449,368,714
22620,5,Focused,0.537,1589,516,1904,877
22620,13,Focused,0.976,1180,443,1398,670
22620,2,Focused,0.578,1412,445,1621,661
22620,32,Focused,0.981,331,567,657,972
22620,1,Using Phone,0.621,841,541,1211,952
22620,19,Focused,0.741,662,415,810,594
22620,16,Focused,0.699,805,458,1027,710
22620,31,Focused,0.978,803,396,941,584
22620,26,Focused,0.819,502,446,725,611
22620,34,Focused,0.771,1886,709,1919,809
22620,37,Focused,0.469,63,809,312,1074
22620,9,Focused,0.762,22,448,369,713
22650,5,Focused,0.473,1590,517,1905,881
22650,13,Focused,0.958,1179,443,1397,670
22650,32,Focused,0.908,330,567,660,972
22650,2,Focused,0.722,1412,445,1621,662
22650,1,Using Phone,0.649,838,542,1222,945
22650,19,Focused,0.759,661,413,815,595
22650,31,Focused,0.954,814,400,941,584
22650,16,Focused,0.956,812,454,1017,698
22650,26,Focused,0.906,502,447,726,613
22650,34,Focused,0.73,1885,710,1919,810
22650,37,Focused,0.979,68,808,307,1073
22650,9,Focused,0.967,21,447,369,715
22680,5,Focused,0.958,1590,518,1905,877
22680,13,Focused,0.98,1180,442,1399,672
22680,2,Focused,0.978,1412,446,1622,662
22680,32,Focused,0.773,331,563,660,972
22680,1,Looking Away,0.664,839,543,1220,941
22680,31,Focused,0.615,815,400,937,584
22680,19,Focused,0.785,663,413,815,598
22680,26,Using Phone,0.837,504,449,728,611
22680,16,Focused,0.645,813,450,1017,699
22680,34,Focused,0.931,1886,710,1919,808
22680,37,Focused,0.971,62,808,315,1074
22680,9,Focused,0.939,25,452,368,714
22710,5,Focused,0.961,1589,518,1907,877
22710,13,Focused,0.917,1180,442,1398,671
22710,2,Focused,0.975,1412,446,1622,663
22710,1,Focused,0.636,841,541,1233,942
22710,32,Using Phone,0.725,336,567,665,973
22710,31,Focused,0.891,816,400,942,584
22710,19,Focused,0.81,667,413,815,598
22710,26,Focused,0.73,475,443,726,691
22710,16,Focused,0.5,811,457,1017,699
22710,34,Focused,0.888,1887,710,1919,810
22710,37,Focused,0.608,63,808,312,1075
22710,9,Looking Away,0.653,25,448,368,714
22740,5,Focused,0.584,1579,518,1906,885
22740,2,Focused,0.938,1413,446,1606,664
22740,13,Focused,0.782,1181,442,1398,671
22740,1,Focused,0.606,836,543,1230,943
22740,32,Focused,0.481,329,568,659,973
22740,19,Focused,0.796,663,413,812,596
22740,31,Focused,0.9,793,402,931,584
22740,26,Focused,0.716,475,450,726,690
22740,16,Chatting,0.405,811,455,1017,699
22740,34,Focused,0.653,1886,709,1919,810
22740,37,Focused,0.524,64,809,312,1075
22740,9,Focused,0.718,26,456,368,714
22770,2,Using Phone,0.507,1412,446,1606,664
22770,5,Focused,0.514,1588,517,1905,885
22770,13,Focused,0.551,1180,441,1399,666
22770,1,Using Phone,0.669,828,534,1238,940
22770,32,Focused,0.608,332,564,660,972
22770,19,Focused,0.886,638,413,811,597
22770,26,Focused,0.799,473,431,709,689
22770,16,Focused,0.573,810,454,1017,699
22770,31,Focused,0.952,793,401,930,596
22770,34,Focused,0.965,1886,709,1919,810
22770,37,Focused,0.948,63,809,312,1075
22770,9,Looking Away,0.969,26,448,365,714
22800,5,Focused,0.957,1591,514,1906,898
22800,2,Focused,0.968,1412,445,1606,663
22800,13,Focused,0.974,1179,444,1398,671
22800,1,Using Phone,0.611,828,535,1219,943
22800,32,Using Phone,0.585,332,564,660,973
22800,19,Focused,0.874,654,414,815,597
22800,26,Looking Away,0.469,474,438,721,690
22800,16,Focused,0.62,797,452,1016,707
22800,31,Focused,0.789,823,403,967,586
22800,34,Focused,0.943,1885,708,1919,810
22800,37,Focused,0.98,71,808,306,1074
22800,9,Focused,0.965,25,448,364,714
22830,5,Focused,0.948,1587,514,1907,907
22830,13,Focused,0.981,1179,444,1398,670
22830,1,Looking Away,0.511,828,536,1217,943
22830,2,Focused,0.965,1413,445,1606,664
22830,32,Using Phone,0.546,332,567,660,972
22830,19,Using Phone,0.564,665,415,814,597
22830,26,Using Phone,0.705,502,448,728,613
22830,31,Focused,0.671,823,403,966,586
22830,16,Using Phone,0.773,812,446,1019,698
22830,34,Focused,0.528,1885,709,1919,810
22830,37,Focused,0.978,64,809,312,1075
22830,9,Focused,0.974,26,450,368,715
22860,5,Focused,0.847,1589,517,1906,909
22860,13,Focused,0.932,1179,442,1399,671
22860,2,Focused,0.973,1412,445,1606,663
22860,1,Focused,0.617,829,530,1216,943
22860,32,Focused,0.946,333,566,659,972
22860,19,Using Phone,0.534,664,415,815,597
22860,26,Focused,0.844,502,449,727,611
22860,16,Focused,0.944,805,448,1021,710
22860,31,Focused,0.821,823,403,966,585
22860,34,Focused,0.571,1884,708,1919,810
22860,37,Focused,0.867,64,808,307,1071
22860,9,Focused,0.964,25,448,370,715
22890,5,Focused,0.502,1590,516,1906,896
22890,1,Focused,0.61,828,531,1216,943
22890,13,Focused,0.833,1179,444,1397,672
22890,2,Focused,0.979,1413,446,1605,664
22890,32,Focused,0.917,332,562,660,973
22890,19,Using Phone,0.415,635,414,815,597
22890,26,Focused,0.79,472,434,711,689
22890,31,Focused,0.604,822,404,967,586
22890,16,Focused,0.644,812,452,1014,700
22890,34,Using Phone,0.554,1885,708,1919,811
22890,9,Focused,0.47,25,450,368,714
22890,37,Focused,0.537,70,808,308,1057
22920,5,Focused,0.919,1585,517,1906,913
22920,2,Focused,0.982,1412,446,1605,663
22920,1,Looking Away,0.565,829,535,1216,942
22920,13,Focused,0.509,1178,440,1397,671
22920,32,Focused,0.543,333,563,660,973
22920,19,Focused,0.76,646,414,813,596
22920,26,Focused,0.888,473,436,716,690
22920,31,Focused,0.58,822,403,967,586
22920,16,Using Phone,0.666,812,453,1014,700
22920,34,Focused,0.862,1885,708,1919,810
22920,9,Looking Away,0.534,25,456,369,714
22920,37,Chatting,0.422,63,808,313,1057
22950,5,Focused,0.761,1586,519,1905,884
22950,2,Focused,0.978,1413,446,1606,663
22950,1,Looking Away,0.968,835,537,1216,942
22950,13,Looking Away,0.685,1181,441,1399,674
22950,32,Focused,0.976,331,564,660,973
22950,26,Focused,0.946,475,441,723,690
22950,19,Focused,0.962,643,395,794,595
22950,31,Focused,0.981,821,404,966,585
22950,16,Focused,0.894,812,453,1014,700
22950,34,Looking Away,0.332,1884,707,1919,808
22950,9,Focused,0.98,24,445,367,714
22950,37,Focused,0.974,68,808,309,1058
22980,5,Focused,0.858,1587,517,1907,911
22980,2,Focused,0.98,1413,446,1605,664
22980,1,Looking Away,0.982,835,533,1216,942
22980,13,Focused,0.969,1180,444,1396,670
22980,32,Focused,0.716,337,583,664,1013
22980,19,Focused,0.492,656,405,794,588
22980,26,Focused,0.728,474,439,723,694
22980,31,Focused,0.465,821,404,966,584
22980,16,Using Phone,0.481,810,452,1021,704
22980,34,Looking Away,0.68,1885,709,1919,807
22980,9,Focused,0.981,24,450,368,714
22980,37,Focused,0.633,63,809,314,1060
23010,5,Using Phone,0.6,1584,516,1908,893
23010,1,Looking Away,0.926,836,538,1215,942
23010,2,Focused,0.975,1412,445,1610,661
23010,13,Focused,0.957,1180,444,1395,670
23010,32,Focused,0.954,340,578,663,1004
23010,19,Focused,0.839,668,406,794,587
23010,26,Focused,0.753,447,442,731,697
23010,31,Focused,0.965,821,404,966,584
23010,16,Focused,0.941,811,452,1024,700
23010,34,Focused,0.341,1885,709,1919,806
23010,9,Focused,0.978,24,447,367,714
23010,37,Focused,0.966,63,809,313,1058
23040,5,Focused,0.797,1584,517,1907,894
23040,1,Focused,0.635,832,537,1216,943
23040,2,Focused,0.97,1412,445,1613,662
23040,13,Focused,0.958,1179,443,1395,670
23040,32,Focused,0.925,344,572,666,1002
23040,19,Focused,0.865,656,407,794,587
23040,26,Focused,0.854,472,444,721,694
23040,31,Focused,0.968,822,403,971,584
23040,16,Focused,0.984,811,448,1016,700
23040,34,Focused,0.776,1885,709,1919,807
23040,9,Focused,0.98,24,448,368,714
23040,37,Focused,0.95,67,808,311,1060
23070,5,Focused,0.97,1587,516,1905,899
23070,1,Focused,0.739,836,534,1216,943
23070,32,Focused,0.87,336,576,654,971
23070,13,Focused,0.953,1179,444,1394,669
23070,2,Focused,0.975,1413,445,1611,664
23070,19,Focused,0.964,654,407,794,588
23070,31,Focused,0.943,822,404,970,584
23070,26,Focused,0.851,494,444,722,610
23070,16,Focused,0.985,814,446,1020,701
23070,34,Focused,0.936,1885,709,1919,806
23070,37,Focused,0.608,64,809,314,1060
23070,9,Focused,0.98,24,446,369,714
23100,5,Focused,0.978,1580,515,1904,880
23100,2,Focused,0.978,1413,445,1608,663
23100,1,Focused,0.936,831,537,1215,944
23100,13,Focused,0.981,1179,444,1394,670
23100,32,Focused,0.93,343,617,651,972
23100,19,Focused,0.982,655,407,794,589
23100,16,Focused,0.986,811,450,1014,700
23100,31,Focused,0.961,821,404,969,584
23100,26,Focused,0.983,472,447,720,681
23100,34,Focused,0.968,1885,709,1919,807
23100,37,Focused,0.941,65,809,313,1060
23100,9,Focused,0.981,23,449,368,714
23130,5,Focused,0.978,1581,519,1905,881
23130,1,Focused,0.975,831,534,1215,944
23130,2,Focused,0.979,1413,445,1617,662
23130,13,Focused,0.983,1179,443,1395,670
23130,32,Focused,0.966,343,620,652,972
23130,19,Focused,0.983,659,408,794,588
23130,16,Focused,0.984,810,448,1016,702
23130,31,Focused,0.979,821,403,969,584
23130,26,Focused,0.982,470,442,721,685
23130,34,Focused,0.965,1884,709,1919,807
23130,9,Focused,0.982,26,443,369,714
23130,37,Focused,0.977,70,808,307,1062
23160,5,Focused,0.979,1581,519,1907,881
23160,1,Focused,0.976,831,533,1216,945
23160,2,Focused,0.98,1419,444,1621,651
23160,13,Focused,0.984,1179,443,1395,670
23160,32,Focused,0.972,356,612,653,971
23160,19,Focused,0.973,661,407,794,587
23160,16,Focused,0.985,813,449,1015,703
23160,31,Focused,0.983,823,403,965,585
23160,26,Focused,0.985,471,442,723,691
23160,34,Focused,0.973,1886,709,1919,810
23160,37,Focused,0.978,65,809,314,1063
23160,9,Focused,0.982,23,452,365,714
23190,5,Focused,0.977,1582,519,1904,880
23190,1,Focused,0.867,834,536,1214,945
23190,13,Focused,0.98,1179,444,1399,671
23190,2,Focused,0.978,1422,445,1624,651
23190,32,Focused,0.833,354,571,660,971
23190,19,Focused,0.921,657,407,794,588
23190,16,Focused,0.974,811,453,1016,700
23190,31,Focused,0.913,822,403,966,585
23190,26,Focused,0.913,495,443,723,618
23190,34,Focused,0.96,1885,708,1919,809
23190,37,Focused,0.981,64,808,313,1063
23190,9,Focused,0.981,25,450,369,714
23220,5,Focused,0.975,1581,518,1905,881
23220,2,Focused,0.979,1413,445,1607,662
23220,1,Using Phone,0.65,831,539,1217,945
23220,13,Focused,0.97,1179,442,1397,670
23220,32,Focused,0.598,345,597,657,972
23220,19,Focused,0.947,656,408,794,590
23220,26,Focused,0.707,471,443,722,690
23220,31,Focused,0.885,821,403,968,584
23220,16,Focused,0.832,811,452,1016,700
23220,34,Focused,0.97,1885,709,1919,808
23220,37,Focused,0.979,64,808,313,1064
23220,9,Focused,0.98,26,457,370,714
23250,5,Focused,0.883,1579,517,1904,881
23250,2,Focused,0.979,1414,445,1607,663
23250,13,Focused,0.859,1179,442,1396,671
23250,1,Focused,0.922,833,539,1217,945
23250,32,Focused,0.754,345,572,662,972
23250,19,Focused,0.978,658,408,794,589
23250,31,Focused,0.881,822,403,968,584
23250,16,Focused,0.877,811,451,1017,700
23250,26,Focused,0.576,496,443,722,614
23250,34,Focused,0.96,1884,708,1919,809
23250,37,Focused,0.972,64,809,313,1063
23250,9,Focused,0.979,25,450,369,714
23280,5,Focused,0.975,1581,521,1905,881
23280,2,Focused,0.979,1413,445,1616,662
23280,13,Focused,0.86,1177,443,1398,670
23280,1,Focused,0.949,831,536,1218,945
23280,32,Focused,0.696,344,570,661,972
23280,19,Focused,0.982,646,408,794,591
23280,26,Focused,0.839,471,436,719,692
23280,31,Focused,0.975,821,403,961,585
23280,16,Focused,0.918,811,450,1014,700
23280,34,Focused,0.925,1890,713,1919,811
23280,9,Focused,0.974,24,448,366,714
23280,37,Focused,0.971,70,808,302,1065
23310,5,Focused,0.977,1580,524,1905,879
23310,13,Focused,0.965,1177,443,1398,670
23310,1,Focused,0.926,838,534,1214,940
23310,2,Focused,0.975,1413,445,1615,662
23310,32,Focused,0.978,343,581,661,971
23310,16,Focused,0.977,809,448,1016,699
23310,19,Focused,0.858,660,403,794,588
23310,26,Focused,0.984,471,452,724,692
23310,31,Focused,0.885,821,404,961,585
23310,34,Focused,0.962,1886,708,1919,811
23310,37,Focused,0.977,62,809,313,1066
23310,9,Focused,0.962,26,450,368,714
23340,5,Focused,0.978,1579,520,1905,879
23340,13,Focused,0.92,1177,443,1397,670
23340,1,Focused,0.972,839,532,1214,941
23340,2,Focused,0.976,1414,445,1616,662
23340,32,Focused,0.606,343,568,663,972
23340,26,Focused,0.412,471,444,725,691
23340,19,Focused,0.728,654,405,794,589
23340,31,Focused,0.898,819,395,948,584
23340,16,Focused,0.983,809,447,1019,699
23340,34,Focused,0.416,1886,707,1919,809
23340,37,Focused,0.972,64,809,313,1068
23340,9,Focused,0.978,25,448,368,715
23370,1,Focused,0.975,835,533,1215,942
23370,5,Focused,0.964,1577,520,1906,882
23370,13,Focused,0.976,1177,444,1397,670
23370,32,Focused,0.626,344,572,662,971
23370,2,Focused,0.975,1414,449,1619,651
23370,16,Focused,0.985,768,388,976,674
23370,26,Focused,0.874,504,424,710,610
23370,19,Focused,0.857,652,405,785,598
23370,34,Focused,0.805,1885,707,1919,809
23370,37,Focused,0.979,64,809,313,1067
23370,9,Focused,0.976,24,449,368,714
23400,5,Focused,0.946,1576,516,1907,879
23400,13,Focused,0.979,1177,443,1397,670
23400,1,Using Phone,0.548,837,534,1225,942
23400,32,Focused,0.951,342,572,662,972
23400,2,Focused,0.976,1415,448,1606,652
23400,26,Using Phone,0.63,509,428,716,609
23400,34,Focused,0.948,1885,707,1919,809
23400,38,Unknown,0.0,926,406,986,494
23400,19,Focused,0.532,644,350,791,595
23400,16,Focused,0.984,642,393,1118,676
23400,37,Focused,0.973,64,808,313,1067
23400,9,Focused,0.967,25,446,369,714
23430,5,Focused,0.968,1576,525,1908,881
23430,13,Focused,0.974,1177,443,1397,670
23430,2,Focused,0.975,1415,450,1602,665
23430,1,Focused,0.975,836,536,1226,942
23430,32,Focused,0.961,337,574,677,971
23430,26,Focused,0.752,508,429,713,651
23430,19,Focused,0.937,656,404,794,590
23430,16,Focused,0.981,819,418,996,699
23430,34,Focused,0.967,1887,706,1919,808
23430,37,Focused,0.976,66,809,312,1068
23430,31,Focused,0.975,821,406,974,585
23430,9,Focused,0.957,26,443,370,714
23460,1,Focused,0.949,836,534,1227,942
23460,2,Focused,0.98,1413,450,1603,663
23460,5,Focused,0.971,1574,518,1911,883
23460,13,Focused,0.982,1177,445,1397,670
23460,32,Focused,0.973,348,635,674,971
23460,26,Focused,0.96,506,429,713,664
23460,19,Focused,0.976,660,405,795,588
23460,31,Focused,0.88,822,406,973,585
23460,16,Focused,0.981,818,431,1005,700
23460,34,Focused,0.951,1889,707,1919,801
23460,9,Focused,0.968,25,448,365,714
23460,37,Focused,0.977,70,808,306,1068
23490,5,Focused,0.974,1578,521,1909,885
23490,1,Focused,0.953,838,530,1224,940
23490,13,Focused,0.982,1177,444,1397,671
23490,2,Focused,0.983,1413,452,1599,648
23490,32,Focused,0.964,349,579,681,971
23490,26,Focused,0.986,510,428,714,632
23490,19,Focused,0.982,657,404,796,593
23490,16,Focused,0.98,818,433,1006,700
23490,31,Focused,0.812,822,407,973,585
23490,34,Focused,0.963,1882,682,1919,806
23490,37,Focused,0.98,67,808,309,1070
23490,9,Focused,0.953,24,444,365,714
23520,5,Focused,0.966,1587,523,1907,893
23520,1,Focused,0.914,850,533,1222,941
23520,13,Focused,0.973,1177,444,1397,669
23520,32,Focused,0.875,351,576,680,972
23520,2,Focused,0.979,1412,452,1593,652
23520,26,Focused,0.981,514,438,716,633
23520,19,Focused,0.896,665,403,795,591
23520,16,Focused,0.961,818,435,1007,700
23520,31,Focused,0.898,824,407,974,586
23520,34,Focused,0.901,1880,683,1919,806
23520,37,Focused,0.975,64,808,313,1071
23520,9,Focused,0.971,24,444,368,714
23550,5,Focused,0.919,1588,520,1905,896
23550,1,Focused,0.895,843,533,1223,942
23550,13,Focused,0.973,1177,444,1398,671
23550,2,Focused,0.979,1412,454,1594,652
23550,32,Focused,0.704,350,605,678,972
23550,16,Focused,0.743,818,435,1013,699
23550,19,Focused,0.909,666,402,794,591
23550,31,Focused,0.634,824,407,974,586
23550,26,Focused,0.914,509,436,714,632
23550,34,Using Phone,0.334,1884,699,1919,808
23550,9,Focused,0.972,26,445,366,714
23550,37,Focused,0.92,64,809,313,1070
23580,5,Focused,0.944,1579,520,1906,881
23580,1,Focused,0.708,841,535,1224,944
23580,13,Focused,0.973,1177,444,1397,670
23580,2,Focused,0.975,1412,454,1592,652
23580,32,Focused,0.777,349,614,677,972
23580,26,Focused,0.687,509,431,715,665
23580,31,Focused,0.961,822,405,975,584
23580,19,Focused,0.808,665,402,795,594
23580,16,Focused,0.695,811,447,1014,699
23580,34,Using Phone,0.334,1886,704,1919,807
23580,9,Focused,0.977,24,452,367,714
23580,37,Focused,0.931,64,809,312,1070
23610,5,Focused,0.973,1577,520,1906,882
23610,1,Focused,0.674,844,533,1223,943
23610,13,Focused,0.971,1177,444,1398,670
23610,2,Focused,0.983,1417,452,1595,666
23610,32,Focused,0.799,339,574,673,972
23610,26,Focused,0.523,514,430,715,699
23610,31,Focused,0.714,822,406,975,585
23610,16,Focused,0.922,812,442,1026,699
23610,19,Using Phone,0.491,663,403,795,592
23610,34,Using Phone,0.334,1888,704,1919,808
23610,37,Focused,0.968,64,809,314,1071
23610,9,Focused,0.978,25,445,366,714
23640,5,Focused,0.958,1579,519,1908,881
23640,13,Focused,0.947,1177,444,1398,671
23640,1,Focused,0.663,844,532,1221,943
23640,32,Focused,0.427,335,571,670,971
23640,2,Focused,0.939,1417,452,1592,666
23640,26,Focused,0.857,518,427,757,699
23640,31,Using Phone,0.66,822,405,975,585
23640,19,Focused,0.535,666,402,795,587
23640,16,Focused,0.81,812,445,1019,699
23640,34,Using Phone,0.334,1888,699,1919,806
23640,37,Focused,0.965,65,809,314,1071
23640,9,Focused,0.975,25,444,366,714
23670,5,Focused,0.747,1580,515,1905,895
23670,32,Focused,0.933,336,548,748,972
23670,13,Focused,0.958,1177,443,1398,670
23670,1,Focused,0.769,844,536,1222,943
23670,2,Focused,0.982,1416,450,1612,663
23670,26,Focused,0.745,521,430,749,697
23670,31,Using Phone,0.601,823,405,975,585
23670,16,Focused,0.854,811,449,1013,699
23670,19,Focused,0.779,665,403,794,589
23670,34,Using Phone,0.334,1890,715,1919,812
23670,37,Focused,0.982,66,808,309,1071
23670,9,Focused,0.978,25,445,364,714
23700,5,Focused,0.751,1579,517,1904,883
23700,1,Focused,0.644,844,537,1220,943
23700,13,Focused,0.968,1177,443,1397,669
23700,2,Focused,0.981,1417,450,1619,665
23700,32,Focused,0.814,317,555,666,973
23700,26,Focused,0.637,524,430,739,696
23700,19,Focused,0.619,664,403,795,591
23700,31,Focused,0.469,822,405,975,585
23700,16,Focused,0.907,812,455,1018,699
23700,34,Using Phone,0.334,1887,710,1919,812
23700,37,Focused,0.982,63,809,314,1070
23700,9,Focused,0.979,27,447,365,713
23730,1,Using Phone,0.499,844,539,1220,943
23730,32,Focused,0.946,345,581,686,1013
23730,13,Focused,0.982,1177,442,1396,669
23730,5,Focused,0.947,1581,517,1902,885
23730,2,Focused,0.982,1415,451,1599,667
23730,19,Using Phone,0.638,665,403,795,592
23730,31,Looking Away,0.488,821,405,975,583
23730,16,Focused,0.958,799,454,1025,687
23730,26,Using Phone,0.826,505,430,740,667
23730,34,Using Phone,0.334,1894,711,1919,814
23730,9,Focused,0.978,22,419,366,731
23730,37,Focused,0.979,63,809,315,1071
23760,13,Focused,0.954,1176,444,1397,670
23760,32,Focused,0.516,346,578,684,1011
23760,5,Focused,0.983,1582,516,1912,885
23760,1,Focused,0.545,844,546,1266,944
23760,2,Focused,0.969,1416,459,1594,651
23760,19,Using Phone,0.444,632,404,795,594
23760,26,Using Phone,0.865,474,409,717,688
23760,31,Focused,0.522,821,406,975,582
23760,16,Focused,0.954,785,448,1034,690
23760,9,Focused,0.978,37,425,326,707
23760,37,Focused,0.97,70,808,308,1071
23790,1,Using Phone,0.504,841,540,1224,945
23790,5,Focused,0.983,1582,514,1911,884
23790,13,Focused,0.958,1177,442,1397,670
23790,2,Focused,0.979,1412,456,1593,653
23790,19,Focused,0.836,648,403,794,593
23790,26,Using Phone,0.854,477,428,714,688
23790,31,Focused,0.764,821,405,975,582
23790,32,Focused,0.618,287,568,674,969
23790,16,Focused,0.538,802,458,1024,689
23790,37,Focused,0.836,64,809,312,1071
23790,9,Focused,0.979,37,430,325,707
23820,32,Focused,0.742,330,567,719,987
23820,13,Focused,0.962,1177,442,1397,671
23820,5,Focused,0.983,1579,517,1907,884
23820,1,Using Phone,0.589,843,541,1224,945
23820,2,Focused,0.981,1412,455,1594,653
23820,19,Using Phone,0.492,659,403,794,588
23820,16,Focused,0.525,814,410,1010,684
23820,26,Using Phone,0.651,501,426,723,628
23820,34,Using Phone,0.334,1900,710,1919,810
23820,9,Focused,0.98,32,429,330,706
23820,37,Focused,0.717,63,809,313,1070
23850,5,Focused,0.913,1559,516,1902,900
23850,13,Focused,0.984,1177,443,1397,669
23850,1,Using Phone,0.462,845,541,1223,944
23850,2,Focused,0.938,1412,456,1594,653
23850,32,Focused,0.652,295,589,711,986
23850,19,Focused,0.648,651,407,794,589
23850,16,Focused,0.474,812,441,999,684
23850,26,Focused,0.522,492,423,718,693
23850,34,Focused,0.278,1890,710,1918,815
23850,37,Focused,0.604,64,809,312,1070
23850,9,Focused,0.981,37,434,380,708
23850,31,Focused,0.636,823,406,975,575
23880,5,Using Phone,0.518,1558,520,1900,898
23880,1,Using Phone,0.53,844,541,1224,944
23880,13,Focused,0.906,1177,443,1396,669
23880,32,Focused,0.943,302,553,665,1012
23880,2,Focused,0.967,1412,455,1594,654
23880,19,Focused,0.811,646,399,804,596
23880,16,Using Phone,0.547,811,440,1000,684
23880,34,Focused,0.606,1889,710,1918,814
23880,26,Focused,0.617,481,435,722,665
23880,31,Focused,0.877,823,406,975,577
23880,9,Focused,0.984,0,421,345,706
23880,37,Focused,0.915,64,809,314,1071
23910,5,Using Phone,0.547,1559,518,1900,905
23910,1,Focused,0.674,823,539,1172,943
23910,13,Focused,0.916,1177,443,1397,670
23910,32,Focused,0.978,298,549,662,1021
23910,2,Focused,0.979,1412,455,1595,653
23910,19,Focused,0.828,662,400,810,598
23910,16,Using Phone,0.55,811,439,999,684
23910,26,Focused,0.619,511,430,725,610
23910,31,Focused,0.965,823,407,975,577
23910,34,Focused,0.944,1889,710,1918,813
23910,9,Focused,0.979,0,426,353,715
23910,37,Focused,0.968,69,809,311,1071
23940,5,Focused,0.576,1559,515,1900,906
23940,1,Focused,0.75,802,536,1245,928
23940,13,Focused,0.964,1178,442,1397,670
23940,32,Focused,0.891,299,546,662,1036
23940,2,Focused,0.982,1412,455,1594,654
23940,19,Focused,0.864,651,396,809,597
23940,16,Focused,0.978,811,439,1006,684
23940,26,Focused,0.643,504,413,723,623
23940,31,Focused,0.984,823,407,975,578
23940,34,Focused,0.976,1884,694,1919,809
23940,37,Focused,0.976,63,809,314,1072
23940,9,Focused,0.981,1,428,351,723
23970,1,Focused,0.817,837,535,1310,1003
23970,5,Focused,0.949,1560,516,1900,893
23970,32,Focused,0.938,296,545,657,1045
23970,13,Focused,0.982,1178,443,1396,669
23970,2,Focused,0.986,1412,455,1594,654
23970,19,Focused,0.938,662,400,786,589
23970,26,Focused,0.616,514,419,726,610
23970,16,Focused,0.984,811,437,1001,684
23970,34,Focused,0.978,1886,701,1919,813
23970,31,Focused,0.987,822,407,975,576
23970,9,Focused,0.978,0,428,350,724
23970,37,Focused,0.977,64,810,314,1071
24000,2,Focused,0.986,1412,451,1593,653
24000,5,Focused,0.976,1534,542,1919,879
24000,13,Focused,0.986,1179,441,1395,668
24000,32,Focused,0.94,295,554,657,1010
24000,1,Focused,0.968,877,540,1247,936
24000,19,Focused,0.979,660,398,787,590
24000,16,Focused,0.986,811,431,1003,685
24000,26,Focused,0.603,538,436,725,610
24000,31,Focused,0.985,821,458,906,575
24000,34,Focused,0.976,1902,703,1919,773
24000,9,Focused,0.98,31,427,362,717
24000,37,Focused,0.976,63,809,313,1071
