frame_id,track_id,predicted_label,confidence,bbox_x1,bbox_y1,bbox_x2,bbox_y2
30,1,Unknown,0.0,1006,356,1404,762
30,2,Unknown,0.0,1563,234,1803,496
30,3,Unknown,0.0,785,228,1032,490
30,4,Unknown,0.0,581,230,762,455
30,5,Unknown,0.0,909,212,1052,379
30,6,Unknown,0.0,1271,248,1453,485
30,7,Unknown,0.0,1,771,250,1017
30,8,Unknown,0.0,218,233,405,433
30,9,Unknown,0.0,1460,419,1920,752
30,10,Unknown,0.0,231,804,498,1079
60,5,Unknown,0.0,904,211,1052,378
60,1,Unknown,0.0,1007,361,1420,734
60,2,Unknown,0.0,1597,233,1804,487
60,4,Unknown,0.0,581,232,762,455
60,6,Unknown,0.0,1259,248,1453,487
60,3,Unknown,0.0,800,241,1039,488
60,8,Unknown,0.0,220,233,406,434
60,7,Unknown,0.0,0,772,252,1017
60,9,Unknown,0.0,1462,415,1920,752
60,10,Unknown,0.0,222,805,499,1079
90,2,Unknown,0.0,1572,232,1809,499
90,1,Unknown,0.0,1010,355,1411,744
90,5,Unknown,0.0,901,211,1051,378
90,4,Unknown,0.0,580,235,761,455
90,6,Unknown,0.0,1260,248,1453,487
90,3,Unknown,0.0,793,241,1039,488
90,7,Unknown,0.0,1,772,252,1017
90,8,Unknown,0.0,219,233,403,434
90,9,Unknown,0.0,1461,417,1920,752
90,10,Unknown,0.0,225,804,498,1079
120,1,Unknown,0.0,1005,341,1398,762
120,2,Unknown,0.0,1598,233,1806,487
120,3,Unknown,0.0,789,242,1039,488
120,4,Unknown,0.0,582,231,761,454
120,6,Unknown,0.0,1268,248,1452,487
120,7,Unknown,0.0,0,771,253,1016
120,5,Unknown,0.0,890,211,1020,343
120,10,Unknown,0.0,223,804,497,1079
120,8,Unknown,0.0,220,229,400,436
120,9,Unknown,0.0,1460,400,1920,756
150,2,Focused,0.967,1586,232,1804,486
150,1,Focused,0.979,1014,349,1398,741
150,3,Focused,0.867,788,245,1039,488
150,4,Focused,0.887,582,232,762,452
150,6,Focused,0.976,1264,247,1452,487
150,5,Focused,0.976,891,211,1022,348
150,7,Focused,0.957,1,772,252,1016
150,10,Using Phone,0.551,227,804,501,1079
150,8,Focused,0.795,214,233,400,434
150,9,Focused,0.98,1474,390,1920,753
180,1,Focused,0.976,1007,352,1390,752
180,2,Focused,0.974,1570,232,1804,497
180,3,Focused,0.931,788,244,1039,490
180,6,Focused,0.976,1251,247,1452,487
180,4,Focused,0.824,581,232,763,452
180,5,Focused,0.977,893,209,1022,350
180,7,Focused,0.973,0,771,252,1017
180,8,Focused,0.866,261,234,406,432
180,10,Focused,0.854,229,804,499,1079
180,9,Focused,0.982,1492,370,1919,777
210,2,Focused,0.98,1567,231,1793,496
210,3,Focused,0.948,788,243,1038,489
210,4,Focused,0.82,583,233,762,452
210,1,Focused,0.979,1018,345,1395,738
210,6,Focused,0.979,1266,248,1453,487
210,8,Focused,0.868,264,221,414,433
210,5,Focused,0.976,892,209,1022,353
210,7,Focused,0.97,0,770,252,1016
210,10,Focused,0.88,229,804,501,1079
210,9,Focused,0.982,1524,365,1918,777
240,2,Focused,0.98,1567,231,1806,498
240,3,Focused,0.929,787,243,1039,488
240,1,Focused,0.979,1021,343,1395,737
240,6,Focused,0.976,1272,248,1454,487
240,7,Focused,0.959,0,771,252,1017
240,4,Focused,0.958,581,232,760,452
240,10,Focused,0.915,229,805,500,1078
240,5,Focused,0.932,890,212,1021,348
240,8,Focused,0.752,265,224,412,433
240,9,Focused,0.985,1447,415,1920,772
270,2,Focused,0.979,1587,233,1802,485
270,1,Focused,0.975,1019,346,1396,741
270,6,Focused,0.977,1269,247,1455,487
270,4,Focused,0.96,583,228,761,454
270,10,Focused,0.928,231,804,501,1078
270,7,Focused,0.966,1,772,252,1017
270,8,Focused,0.826,265,223,409,431
270,5,Focused,0.95,849,211,1021,346
270,9,Focused,0.985,1471,419,1919,818
270,3,Focused,0.952,785,246,1030,476
300,2,Focused,0.976,1592,233,1802,485
300,3,Focused,0.98,785,244,1041,489
300,6,Focused,0.977,1270,248,1456,486
300,1,Focused,0.975,1018,340,1394,738
300,4,Focused,0.943,581,231,762,455
300,5,Focused,0.967,890,212,1020,353
300,7,Focused,0.966,0,771,253,1017
300,10,Focused,0.969,231,805,500,1078
300,8,Focused,0.801,265,223,410,432
300,9,Focused,0.982,1455,413,1918,814
330,2,Focused,0.975,1590,233,1802,485
330,3,Focused,0.981,785,251,1041,488
330,6,Focused,0.978,1271,244,1454,486
330,1,Focused,0.975,1021,342,1395,739
330,4,Focused,0.969,582,235,762,455
330,7,Focused,0.975,0,770,253,1018
330,10,Focused,0.916,231,804,500,1079
330,5,Focused,0.977,889,212,1020,359
330,8,Focused,0.941,266,223,408,433
330,9,Focused,0.981,1459,415,1918,814
360,2,Focused,0.978,1567,233,1802,498
360,1,Focused,0.976,1015,345,1396,759
360,3,Focused,0.973,785,248,1041,488
360,4,Focused,0.971,583,233,763,453
360,6,Focused,0.976,1268,247,1454,487
360,5,Focused,0.979,890,212,1020,355
360,10,Focused,0.809,226,804,498,1078
360,7,Focused,0.974,0,770,251,1019
360,8,Focused,0.944,243,236,404,434
360,9,Focused,0.975,1458,416,1918,814
390,2,Focused,0.981,1568,232,1802,499
390,1,Focused,0.977,1016,347,1396,749
390,3,Focused,0.985,785,247,1041,488
390,6,Focused,0.977,1266,248,1453,487
390,4,Focused,0.98,581,234,764,453
390,7,Focused,0.978,0,771,249,1016
390,5,Focused,0.976,890,212,1020,354
390,10,Focused,0.833,231,804,498,1078
390,8,Focused,0.971,226,236,395,432
390,9,Focused,0.985,1456,418,1910,808
420,5,Focused,0.978,909,212,1049,379
420,3,Focused,0.986,785,248,1041,487
420,2,Focused,0.981,1599,234,1807,481
420,1,Focused,0.974,1020,341,1395,741
420,6,Focused,0.975,1270,248,1453,486
420,4,Focused,0.97,582,234,764,453
420,7,Focused,0.98,1,772,254,1018
420,10,Focused,0.958,232,804,500,1079
420,8,Focused,0.891,227,232,394,434
420,9,Focused,0.983,1499,404,1919,767
450,5,Focused,0.979,910,213,1049,379
450,2,Focused,0.98,1598,234,1807,483
450,1,Focused,0.976,1019,342,1395,740
450,3,Focused,0.986,784,248,1041,487
450,6,Focused,0.978,1269,245,1455,485
450,7,Focused,0.979,0,771,253,1018
450,8,Focused,0.944,231,233,397,433
450,4,Focused,0.978,581,230,760,453
450,10,Focused,0.979,231,804,499,1079
450,9,Focused,0.984,1478,415,1919,764
480,2,Focused,0.978,1598,233,1805,483
480,1,Focused,0.972,1027,343,1396,746
480,5,Focused,0.973,909,214,1049,379
480,3,Focused,0.939,785,247,1041,487
480,6,Focused,0.972,1274,246,1454,486
480,10,Focused,0.965,231,804,499,1079
480,8,Focused,0.742,231,230,404,433
480,7,Focused,0.975,2,772,252,1018
480,4,Focused,0.955,582,233,763,454
480,9,Focused,0.951,1478,416,1919,763
510,1,Focused,0.97,1032,347,1396,748
510,5,Focused,0.96,910,214,1049,379
510,2,Focused,0.974,1597,235,1807,485
510,3,Focused,0.813,785,247,1041,488
510,6,Focused,0.971,1273,247,1450,485
510,4,Focused,0.949,582,233,763,455
510,7,Focused,0.974,2,771,253,1018
510,10,Focused,0.975,233,804,501,1079
510,8,Focused,0.658,229,231,401,433
510,9,Focused,0.979,1455,414,1920,770
540,5,Focused,0.971,906,213,1049,379
540,2,Focused,0.977,1597,233,1807,484
540,3,Focused,0.571,786,246,1040,487
540,1,Focused,0.966,1024,344,1396,740
540,6,Focused,0.974,1270,246,1452,486
540,4,Focused,0.957,583,233,762,455
540,7,Focused,0.97,2,772,254,1018
540,10,Focused,0.965,237,804,500,1079
540,8,Focused,0.72,225,234,403,433
540,9,Focused,0.981,1452,417,1914,785
570,1,Focused,0.969,1024,341,1394,741
570,2,Focused,0.98,1597,234,1807,483
570,6,Focused,0.972,1269,246,1452,486
570,3,Focused,0.913,789,237,1041,487
570,10,Focused,0.977,236,804,499,1078
570,5,Focused,0.973,897,206,1048,377
570,4,Focused,0.952,583,233,763,455
570,8,Focused,0.808,229,230,403,433
570,9,Focused,0.983,1454,418,1920,770
600,11,Unknown,0.0,45,314,275,636
600,1,Focused,0.975,1017,345,1396,755
600,2,Focused,0.983,1597,234,1806,484
600,3,Focused,0.888,787,241,1041,488
600,6,Focused,0.967,1266,246,1452,486
600,10,Focused,0.931,232,805,500,1078
600,4,Focused,0.955,583,233,761,455
600,5,Focused,0.976,894,211,1028,362
600,8,Focused,0.805,223,232,398,434
600,9,Focused,0.982,1459,419,1919,775
630,11,Unknown,0.0,46,312,271,639
630,2,Focused,0.979,1597,233,1805,484
630,6,Focused,0.976,1267,247,1451,485
630,3,Focused,0.948,788,246,1041,487
630,10,Focused,0.852,232,804,500,1078
630,1,Focused,0.975,1022,344,1396,737
630,4,Focused,0.963,583,235,762,454
630,5,Focused,0.979,894,212,1028,361
630,8,Focused,0.765,228,231,398,432
630,9,Focused,0.976,1541,382,1919,744
660,11,Unknown,0.0,47,312,276,635
660,2,Focused,0.972,1598,233,1811,481
660,1,Focused,0.976,1023,342,1395,743
660,4,Focused,0.89,581,235,763,455
660,5,Focused,0.981,887,207,1041,375
660,10,Focused,0.851,231,805,500,1078
660,6,Focused,0.976,1265,246,1449,485
660,3,Focused,0.961,787,243,1041,487
660,8,Focused,0.808,251,227,415,439
660,9,Focused,0.974,1526,387,1919,746
690,11,Unknown,0.0,46,312,274,636
690,1,Focused,0.978,1022,341,1396,760
690,2,Focused,0.977,1597,233,1806,483
690,5,Focused,0.98,911,213,1050,379
690,3,Focused,0.89,789,245,1041,487
690,4,Focused,0.916,582,231,761,454
690,6,Focused,0.973,1265,246,1450,486
690,10,Focused,0.557,229,805,497,1079
690,8,Focused,0.87,258,224,414,438
690,9,Focused,0.971,1523,393,1919,753
720,1,Focused,0.974,1044,350,1399,760
720,11,Focused,0.905,50,314,277,638
720,2,Focused,0.98,1596,233,1807,484
720,5,Focused,0.979,911,213,1050,379
720,3,Focused,0.773,786,246,1043,488
720,4,Focused,0.94,582,233,762,454
720,10,Focused,0.963,234,805,501,1078
720,6,Focused,0.972,1267,247,1451,486
720,8,Focused,0.817,255,223,413,437
720,9,Focused,0.978,1518,399,1919,755
750,11,Focused,0.95,48,312,273,633
750,2,Focused,0.982,1597,233,1806,482
750,1,Focused,0.97,1034,345,1399,746
750,5,Focused,0.98,908,213,1050,379
750,3,Focused,0.397,787,248,1041,486
750,10,Focused,0.528,235,805,497,1078
750,6,Focused,0.972,1275,248,1451,485
750,4,Focused,0.963,583,234,763,454
750,8,Focused,0.9,257,224,403,436
750,9,Focused,0.979,1531,394,1919,753
780,11,Focused,0.94,50,308,274,630
780,2,Focused,0.979,1597,233,1807,483
780,1,Focused,0.975,1032,339,1398,739
780,5,Focused,0.98,908,213,1050,379
780,3,Focused,0.912,786,250,1042,487
780,10,Focused,0.516,236,804,497,1078
780,6,Focused,0.972,1273,248,1451,485
780,4,Focused,0.959,582,234,763,454
780,8,Focused,0.904,252,228,401,436
780,9,Focused,0.978,1523,392,1919,755
810,11,Focused,0.835,51,309,276,630
810,2,Focused,0.977,1597,242,1810,483
810,1,Focused,0.974,1031,340,1398,742
810,5,Focused,0.978,912,208,1046,378
810,3,Using Phone,0.61,786,250,1042,488
810,4,Focused,0.874,583,234,765,457
810,10,Focused,0.906,236,804,500,1077
810,6,Focused,0.97,1273,247,1452,486
810,8,Focused,0.843,240,229,396,436
810,9,Focused,0.973,1527,396,1918,755
840,11,Focused,0.792,52,313,277,638
840,1,Focused,0.976,1030,348,1398,758
840,2,Focused,0.976,1597,235,1802,482
840,5,Focused,0.977,911,209,1046,378
840,3,Focused,0.747,786,249,1043,488
840,10,Focused,0.932,236,804,499,1078
840,4,Focused,0.896,585,234,766,456
840,6,Focused,0.966,1265,246,1453,484
840,8,Focused,0.869,254,228,396,436
840,9,Focused,0.971,1524,397,1918,756
870,1,Focused,0.975,1029,351,1398,760
870,11,Focused,0.785,57,333,276,639
870,3,Focused,0.801,785,249,1043,489
870,5,Focused,0.981,910,209,1046,378
870,2,Focused,0.971,1582,239,1824,485
870,10,Focused,0.574,235,804,498,1078
870,4,Focused,0.887,584,235,765,463
870,6,Focused,0.946,1267,246,1452,486
870,8,Focused,0.822,229,228,396,435
870,9,Focused,0.972,1516,398,1919,755
900,11,Focused,0.864,50,327,278,635
900,2,Focused,0.966,1596,236,1804,482
900,5,Focused,0.981,910,209,1046,378
900,3,Focused,0.507,786,249,1043,488
900,1,Focused,0.968,1029,350,1397,739
900,10,Focused,0.88,235,805,498,1078
900,6,Focused,0.962,1265,246,1452,485
900,4,Focused,0.876,584,233,764,463
900,8,Focused,0.842,230,229,399,436
900,9,Focused,0.975,1515,395,1919,755
930,11,Focused,0.833,50,328,282,638
930,1,Focused,0.97,1030,350,1398,749
930,2,Focused,0.725,1597,234,1802,483
930,5,Focused,0.98,910,209,1046,378
930,3,Using Phone,0.81,785,249,1043,488
930,10,Focused,0.706,235,804,499,1078
930,4,Focused,0.888,585,236,764,463
930,6,Focused,0.973,1267,248,1451,486
930,8,Focused,0.894,224,235,397,438
930,9,Focused,0.979,1519,393,1919,756
960,1,Focused,0.975,1022,353,1398,764
960,2,Focused,0.976,1597,234,1801,483
960,5,Focused,0.979,910,209,1046,378
960,3,Using Phone,0.816,787,249,1042,488
960,11,Focused,0.873,75,342,269,624
960,4,Focused,0.914,583,236,768,461
960,10,Focused,0.609,235,804,499,1078
960,6,Focused,0.978,1261,247,1452,485
960,8,Focused,0.929,234,242,394,446
960,9,Focused,0.983,1509,387,1919,755
990,1,Focused,0.976,1034,347,1398,748
990,2,Focused,0.97,1597,234,1804,482
990,5,Focused,0.978,909,210,1046,379
990,11,Focused,0.925,72,343,268,624
990,3,Using Phone,0.477,786,249,1043,488
990,10,Using Phone,0.603,235,805,499,1077
990,6,Focused,0.98,1269,248,1451,486
990,4,Focused,0.928,583,236,767,455
990,8,Focused,0.944,238,238,402,444
990,9,Focused,0.985,1506,396,1919,757
1020,2,Focused,0.978,1596,234,1803,484
1020,5,Focused,0.98,909,210,1046,378
1020,1,Focused,0.976,1033,347,1397,744
1020,11,Focused,0.858,75,344,270,625
1020,3,Using Phone,0.809,786,248,1043,488
1020,6,Focused,0.977,1270,250,1452,486
1020,4,Focused,0.891,584,238,765,455
1020,10,Focused,0.529,237,804,500,1078
1020,8,Focused,0.837,238,242,409,445
1020,9,Focused,0.758,1516,393,1919,756
1050,2,Focused,0.979,1598,234,1804,484
1050,1,Focused,0.979,1033,344,1397,747
1050,5,Focused,0.981,909,210,1046,378
1050,11,Focused,0.794,72,345,271,625
1050,3,Using Phone,0.829,786,248,1043,489
1050,4,Focused,0.934,583,236,765,458
1050,6,Focused,0.98,1270,248,1451,486
1050,10,Focused,0.956,237,804,498,1078
1050,8,Focused,0.872,243,235,396,443
1050,9,Focused,0.859,1517,393,1919,756
1080,2,Focused,0.977,1598,234,1803,484
1080,5,Focused,0.98,909,210,1046,378
1080,11,Using Phone,0.668,77,357,270,625
1080,1,Focused,0.979,1032,345,1396,739
1080,4,Focused,0.877,584,236,765,457
1080,3,Using Phone,0.841,785,248,1044,489
1080,6,Focused,0.977,1271,250,1450,486
1080,10,Focused,0.975,235,804,500,1078
1080,8,Focused,0.534,241,238,397,436
1080,9,Focused,0.985,1516,394,1919,756
1110,1,Focused,0.975,1026,338,1388,746
1110,2,Focused,0.975,1597,233,1805,483
1110,6,Focused,0.973,1268,245,1427,474
1110,5,Focused,0.98,908,210,1046,378
1110,3,Using Phone,0.668,786,247,1043,489
1110,4,Focused,0.902,583,236,766,461
1110,11,Using Phone,0.783,76,343,272,624
1110,10,Focused,0.937,235,804,499,1078
1110,8,Focused,0.52,245,236,395,437
1110,9,Focused,0.978,1514,394,1919,756
1140,1,Focused,0.976,1019,342,1391,751
1140,2,Focused,0.976,1596,233,1805,483
1140,11,Using Phone,0.577,66,336,278,639
1140,4,Focused,0.884,584,237,766,464
1140,5,Focused,0.979,908,210,1046,378
1140,3,Focused,0.683,786,249,1043,487
1140,10,Focused,0.977,237,805,503,1077
1140,8,Focused,0.501,244,236,405,441
1140,6,Focused,0.973,1270,248,1422,410
1140,9,Focused,0.905,1486,414,1920,751
1170,2,Focused,0.976,1599,233,1802,483
1170,11,Using Phone,0.806,70,335,281,638
1170,5,Focused,0.978,908,210,1046,378
1170,1,Focused,0.975,1016,346,1391,752
1170,3,Using Phone,0.469,786,249,1043,492
1170,10,Focused,0.761,236,804,500,1078
1170,4,Focused,0.864,584,238,767,460
1170,8,Focused,0.67,242,238,399,440
1170,6,Focused,0.968,1269,248,1422,410
1170,9,Focused,0.863,1528,381,1918,747
1200,2,Focused,0.977,1597,234,1804,484
1200,5,Focused,0.971,908,210,1046,378
1200,1,Focused,0.974,1017,345,1392,758
1200,11,Using Phone,0.696,69,334,283,639
1200,6,Focused,0.949,1268,248,1452,484
1200,3,Focused,0.84,786,245,1042,489
1200,4,Focused,0.827,584,235,765,456
1200,8,Focused,0.653,241,224,396,444
1200,10,Focused,0.967,239,804,503,1077
1200,9,Focused,0.931,1507,398,1919,760
1230,1,Focused,0.974,1015,354,1393,758
1230,2,Focused,0.977,1597,233,1805,484
1230,11,Focused,0.697,73,333,284,640
1230,3,Using Phone,0.658,786,249,1043,488
1230,4,Focused,0.831,583,236,763,457
1230,10,Focused,0.96,237,804,506,1078
1230,6,Focused,0.969,1264,248,1420,411
1230,5,Focused,0.976,927,183,1047,372
1230,8,Focused,0.71,245,227,390,433
1230,9,Focused,0.618,1506,395,1916,761
1260,2,Focused,0.977,1596,234,1806,484
1260,1,Focused,0.971,1017,353,1393,758
1260,6,Focused,0.977,1263,248,1457,485
1260,4,Focused,0.83,583,231,764,457
1260,3,Using Phone,0.7,785,249,1043,488
1260,11,Focused,0.874,70,332,283,640
1260,8,Focused,0.735,246,228,378,440
1260,5,Focused,0.981,928,191,1038,372
1260,9,Focused,0.781,1506,394,1917,756
1260,10,Using Phone,0.557,237,804,511,1079
1290,1,Focused,0.971,1015,350,1374,709
1290,2,Focused,0.975,1597,233,1806,483
1290,5,Focused,0.981,915,201,1048,378
1290,6,Focused,0.977,1278,248,1457,485
1290,4,Focused,0.789,584,235,765,456
1290,11,Focused,0.833,76,335,287,641
1290,3,Focused,0.66,785,248,1043,488
1290,8,Focused,0.719,256,225,383,439
1290,12,Unknown,0.0,330,308,637,651
1290,9,Focused,0.969,1495,408,1920,762
1290,10,Focused,0.716,237,804,511,1078
1320,2,Focused,0.975,1597,233,1805,485
1320,11,Focused,0.701,79,334,289,641
1320,5,Focused,0.976,912,201,1049,378
1320,1,Focused,0.97,1016,359,1364,713
1320,4,Focused,0.88,584,235,765,462
1320,6,Focused,0.975,1265,252,1457,487
1320,3,Focused,0.755,786,248,1043,487
1320,10,Focused,0.631,237,805,509,1078
1320,8,Focused,0.832,259,225,394,436
1320,9,Focused,0.897,1495,410,1920,764
1350,11,Focused,0.796,68,334,281,642
1350,2,Focused,0.976,1594,232,1807,484
1350,1,Focused,0.971,1016,357,1364,713
1350,6,Focused,0.958,1270,252,1458,483
1350,10,Using Phone,0.468,237,804,498,1078
1350,3,Focused,0.884,786,248,1044,488
1350,5,Focused,0.977,916,201,1048,378
1350,4,Focused,0.881,584,236,765,461
1350,8,Focused,0.786,246,227,391,433
1350,9,Focused,0.893,1497,414,1919,760
1380,1,Focused,0.964,1015,352,1393,746
1380,2,Focused,0.975,1599,232,1806,480
1380,11,Focused,0.797,71,333,284,642
1380,3,Focused,0.887,785,245,1043,488
1380,5,Focused,0.981,918,198,1049,378
1380,4,Focused,0.896,584,236,765,463
1380,6,Focused,0.973,1258,245,1431,477
1380,8,Focused,0.699,247,225,386,433
1380,9,Focused,0.869,1489,404,1918,769
1380,10,Focused,0.63,244,805,506,1078
1380,12,Unknown,0.0,286,308,641,652
1410,2,Focused,0.977,1597,232,1806,482
1410,1,Focused,0.952,1014,355,1359,713
1410,11,Focused,0.774,76,333,285,641
1410,6,Focused,0.974,1259,244,1427,477
1410,5,Focused,0.982,918,198,1049,378
1410,3,Focused,0.754,785,246,1043,488
1410,4,Focused,0.846,582,237,764,464
1410,8,Focused,0.593,266,216,387,433
1410,9,Focused,0.97,1492,393,1920,752
1410,12,Unknown,0.0,285,310,639,652
1410,10,Using Phone,0.512,237,804,506,1078
1440,11,Focused,0.751,3,343,272,642
1440,2,Focused,0.978,1597,233,1807,482
1440,1,Focused,0.908,1011,367,1365,714
1440,5,Focused,0.982,912,206,1049,378
1440,6,Focused,0.975,1256,248,1427,477
1440,3,Using Phone,0.466,784,253,1043,488
1440,4,Focused,0.777,582,236,762,463
1440,8,Focused,0.84,267,225,398,431
1440,9,Focused,0.982,1497,412,1866,727
1440,10,Focused,0.944,239,806,512,1079
1470,1,Focused,0.956,1014,358,1392,762
1470,6,Focused,0.974,1255,248,1427,475
1470,5,Focused,0.982,912,207,1049,378
1470,4,Focused,0.856,582,231,764,463
1470,11,Focused,0.843,82,343,275,623
1470,3,Focused,0.841,785,248,1045,486
1470,2,Focused,0.977,1601,232,1808,476
1470,8,Focused,0.975,267,223,401,438
1470,9,Focused,0.868,1498,413,1869,726
1470,10,Using Phone,0.561,240,804,508,1079
1500,6,Focused,0.965,1256,248,1428,476
1500,2,Focused,0.978,1576,233,1807,497
1500,1,Focused,0.971,1019,357,1394,747
1500,5,Focused,0.981,912,208,1049,379
1500,4,Focused,0.903,584,236,765,457
1500,3,Focused,0.59,785,252,1045,487
1500,8,Focused,0.984,267,223,395,440
1500,11,Focused,0.92,77,350,280,624
1500,9,Focused,0.553,1497,413,1867,726
1500,10,Using Phone,0.592,248,805,500,1079
1500,12,Unknown,0.0,295,310,639,652
1530,2,Focused,0.977,1577,233,1808,500
1530,1,Focused,0.94,1021,353,1394,746
1530,6,Focused,0.976,1265,249,1428,475
1530,11,Focused,0.762,80,327,290,641
1530,4,Focused,0.806,583,237,764,463
1530,3,Looking Away,0.47,783,253,1044,488
1530,5,Focused,0.982,920,200,1032,369
1530,8,Focused,0.981,267,223,378,443
1530,12,Focused,0.81,307,309,628,650
1530,9,Focused,0.755,1462,400,1912,735
1560,2,Focused,0.973,1576,233,1807,499
1560,1,Focused,0.939,1020,350,1395,748
1560,6,Focused,0.978,1263,245,1461,484
1560,11,Focused,0.808,50,336,282,625
1560,4,Focused,0.896,586,237,764,458
1560,3,Looking Away,0.512,785,250,1041,486
1560,5,Focused,0.982,921,201,1032,368
1560,8,Focused,0.982,267,224,389,441
1560,12,Focused,0.945,302,304,629,651
1560,9,Focused,0.936,1462,409,1913,736
1560,10,Using Phone,0.593,248,805,505,1079
1590,1,Focused,0.974,1023,354,1399,749
1590,2,Focused,0.974,1577,233,1808,499
1590,11,Focused,0.615,49,338,281,638
1590,6,Focused,0.978,1277,247,1457,484
1590,3,Looking Away,0.386,784,254,1044,488
1590,4,Focused,0.768,585,237,765,457
1590,5,Focused,0.981,924,198,1032,370
1590,12,Focused,0.828,293,306,629,651
1590,8,Focused,0.983,266,221,391,440
1590,9,Focused,0.886,1463,412,1912,740
1590,10,Using Phone,0.515,233,804,515,1079
1620,1,Focused,0.973,1032,355,1396,746
1620,2,Focused,0.977,1577,233,1811,499
1620,11,Focused,0.867,48,340,278,634
1620,5,Focused,0.98,902,205,1049,379
1620,6,Focused,0.979,1262,248,1426,473
1620,4,Focused,0.786,582,236,766,457
1620,3,Looking Away,0.344,786,250,1045,487
1620,10,Focused,0.79,239,804,500,1079
1620,8,Focused,0.637,266,220,389,438
1620,9,Focused,0.773,1463,413,1912,739
1620,12,Focused,0.846,328,306,636,651
1650,11,Focused,0.836,46,334,275,639
1650,2,Focused,0.977,1576,234,1811,499
1650,1,Focused,0.973,1026,348,1396,739
1650,5,Focused,0.975,909,206,1049,378
1650,6,Focused,0.976,1283,246,1453,485
1650,4,Focused,0.839,584,237,765,457
1650,3,Focused,0.797,787,247,1043,487
1650,8,Focused,0.723,267,219,419,438
1650,10,Focused,0.939,223,804,496,1080
1650,9,Focused,0.969,1463,413,1912,741
1680,2,Focused,0.978,1576,233,1807,498
1680,11,Focused,0.932,44,335,273,637
1680,1,Focused,0.972,1022,344,1396,746
1680,10,Focused,0.952,235,804,497,1079
1680,5,Focused,0.976,909,206,1049,379
1680,4,Focused,0.915,585,237,765,461
1680,3,Focused,0.951,786,254,1045,489
1680,8,Focused,0.896,267,219,416,441
1680,6,Focused,0.978,1258,247,1455,486
1680,9,Focused,0.817,1444,389,1917,746
1710,11,Focused,0.97,45,334,275,640
1710,1,Focused,0.966,1023,353,1396,747
1710,2,Focused,0.978,1576,233,1811,497
1710,5,Focused,0.975,909,207,1049,379
1710,4,Focused,0.96,585,238,766,456
1710,6,Focused,0.977,1258,246,1455,486
1710,10,Focused,0.98,232,805,496,1078
1710,3,Focused,0.96,785,253,1047,488
1710,8,Focused,0.981,267,219,419,440
1710,9,Focused,0.535,1457,422,1920,750
1740,1,Focused,0.973,1022,354,1396,747
1740,2,Focused,0.979,1575,235,1802,496
1740,10,Focused,0.98,234,805,497,1079
1740,5,Focused,0.975,909,207,1049,379
1740,6,Focused,0.978,1253,248,1454,485
1740,3,Focused,0.96,786,251,1045,488
1740,11,Focused,0.987,67,337,290,640
1740,4,Focused,0.971,585,237,766,457
1740,8,Focused,0.984,266,219,413,438
1740,9,Using Phone,0.498,1457,426,1920,750
1770,11,Focused,0.968,55,338,288,639
1770,2,Focused,0.971,1573,235,1815,496
1770,1,Focused,0.933,1023,345,1394,739
1770,10,Focused,0.981,233,805,497,1078
1770,5,Focused,0.956,909,207,1049,379
1770,4,Focused,0.92,586,238,766,463
1770,3,Focused,0.899,785,254,1047,492
1770,6,Focused,0.975,1261,247,1454,484
1770,8,Focused,0.979,268,217,419,436
1770,9,Focused,0.862,1456,431,1920,750
1800,1,Focused,0.942,1022,343,1395,745
1800,11,Focused,0.983,55,336,288,639
1800,2,Focused,0.974,1596,234,1807,483
1800,5,Focused,0.856,909,207,1050,379
1800,10,Focused,0.951,235,805,498,1079
1800,4,Focused,0.897,586,238,766,464
1800,6,Focused,0.979,1259,247,1452,485
1800,3,Focused,0.933,787,252,1046,488
1800,8,Focused,0.978,264,219,415,436
1800,9,Focused,0.935,1456,416,1919,751
1830,11,Focused,0.908,50,328,286,639
1830,2,Focused,0.98,1574,234,1804,497
1830,1,Focused,0.952,1018,348,1398,748
1830,5,Focused,0.965,909,207,1050,379
1830,10,Focused,0.977,235,805,496,1079
1830,4,Focused,0.818,585,238,766,455
1830,6,Focused,0.968,1267,247,1452,484
1830,3,Focused,0.96,785,257,1047,488
1830,9,Focused,0.964,1507,382,1918,788
1830,8,Focused,0.98,263,217,418,434
1860,11,Focused,0.879,51,328,286,639
1860,2,Focused,0.981,1597,234,1806,484
1860,1,Focused,0.973,1022,351,1396,744
1860,5,Focused,0.977,909,207,1049,378
1860,3,Focused,0.919,785,255,1045,491
1860,4,Focused,0.7,584,239,766,457
1860,6,Focused,0.969,1263,245,1453,484
1860,10,Focused,0.973,236,805,505,1078
1860,8,Focused,0.981,272,217,406,434
1860,9,Focused,0.98,1498,413,1917,739
1890,11,Focused,0.871,16,330,297,618
1890,2,Focused,0.983,1597,234,1804,483
1890,1,Focused,0.977,1022,346,1397,749
1890,5,Focused,0.981,907,208,1049,378
1890,3,Focused,0.802,785,252,1046,488
1890,6,Focused,0.972,1268,246,1452,485
1890,4,Focused,0.581,585,239,768,459
1890,10,Focused,0.945,243,804,496,1079
1890,8,Focused,0.981,272,216,407,434
1890,9,Focused,0.834,1527,393,1920,759
1920,2,Focused,0.982,1597,234,1806,483
1920,1,Focused,0.977,1022,344,1398,746
1920,11,Focused,0.94,5,343,249,623
1920,5,Focused,0.981,909,208,1049,379
1920,4,Focused,0.921,587,232,766,454
1920,6,Focused,0.974,1267,245,1453,484
1920,3,Focused,0.966,791,247,1047,488
1920,10,Focused,0.979,240,804,496,1079
1920,8,Focused,0.981,262,226,406,434
1920,9,Focused,0.495,1526,394,1919,760
1950,2,Focused,0.978,1597,234,1806,485
1950,11,Focused,0.939,6,341,253,623
1950,1,Focused,0.971,1022,343,1395,737
1950,4,Focused,0.892,586,236,765,462
1950,3,Focused,0.789,812,229,1018,476
1950,6,Focused,0.97,1264,246,1453,484
1950,8,Focused,0.98,240,235,400,439
1950,10,Focused,0.98,240,805,496,1079
1950,5,Focused,0.982,912,207,1049,377
1950,9,Focused,0.821,1526,402,1920,766
1980,2,Focused,0.979,1597,234,1806,483
1980,11,Focused,0.94,14,340,252,622
1980,4,Focused,0.946,585,236,766,462
1980,1,Focused,0.978,1024,347,1395,739
1980,6,Focused,0.976,1267,247,1452,485
1980,10,Focused,0.981,235,804,498,1079
1980,3,Focused,0.93,811,234,1019,474
1980,5,Focused,0.981,909,201,1049,379
1980,8,Focused,0.98,230,234,406,438
1980,9,Focused,0.979,1526,403,1919,755
2010,11,Focused,0.467,21,341,252,623
2010,2,Focused,0.976,1597,234,1807,483
2010,4,Focused,0.844,583,236,766,458
2010,10,Focused,0.97,232,804,495,1078
2010,1,Focused,0.975,1022,348,1395,738
2010,6,Focused,0.963,1266,248,1451,484
2010,3,Using Phone,0.751,812,234,1019,473
2010,5,Focused,0.981,908,206,1049,379
2010,8,Focused,0.979,220,233,414,437
2010,9,Focused,0.977,1527,404,1919,755
2040,11,Focused,0.473,27,339,252,623
2040,1,Focused,0.975,1022,348,1395,739
2040,2,Focused,0.976,1602,234,1808,477
2040,6,Focused,0.971,1266,248,1450,484
2040,4,Focused,0.819,585,237,766,455
2040,10,Focused,0.93,241,804,498,1077
2040,5,Focused,0.982,910,206,1049,378
2040,3,Focused,0.703,812,234,1019,474
2040,8,Focused,0.979,219,233,401,438
2040,9,Focused,0.983,1528,411,1918,746
2070,1,Focused,0.975,1019,352,1398,760
2070,11,Focused,0.541,21,348,253,623
2070,2,Focused,0.962,1597,234,1806,483
2070,6,Focused,0.975,1266,250,1451,484
2070,4,Focused,0.87,586,237,766,458
2070,3,Focused,0.755,811,232,1020,474
2070,5,Focused,0.764,893,200,1039,366
2070,10,Focused,0.971,250,806,508,1079
2070,9,Focused,0.945,1526,408,1919,754
2070,8,Focused,0.98,250,231,399,438
2100,1,Focused,0.978,1018,359,1397,759
2100,2,Focused,0.969,1598,234,1808,483
2100,11,Using Phone,0.496,19,362,251,623
2100,4,Focused,0.89,587,238,766,458
2100,6,Focused,0.979,1261,250,1451,485
2100,5,Focused,0.9,914,210,1050,379
2100,3,Focused,0.81,812,235,1020,474
2100,8,Focused,0.98,217,238,398,439
2100,9,Focused,0.976,1526,407,1919,756
2100,12,Focused,0.861,268,322,619,667
2130,1,Focused,0.979,1018,355,1398,759
2130,2,Focused,0.976,1598,234,1806,484
2130,11,Using Phone,0.498,7,341,253,623
2130,4,Focused,0.954,587,238,766,457
2130,6,Focused,0.978,1264,247,1452,484
2130,3,Focused,0.915,811,235,1019,474
2130,5,Focused,0.931,915,205,1050,379
2130,12,Focused,0.796,275,328,618,663
2130,8,Focused,0.98,248,235,405,439
2130,9,Focused,0.984,1531,393,1919,743
2160,2,Focused,0.978,1597,233,1805,484
2160,1,Focused,0.974,1020,348,1398,739
2160,4,Focused,0.977,587,237,765,456
2160,6,Focused,0.978,1268,247,1452,484
2160,5,Focused,0.66,915,207,1050,379
2160,3,Focused,0.855,812,236,1020,475
2160,11,Using Phone,0.55,14,348,254,623
2160,12,Focused,0.825,277,325,618,662
2160,8,Focused,0.979,214,236,395,436
2160,9,Focused,0.98,1528,397,1919,753
2190,2,Focused,0.971,1597,234,1806,483
2190,1,Focused,0.975,1015,359,1368,721
2190,4,Focused,0.983,586,237,766,460
2190,6,Focused,0.974,1255,248,1453,484
2190,11,Using Phone,0.546,79,335,290,640
2190,5,Using Phone,0.569,915,208,1050,379
2190,3,Focused,0.922,812,235,1020,475
2190,9,Focused,0.951,1527,395,1919,755
2190,8,Focused,0.98,218,236,397,436
2190,12,Focused,0.64,271,327,618,662
2220,1,Focused,0.973,1046,341,1383,699
2220,2,Focused,0.974,1597,234,1810,483
2220,11,Using Phone,0.528,74,336,283,644
2220,4,Focused,0.979,586,238,768,461
2220,6,Focused,0.975,1261,248,1452,484
2220,5,Using Phone,0.653,915,209,1050,379
2220,3,Focused,0.785,812,235,1019,474
2220,8,Focused,0.979,220,239,386,438
2220,12,Focused,0.976,273,319,614,660
2220,9,Focused,0.984,1526,395,1919,755
2250,1,Focused,0.974,1061,349,1398,700
2250,2,Focused,0.97,1597,234,1808,483
2250,11,Focused,0.56,78,331,287,643
2250,4,Focused,0.979,586,237,768,460
2250,6,Focused,0.977,1274,248,1452,484
2250,5,Using Phone,0.586,915,209,1050,379
2250,3,Focused,0.802,812,234,1019,474
2250,8,Focused,0.979,215,238,393,437
2250,9,Focused,0.981,1526,397,1919,754
2250,12,Focused,0.977,275,321,616,660
2280,1,Focused,0.974,1059,369,1385,699
2280,2,Focused,0.974,1597,233,1808,482
2280,6,Focused,0.978,1251,245,1451,485
2280,4,Focused,0.979,586,235,767,455
2280,11,Focused,0.646,79,356,274,625
2280,3,Focused,0.704,812,232,1019,473
2280,5,Using Phone,0.673,916,210,1050,379
2280,8,Focused,0.978,217,238,392,437
2280,12,Focused,0.978,281,323,616,661
2280,9,Focused,0.981,1527,400,1919,745
2310,1,Focused,0.972,1056,348,1405,699
2310,2,Focused,0.978,1598,234,1807,482
2310,4,Focused,0.979,586,234,766,459
2310,11,Focused,0.698,77,362,272,625
2310,6,Focused,0.976,1266,247,1450,485
2310,3,Focused,0.659,812,232,1019,474
2310,5,Using Phone,0.823,915,209,1050,378
2310,12,Focused,0.978,272,326,615,666
2310,9,Focused,0.751,1525,411,1918,750
2310,8,Focused,0.979,244,235,397,438
2340,1,Focused,0.979,1051,360,1400,702
2340,2,Focused,0.977,1564,234,1809,496
2340,6,Focused,0.976,1290,245,1458,481
2340,4,Focused,0.979,587,236,767,459
2340,11,Focused,0.609,79,362,273,625
2340,3,Focused,0.656,812,232,1019,473
2340,5,Using Phone,0.863,915,210,1051,379
2340,12,Focused,0.976,272,327,615,664
2340,8,Focused,0.978,219,236,397,437
2340,9,Focused,0.874,1528,411,1919,747
2370,1,Focused,0.979,1062,360,1406,701
2370,2,Focused,0.976,1576,233,1806,484
2370,6,Focused,0.977,1292,250,1454,486
2370,4,Focused,0.979,587,238,767,459
2370,11,Focused,0.518,78,363,273,625
2370,5,Using Phone,0.877,914,210,1051,378
2370,8,Focused,0.979,220,239,395,439
2370,3,Focused,0.783,812,232,1020,474
2370,12,Focused,0.978,273,326,614,664
2370,9,Focused,0.982,1528,407,1919,751
2400,2,Focused,0.974,1597,234,1806,484
2400,1,Focused,0.976,1020,362,1415,749
2400,6,Focused,0.976,1254,236,1457,486
2400,4,Focused,0.979,586,239,767,456
2400,11,Using Phone,0.462,79,362,273,625
2400,8,Focused,0.979,220,239,393,436
2400,5,Using Phone,0.84,915,208,1051,379
2400,3,Focused,0.918,807,229,1021,471
2400,12,Focused,0.976,273,325,616,661
2400,9,Focused,0.982,1528,407,1919,746
2430,2,Focused,0.977,1597,234,1807,483
2430,1,Focused,0.978,1021,356,1412,745
2430,11,Focused,0.611,68,330,276,620
2430,6,Focused,0.978,1261,241,1453,485
2430,4,Focused,0.979,587,239,767,458
2430,8,Focused,0.98,219,238,394,436
2430,5,Using Phone,0.492,855,212,1049,377
2430,12,Focused,0.976,274,325,615,660
2430,9,Focused,0.985,1529,407,1918,747
2430,3,Focused,0.966,794,267,1014,476
2460,1,Focused,0.976,1018,355,1410,759
2460,11,Focused,0.856,47,325,277,629
2460,2,Focused,0.976,1597,233,1807,484
2460,6,Focused,0.978,1259,242,1454,485
2460,4,Focused,0.979,587,240,767,456
2460,8,Focused,0.98,220,239,393,435
2460,12,Focused,0.974,273,327,615,661
2460,9,Focused,0.733,1529,403,1919,747
2460,5,Focused,0.933,856,212,1050,379
2460,3,Focused,0.979,792,266,1014,476
2490,1,Focused,0.961,1027,353,1410,747
2490,11,Using Phone,0.64,78,319,283,636
2490,2,Focused,0.976,1598,233,1808,484
2490,6,Focused,0.973,1259,242,1454,485
2490,4,Focused,0.978,586,240,766,456
2490,8,Focused,0.979,220,237,393,436
2490,12,Focused,0.975,274,327,616,660
2490,5,Focused,0.985,856,212,1050,378
2490,9,Focused,0.952,1528,402,1919,745
2490,3,Focused,0.976,793,267,1014,476
2520,11,Focused,0.684,57,317,281,637
2520,2,Focused,0.973,1597,234,1808,484
2520,1,Focused,0.962,1029,350,1404,738
2520,6,Focused,0.975,1266,241,1454,485
2520,4,Focused,0.978,587,241,767,455
2520,8,Focused,0.979,223,235,396,437
2520,5,Focused,0.978,854,212,1049,377
2520,12,Focused,0.976,274,325,615,660
2520,9,Focused,0.982,1527,407,1918,750
2520,3,Focused,0.718,792,267,1014,476
2550,11,Focused,0.757,55,318,276,636
2550,2,Focused,0.967,1599,234,1809,481
2550,1,Focused,0.972,1027,350,1405,736
2550,6,Focused,0.975,1263,241,1454,485
2550,4,Focused,0.979,587,240,767,456
2550,12,Focused,0.978,272,325,614,665
2550,8,Focused,0.979,222,236,397,438
2550,5,Focused,0.976,855,213,1050,378
2550,9,Focused,0.978,1526,405,1918,750
2550,3,Focused,0.735,793,266,1014,475
2580,11,Focused,0.795,60,323,281,639
2580,1,Focused,0.978,1028,350,1405,739
2580,2,Focused,0.973,1598,234,1811,483
2580,6,Focused,0.978,1263,241,1454,485
2580,4,Focused,0.979,587,238,767,463
2580,8,Focused,0.98,258,227,415,438
2580,5,Focused,0.98,855,213,1050,377
2580,12,Focused,0.979,271,324,613,666
2580,9,Focused,0.978,1526,409,1919,758
2580,3,Focused,0.925,793,268,1013,472
2610,11,Focused,0.873,59,319,277,637
2610,1,Focused,0.98,1027,349,1405,740
2610,2,Focused,0.979,1597,236,1809,483
2610,6,Focused,0.979,1263,241,1455,485
2610,4,Focused,0.98,587,238,767,456
2610,5,Focused,0.979,855,213,1049,377
2610,8,Focused,0.98,258,225,415,438
2610,12,Focused,0.98,270,323,614,664
2610,9,Focused,0.951,1526,408,1918,750
2610,3,Focused,0.957,793,268,1014,474
2640,11,Focused,0.511,59,319,276,636
2640,1,Focused,0.976,1028,350,1404,741
2640,2,Focused,0.977,1597,233,1806,483
2640,6,Focused,0.977,1262,241,1454,485
2640,4,Focused,0.979,587,239,767,455
2640,5,Focused,0.975,855,213,1050,377
2640,8,Focused,0.98,258,224,413,438
2640,12,Focused,0.978,272,322,615,660
2640,9,Focused,0.984,1530,384,1919,755
2640,3,Focused,0.622,791,268,1013,476
2670,11,Focused,0.537,59,316,281,637
2670,1,Focused,0.976,1028,351,1405,742
2670,2,Focused,0.977,1597,234,1808,483
2670,6,Focused,0.975,1265,241,1454,485
2670,4,Focused,0.978,587,239,767,456
2670,5,Focused,0.975,854,213,1050,377
2670,8,Focused,0.98,260,222,412,438
2670,12,Focused,0.978,279,319,615,661
2670,9,Focused,0.982,1529,407,1918,748
2670,3,Focused,0.543,791,267,1014,476
2700,1,Focused,0.977,1028,351,1406,747
2700,11,Focused,0.616,55,317,269,633
2700,2,Focused,0.974,1597,233,1807,482
2700,6,Focused,0.976,1265,241,1453,484
2700,4,Focused,0.978,587,239,767,458
2700,12,Focused,0.975,275,322,612,661
2700,8,Focused,0.981,260,223,415,437
2700,5,Focused,0.977,854,212,1050,377
2700,9,Focused,0.976,1525,400,1918,755
2700,3,Focused,0.586,791,268,1013,475
2730,11,Focused,0.663,49,313,270,623
2730,2,Focused,0.977,1598,234,1809,483
2730,1,Focused,0.975,1029,351,1406,736
2730,6,Focused,0.977,1263,241,1455,485
2730,4,Focused,0.977,587,239,767,463
2730,8,Focused,0.98,259,221,414,439
2730,12,Focused,0.973,277,319,613,660
2730,5,Focused,0.972,856,213,1050,376
2730,9,Focused,0.846,1523,406,1919,754
2730,3,Focused,0.646,792,267,1014,475
2760,11,Focused,0.601,49,313,272,637
2760,1,Focused,0.975,1037,351,1406,751
2760,2,Focused,0.977,1597,234,1810,484
2760,6,Focused,0.977,1266,241,1454,485
2760,4,Focused,0.978,587,238,769,461
2760,8,Focused,0.979,261,222,416,438
2760,5,Focused,0.974,854,213,1050,377
2760,12,Focused,0.969,270,322,614,666
2760,9,Focused,0.942,1526,409,1918,753
2760,3,Focused,0.602,792,268,1013,476
2790,11,Focused,0.643,49,314,272,640
2790,1,Focused,0.975,1021,349,1405,746
2790,2,Focused,0.978,1598,233,1808,484
2790,6,Focused,0.977,1271,241,1454,485
2790,4,Focused,0.977,587,238,769,459
2790,8,Focused,0.979,261,222,417,438
2790,5,Focused,0.976,855,213,1050,377
2790,12,Focused,0.973,273,324,615,662
2790,9,Focused,0.851,1538,399,1919,743
2790,3,Focused,0.599,793,268,1014,475
2820,11,Focused,0.682,49,314,272,639
2820,1,Focused,0.975,1007,367,1368,720
2820,2,Focused,0.979,1598,233,1813,484
2820,6,Focused,0.978,1251,241,1452,485
2820,4,Focused,0.977,588,239,766,458
2820,8,Focused,0.98,261,222,418,439
2820,12,Focused,0.975,277,321,615,663
2820,5,Focused,0.974,855,212,1050,376
2820,9,Focused,0.966,1528,410,1919,745
2820,3,Focused,0.534,791,268,1013,475
2850,11,Focused,0.724,49,311,276,634
2850,1,Focused,0.976,1021,349,1405,738
2850,6,Focused,0.977,1265,241,1448,483
2850,4,Focused,0.977,588,240,767,456
2850,2,Focused,0.979,1599,233,1813,480
2850,12,Focused,0.975,274,321,616,660
2850,8,Focused,0.98,263,220,414,438
2850,5,Focused,0.971,855,213,1050,377
2850,9,Focused,0.972,1526,410,1919,750
2850,3,Focused,0.657,792,268,1012,476
2880,1,Focused,0.976,1016,346,1406,746
2880,11,Focused,0.808,48,311,275,637
2880,2,Focused,0.979,1599,234,1815,486
2880,6,Focused,0.979,1273,242,1453,485
2880,4,Focused,0.979,586,238,768,458
2880,8,Focused,0.981,232,227,400,432
2880,12,Focused,0.975,279,316,616,659
2880,5,Focused,0.934,854,213,1050,379
2880,9,Focused,0.985,1532,408,1918,744
2880,3,Focused,0.673,791,268,1013,476
2910,11,Focused,0.868,49,313,276,639
2910,1,Focused,0.973,1028,355,1407,747
2910,2,Focused,0.98,1598,234,1813,484
2910,6,Focused,0.979,1265,241,1451,485
2910,4,Focused,0.98,586,239,767,458
2910,12,Focused,0.977,279,318,614,665
2910,5,Focused,0.978,855,213,1050,376
2910,8,Focused,0.981,232,227,404,436
2910,9,Focused,0.983,1530,408,1918,747
2910,3,Focused,0.735,792,268,1012,476
2940,2,Focused,0.982,1569,234,1810,493
2940,1,Focused,0.975,1025,351,1406,741
2940,6,Focused,0.979,1265,242,1454,485
2940,4,Focused,0.98,586,231,771,454
2940,5,Focused,0.979,854,209,1050,376
2940,12,Focused,0.978,278,319,613,663
2940,8,Focused,0.981,235,229,405,433
2940,11,Focused,0.954,0,407,257,1080
2940,9,Focused,0.98,1533,405,1919,745
2940,3,Focused,0.939,790,267,1013,476
2970,2,Focused,0.981,1567,235,1807,496
2970,1,Focused,0.979,1026,357,1407,744
2970,6,Focused,0.98,1261,243,1453,485
2970,4,Focused,0.98,552,227,784,455
2970,12,Focused,0.98,279,318,614,659
2970,8,Focused,0.98,232,230,399,433
2970,9,Focused,0.986,1547,399,1919,743
3000,2,Focused,0.98,1567,238,1805,496
3000,4,Focused,0.98,551,231,781,460
3000,6,Focused,0.979,1289,245,1453,485
3000,1,Focused,0.979,1039,335,1376,712
3000,11,Focused,0.958,65,336,291,641
3000,3,Focused,0.928,792,232,1034,466
3000,12,Focused,0.98,280,317,612,668
3000,8,Focused,0.98,233,237,391,434
3000,9,Focused,0.929,1509,408,1918,744
3030,2,Focused,0.974,1567,233,1809,490
3030,1,Focused,0.976,1040,339,1372,713
3030,4,Focused,0.978,553,230,783,460
3030,6,Focused,0.978,1280,250,1454,485
3030,11,Focused,0.977,69,335,290,642
3030,12,Focused,0.979,285,322,614,663
3030,8,Focused,0.978,237,223,408,434
3030,3,Focused,0.938,796,228,1032,462
3030,9,Focused,0.984,1516,407,1919,756
3030,13,Unknown,0.0,955,62,1164,509
3060,1,Focused,0.975,1048,345,1362,716
3060,2,Focused,0.978,1562,236,1789,486
3060,11,Focused,0.542,55,320,283,640
3060,6,Focused,0.978,1274,251,1454,486
3060,4,Focused,0.978,555,227,781,460
3060,8,Focused,0.98,269,220,414,436
3060,12,Focused,0.98,271,319,614,665
3060,5,Focused,0.977,918,188,1038,376
3060,3,Focused,0.742,790,259,1023,473
3060,9,Focused,0.961,1512,412,1919,741
3090,1,Focused,0.978,1046,345,1361,716
3090,11,Focused,0.525,54,321,281,638
3090,2,Focused,0.979,1561,236,1790,487
3090,5,Focused,0.98,908,212,1045,379
3090,6,Focused,0.978,1271,245,1454,485
3090,8,Focused,0.98,269,219,427,434
3090,3,Focused,0.76,794,245,1021,471
3090,9,Focused,0.979,1505,406,1918,742
3090,4,Focused,0.976,577,216,756,458
3090,12,Focused,0.98,268,331,590,649
3120,1,Focused,0.981,1046,347,1361,716
3120,2,Focused,0.982,1561,236,1791,487
3120,11,Focused,0.807,54,320,280,631
3120,5,Focused,0.976,902,211,1035,381
3120,6,Focused,0.979,1270,246,1454,486
3120,14,Unknown,0.0,1162,30,1408,359
3120,8,Focused,0.981,270,219,427,436
3120,4,Focused,0.979,562,226,761,456
3120,3,Focused,0.929,796,250,1023,473
3120,12,Focused,0.979,269,328,594,650
3120,9,Focused,0.985,1503,404,1918,744
3150,11,Focused,0.836,52,316,277,625
3150,2,Focused,0.976,1560,236,1744,484
3150,6,Focused,0.98,1273,249,1454,485
3150,1,Focused,0.981,1009,346,1364,715
3150,3,Focused,0.695,797,233,1047,478
3150,8,Focused,0.981,269,218,422,438
3150,5,Focused,0.975,906,203,1034,364
3150,4,Focused,0.979,568,221,749,462
3150,12,Focused,0.977,268,324,591,649
3150,9,Focused,0.949,1447,358,1919,732
3180,1,Focused,0.981,1044,352,1361,715
3180,13,Unknown,0.0,1060,181,1231,380
3180,11,Focused,0.883,52,319,274,629
3180,2,Focused,0.982,1560,236,1790,484
3180,12,Focused,0.968,284,345,653,703
3180,6,Focused,0.98,1270,247,1454,485
3180,8,Focused,0.981,269,218,442,435
3180,3,Focused,0.939,813,222,1045,475
3180,9,Focused,0.971,1448,418,1883,749
3180,4,Focused,0.982,566,223,750,460
3180,5,Focused,0.978,899,201,1033,363
3210,1,Focused,0.981,1044,350,1362,715
3210,11,Focused,0.602,56,329,282,639
3210,2,Focused,0.986,1560,236,1791,486
3210,3,Focused,0.961,782,245,1036,489
3210,6,Focused,0.982,1273,247,1454,486
3210,8,Focused,0.98,270,218,440,436
3210,9,Focused,0.974,1446,414,1877,749
3210,5,Focused,0.974,898,204,1033,379
3210,12,Focused,0.976,255,338,583,657
3210,4,Focused,0.804,567,221,754,457
3240,1,Focused,0.98,1044,353,1361,715
3240,2,Focused,0.985,1560,236,1789,482
3240,11,Focused,0.709,57,334,281,640
3240,3,Focused,0.978,784,241,1042,488
3240,5,Focused,0.978,899,204,1033,372
3240,6,Focused,0.98,1272,247,1454,485
3240,9,Focused,0.889,1445,419,1880,746
3240,8,Focused,0.98,269,218,444,436
3240,4,Focused,0.709,567,227,754,458
3240,12,Focused,0.979,252,339,579,659
3270,1,Focused,0.979,1044,353,1361,715
3270,11,Focused,0.834,53,323,281,639
3270,6,Focused,0.98,1271,247,1454,485
3270,3,Focused,0.981,783,251,1043,488
3270,9,Focused,0.959,1447,427,1888,750
3270,5,Focused,0.974,897,207,1033,371
3270,2,Focused,0.982,1582,230,1783,485
3270,8,Focused,0.98,269,217,445,436
3270,12,Focused,0.981,256,341,574,659
3270,4,Focused,0.772,566,226,755,458
3300,1,Focused,0.981,1045,354,1361,715
3300,11,Focused,0.759,57,315,281,635
3300,13,Unknown,0.0,1039,199,1268,381
3300,3,Focused,0.982,783,255,1044,493
3300,6,Focused,0.979,1270,246,1454,485
3300,9,Focused,0.984,1447,421,1865,751
3300,5,Focused,0.973,903,199,1036,377
3300,8,Focused,0.98,270,218,438,436
3300,12,Focused,0.981,256,335,577,659
3300,2,Focused,0.975,1582,230,1781,475
3300,4,Focused,0.552,567,226,755,457
3330,1,Focused,0.98,1045,352,1361,715
3330,2,Focused,0.985,1561,234,1791,484
3330,5,Focused,0.97,905,209,1043,380
3330,3,Focused,0.971,783,257,1043,489
3330,13,Unknown,0.0,1045,198,1268,381
3330,6,Focused,0.976,1271,245,1454,485
3330,8,Focused,0.98,270,218,441,435
3330,9,Focused,0.977,1446,427,1864,752
3330,12,Focused,0.953,254,339,576,658
3330,11,Focused,0.685,73,324,273,642
3330,4,Focused,0.635,565,227,754,458
3360,1,Focused,0.979,1045,345,1361,715
3360,2,Focused,0.984,1560,234,1790,483
3360,5,Focused,0.969,904,209,1043,379
3360,13,Focused,0.919,1047,201,1268,382
3360,3,Focused,0.894,783,254,1044,490
3360,6,Focused,0.976,1270,246,1453,485
3360,9,Focused,0.977,1447,427,1864,755
3360,8,Focused,0.981,270,218,432,436
3360,12,Focused,0.971,262,327,586,659
3360,4,Focused,0.699,566,226,754,458
3360,11,Focused,0.78,1,349,253,562
3390,2,Focused,0.974,1560,241,1797,481
3390,1,Focused,0.979,998,353,1372,729
3390,5,Focused,0.978,906,209,1043,380
3390,3,Focused,0.982,783,255,1043,489
3390,12,Focused,0.976,267,324,612,667
3390,6,Focused,0.978,1274,247,1454,485
3390,13,Focused,0.883,1050,198,1271,383
3390,9,Focused,0.978,1458,409,1861,725
3390,8,Focused,0.981,266,221,426,430
3390,4,Focused,0.914,566,226,754,458
3390,11,Focused,0.823,5,343,246,561
3420,2,Focused,0.98,1561,232,1792,485
3420,1,Focused,0.979,993,364,1404,750
3420,5,Focused,0.979,902,214,1043,378
3420,6,Focused,0.977,1252,247,1453,486
3420,12,Focused,0.977,269,319,608,673
3420,13,Focused,0.978,1046,194,1271,380
3420,3,Focused,0.967,785,256,1043,488
3420,9,Focused,0.954,1530,392,1869,721
3420,8,Focused,0.981,249,225,406,434
3420,4,Focused,0.97,566,225,754,458
3420,11,Focused,0.887,2,337,247,562
3450,1,Focused,0.979,997,359,1403,750
3450,5,Focused,0.98,900,214,1043,381
3450,2,Focused,0.978,1576,231,1791,490
3450,13,Focused,0.976,1047,194,1254,379
3450,6,Focused,0.974,1256,247,1453,486
3450,3,Focused,0.854,784,251,1044,487
3450,12,Focused,0.98,269,323,609,668
3450,8,Focused,0.98,250,227,413,434
3450,4,Focused,0.964,566,225,754,457
3450,9,Focused,0.986,1460,437,1870,735
3480,1,Focused,0.98,1003,355,1403,749
3480,2,Focused,0.981,1566,234,1789,489
3480,5,Focused,0.981,900,214,1043,380
3480,3,Focused,0.972,785,248,1043,487
3480,6,Focused,0.979,1262,247,1453,485
3480,12,Focused,0.979,264,318,582,649
3480,13,Focused,0.979,1048,197,1256,378
3480,8,Focused,0.98,255,224,404,434
3480,4,Focused,0.962,577,224,754,455
3480,9,Focused,0.958,1461,436,1869,739
3480,11,Focused,0.919,6,314,243,562
3510,1,Focused,0.965,995,356,1403,760
3510,2,Focused,0.866,1563,235,1791,485
3510,12,Focused,0.978,269,320,615,671
3510,3,Focused,0.682,785,242,1043,486
3510,13,Focused,0.969,1049,216,1257,377
3510,6,Focused,0.979,1257,246,1453,485
3510,9,Focused,0.981,1444,427,1868,745
3510,5,Focused,0.979,936,199,1035,369
3510,4,Focused,0.716,565,226,754,458
3510,8,Focused,0.979,272,218,423,434
3510,11,Focused,0.953,2,312,247,561
3540,1,Focused,0.962,1002,354,1404,750
3540,2,Focused,0.971,1563,234,1791,487
3540,3,Focused,0.958,785,252,1044,488
3540,12,Focused,0.979,270,317,609,668
3540,6,Focused,0.978,1261,245,1455,485
3540,5,Focused,0.98,918,200,1034,370
3540,13,Focused,0.974,1048,201,1256,378
3540,9,Focused,0.977,1444,430,1867,731
3540,8,Focused,0.98,273,218,405,434
3540,4,Focused,0.845,607,223,754,459
3540,11,Focused,0.739,1,311,247,569
3570,2,Focused,0.982,1562,235,1791,486
3570,4,Focused,0.906,557,226,779,459
3570,1,Focused,0.97,1010,353,1401,737
3570,12,Focused,0.979,270,315,608,669
3570,3,Focused,0.892,784,248,1042,489
3570,6,Focused,0.977,1269,247,1454,485
3570,5,Focused,0.979,911,201,1034,370
3570,8,Focused,0.98,274,213,414,438
3570,13,Focused,0.971,1048,194,1253,378
3570,9,Focused,0.979,1491,437,1919,741
3570,11,Focused,0.84,0,310,247,562
3600,1,Focused,0.976,1010,351,1402,739
3600,2,Focused,0.985,1566,233,1802,497
3600,4,Focused,0.922,560,232,781,458
3600,12,Focused,0.978,269,315,609,674
3600,3,Focused,0.94,787,245,1044,487
3600,5,Focused,0.97,916,203,1041,381
3600,6,Focused,0.977,1278,245,1454,485
3600,13,Focused,0.968,1044,199,1247,380
3600,8,Focused,0.98,277,216,405,437
3600,9,Focused,0.984,1493,418,1919,744
3600,11,Focused,0.924,0,311,248,588
3630,2,Focused,0.984,1566,233,1802,497
3630,1,Focused,0.978,1010,352,1402,740
3630,5,Focused,0.975,901,216,1042,380
3630,12,Focused,0.98,269,318,609,670
3630,6,Focused,0.978,1270,245,1452,482
3630,3,Focused,0.979,785,251,1043,490
3630,13,Focused,0.945,1044,199,1246,380
3630,4,Focused,0.974,562,229,748,456
3630,9,Focused,0.982,1534,403,1919,751
3630,8,Focused,0.98,275,216,436,438
3630,11,Focused,0.974,0,311,246,572
3660,1,Focused,0.975,1008,350,1400,760
3660,2,Focused,0.978,1569,233,1807,497
3660,4,Focused,0.968,560,230,749,459
3660,13,Focused,0.959,1044,194,1269,380
3660,5,Focused,0.977,902,216,1041,381
3660,3,Focused,0.982,782,257,1047,490
3660,12,Focused,0.979,269,318,610,670
3660,6,Focused,0.975,1260,249,1453,485
3660,9,Focused,0.905,1532,401,1919,754
3660,8,Focused,0.981,275,216,433,437
3690,4,Focused,0.933,563,230,779,455
3690,1,Focused,0.958,1004,362,1403,747
3690,2,Focused,0.97,1597,236,1804,484
3690,13,Focused,0.586,1044,198,1268,381
3690,5,Focused,0.976,903,216,1041,380
3690,6,Focused,0.971,1254,247,1453,486
3690,3,Focused,0.913,781,259,1045,490
3690,12,Focused,0.978,269,317,610,671
3690,8,Focused,0.979,276,216,433,437
3690,9,Focused,0.972,1498,411,1918,742
3690,15,Unknown,0.0,0,774,249,997
3720,4,Focused,0.869,563,229,778,456
3720,1,Focused,0.961,1008,361,1403,745
3720,13,Focused,0.635,1044,192,1250,378
3720,5,Focused,0.974,903,216,1042,379
3720,2,Focused,0.971,1598,236,1803,484
3720,6,Focused,0.969,1257,248,1447,482
3720,12,Focused,0.977,269,318,608,670
3720,3,Focused,0.926,781,258,1046,489
3720,15,Unknown,0.0,0,773,250,1011
3720,9,Focused,0.961,1500,416,1918,739
3720,8,Focused,0.98,277,216,434,437
3750,4,Focused,0.861,562,229,778,458
3750,1,Focused,0.957,1010,354,1403,741
3750,5,Focused,0.968,901,216,1041,380
3750,6,Focused,0.968,1263,248,1445,480
3750,13,Focused,0.857,1044,194,1246,377
3750,12,Focused,0.977,269,319,609,673
3750,3,Focused,0.558,780,256,1046,489
3750,2,Focused,0.974,1598,236,1792,480
3750,9,Focused,0.747,1530,370,1918,748
3750,8,Focused,0.98,276,215,437,438
3750,15,Unknown,0.0,0,773,249,1010
3780,4,Focused,0.821,564,230,777,458
3780,2,Focused,0.968,1569,236,1800,497
3780,1,Focused,0.96,1011,353,1401,739
3780,5,Focused,0.967,902,214,1040,379
3780,13,Focused,0.947,1043,193,1246,377
3780,6,Focused,0.97,1266,247,1453,485
3780,12,Focused,0.976,272,319,608,668
3780,8,Focused,0.98,276,215,432,437
3780,3,Focused,0.479,780,258,1052,474
3780,9,Focused,0.962,1535,394,1917,746
3780,15,Unknown,0.0,0,772,248,1009
3810,4,Focused,0.937,563,227,777,457
3810,2,Focused,0.976,1570,236,1801,495
3810,1,Focused,0.965,1012,355,1403,740
3810,13,Focused,0.957,1044,196,1246,379
3810,6,Focused,0.962,1263,249,1453,486
3810,5,Focused,0.956,900,215,1041,380
3810,12,Focused,0.976,270,317,609,669
3810,8,Focused,0.98,277,215,419,436
3810,9,Focused,0.909,1541,396,1919,744
3810,3,Focused,0.848,781,259,1053,473
3810,15,Focused,0.822,0,774,248,1010
3840,2,Focused,0.968,1569,236,1801,496
3840,4,Focused,0.958,565,232,778,456
3840,1,Focused,0.97,1011,355,1402,738
3840,13,Focused,0.827,1044,196,1246,379
3840,12,Focused,0.978,272,317,606,674
3840,6,Focused,0.973,1261,250,1453,486
3840,5,Focused,0.971,901,214,1041,380
3840,8,Focused,0.98,277,215,413,437
3840,9,Focused,0.971,1532,400,1918,747
3840,3,Focused,0.969,780,258,1053,473
3840,15,Focused,0.968,1,774,248,1011
3870,4,Focused,0.969,561,233,778,459
3870,2,Focused,0.974,1582,236,1802,488
3870,1,Focused,0.972,1011,351,1401,734
3870,13,Focused,0.855,1044,191,1271,380
3870,5,Focused,0.974,901,215,1041,381
3870,6,Focused,0.978,1264,249,1453,485
3870,12,Focused,0.979,270,318,608,670
3870,8,Focused,0.98,277,215,421,435
3870,9,Focused,0.976,1526,404,1919,746
3870,3,Focused,0.963,780,258,1053,473
3870,15,Focused,0.978,0,773,248,1012
3900,4,Focused,0.957,563,232,776,455
3900,2,Focused,0.973,1584,236,1801,488
3900,13,Focused,0.8,1044,194,1270,380
3900,5,Focused,0.965,906,214,1041,380
3900,1,Focused,0.972,1011,352,1402,737
3900,12,Focused,0.979,271,314,608,668
3900,6,Focused,0.975,1261,247,1453,485
3900,8,Focused,0.981,273,216,412,434
3900,9,Focused,0.979,1533,403,1918,754
3900,3,Focused,0.919,781,259,1052,473
3900,15,Focused,0.934,0,773,247,1011
3930,4,Focused,0.965,564,234,778,456
3930,2,Focused,0.975,1584,238,1801,488
3930,1,Focused,0.974,1012,351,1401,741
3930,5,Focused,0.951,902,214,1042,378
3930,13,Focused,0.958,1044,194,1269,379
3930,3,Focused,0.903,782,258,1044,490
3930,12,Focused,0.98,271,315,610,673
3930,6,Focused,0.978,1264,248,1454,485
3930,9,Focused,0.981,1520,405,1918,765
3930,8,Focused,0.981,269,215,412,433
3930,15,Focused,0.973,1,773,247,1010
3960,4,Focused,0.902,566,227,777,457
3960,2,Focused,0.96,1578,236,1804,498
3960,1,Focused,0.954,1011,355,1402,744
3960,13,Focused,0.855,1044,194,1269,379
3960,5,Focused,0.974,902,215,1042,379
3960,3,Focused,0.846,783,258,1043,490
3960,6,Focused,0.975,1257,246,1452,485
3960,12,Focused,0.979,269,316,608,670
3960,8,Focused,0.98,284,214,415,436
3960,9,Focused,0.951,1521,404,1918,771
3960,15,Focused,0.962,0,773,249,1009
3990,2,Focused,0.961,1567,236,1802,495
3990,1,Focused,0.97,1012,353,1406,753
3990,4,Focused,0.836,564,233,778,457
3990,13,Focused,0.972,1044,194,1272,379
3990,12,Focused,0.979,270,314,608,680
3990,5,Focused,0.971,902,215,1042,379
3990,3,Focused,0.855,782,258,1044,490
3990,6,Focused,0.977,1264,250,1452,484
3990,8,Focused,0.981,285,214,412,434
3990,9,Focused,0.921,1522,404,1920,771
3990,15,Focused,0.977,0,773,249,1011
4020,2,Focused,0.95,1567,236,1804,495
4020,4,Focused,0.885,565,234,777,456
4020,1,Focused,0.961,1004,350,1402,747
4020,5,Focused,0.98,901,215,1042,379
4020,13,Focused,0.968,1044,193,1271,380
4020,11,Focused,0.968,0,315,288,636
4020,6,Focused,0.976,1270,248,1453,484
4020,3,Focused,0.766,781,258,1043,490
4020,8,Focused,0.981,284,215,438,436
4020,9,Focused,0.759,1522,404,1919,751
4020,12,Focused,0.978,269,322,584,650
4050,2,Focused,0.962,1569,236,1803,496
4050,4,Focused,0.894,564,232,777,458
4050,13,Focused,0.97,1044,193,1270,379
4050,1,Focused,0.97,1010,349,1399,734
4050,5,Focused,0.981,901,216,1042,379
4050,6,Focused,0.973,1270,250,1454,484
4050,11,Focused,0.841,51,342,256,623
4050,3,Focused,0.843,782,259,1044,490
4050,8,Focused,0.981,284,214,443,435
4050,12,Focused,0.976,271,327,581,650
4050,9,Focused,0.937,1521,405,1919,749
4080,2,Focused,0.977,1567,236,1803,497
4080,4,Focused,0.971,564,233,776,457
4080,1,Focused,0.97,1008,350,1400,732
4080,13,Focused,0.974,1044,193,1271,379
4080,12,Focused,0.973,271,314,597,687
4080,5,Focused,0.98,901,213,1042,379
4080,6,Focused,0.964,1267,248,1451,483
4080,3,Focused,0.532,778,264,1044,490
4080,8,Focused,0.98,283,214,412,434
4080,11,Focused,0.918,63,337,261,624
4080,9,Focused,0.58,1518,404,1919,756
4110,4,Focused,0.955,564,233,776,456
4110,2,Focused,0.956,1596,236,1805,487
4110,13,Focused,0.976,1044,194,1271,381
4110,1,Focused,0.944,1009,346,1401,738
4110,5,Focused,0.981,901,215,1041,379
4110,6,Focused,0.971,1275,250,1453,484
4110,3,Focused,0.482,779,261,1044,490
4110,11,Focused,0.93,64,329,275,615
4110,8,Focused,0.979,283,214,456,434
4110,12,Focused,0.971,273,341,644,679
4110,9,Focused,0.842,1515,407,1919,739
4140,2,Focused,0.944,1561,235,1804,495
4140,4,Focused,0.946,565,233,778,456
4140,1,Focused,0.936,1008,354,1403,742
4140,5,Focused,0.981,901,215,1041,381
4140,13,Focused,0.975,1048,193,1266,381
4140,6,Focused,0.974,1265,250,1454,485
4140,3,Using Phone,0.706,783,252,1043,488
4140,8,Focused,0.977,282,214,457,434
4140,11,Focused,0.96,45,356,266,618
4140,12,Focused,0.96,276,345,647,674
4140,9,Focused,0.628,1515,407,1919,741
4170,4,Focused,0.953,565,230,778,456
4170,2,Focused,0.943,1579,236,1802,488
4170,5,Focused,0.981,904,215,1042,380
4170,1,Focused,0.941,1006,354,1403,737
4170,13,Focused,0.973,1045,193,1264,379
4170,3,Using Phone,0.448,784,252,1043,489
4170,6,Focused,0.975,1263,251,1456,486
4170,8,Focused,0.979,283,214,445,434
4170,11,Focused,0.859,62,343,277,642
4170,9,Focused,0.918,1526,399,1919,751
4170,12,Focused,0.968,271,333,647,675
4200,2,Focused,0.965,1581,235,1802,488
4200,1,Focused,0.966,1006,355,1400,745
4200,4,Focused,0.929,565,232,784,458
4200,5,Focused,0.98,903,217,1041,381
4200,13,Focused,0.974,1045,194,1266,381
4200,6,Focused,0.971,1261,251,1455,485
4200,3,Focused,0.632,794,257,1044,488
4200,11,Focused,0.954,63,342,276,642
4200,8,Focused,0.979,283,214,456,433
4200,12,Focused,0.973,270,342,647,676
4200,9,Focused,0.923,1535,402,1918,742
4230,4,Focused,0.937,565,232,779,456
4230,11,Focused,0.936,39,322,274,632
4230,2,Focused,0.969,1596,236,1804,484
4230,5,Focused,0.979,903,217,1041,381
4230,13,Focused,0.974,1044,193,1269,381
4230,1,Focused,0.932,1009,354,1399,730
4230,3,Focused,0.626,784,251,1045,488
4230,6,Focused,0.973,1265,250,1454,485
4230,8,Focused,0.979,284,214,452,433
4230,12,Focused,0.972,270,339,646,678
4230,9,Focused,0.954,1518,412,1919,748
4260,2,Focused,0.968,1597,236,1804,484
4260,11,Focused,0.548,35,324,258,621
4260,4,Focused,0.864,561,234,780,459
4260,5,Focused,0.977,901,216,1042,378
4260,1,Focused,0.973,1009,353,1403,731
4260,6,Focused,0.976,1267,251,1454,485
4260,3,Focused,0.942,787,252,1044,490
4260,8,Focused,0.979,283,214,453,433
4260,13,Focused,0.972,1045,198,1246,379
4260,9,Focused,0.972,1517,407,1918,754
4260,12,Focused,0.977,273,343,645,676
4290,4,Focused,0.799,562,234,784,459
4290,2,Focused,0.964,1595,236,1799,486
4290,5,Focused,0.975,902,216,1042,380
4290,1,Focused,0.971,1007,353,1401,733
4290,13,Focused,0.969,1045,193,1268,381
4290,3,Focused,0.962,792,258,1044,492
4290,11,Focused,0.772,65,331,274,617
4290,6,Focused,0.977,1265,250,1455,484
4290,8,Focused,0.979,285,215,458,432
4290,12,Focused,0.979,278,348,642,674
4290,9,Focused,0.973,1516,408,1919,755
4320,4,Focused,0.822,561,233,779,458
4320,2,Focused,0.95,1594,241,1794,485
4320,5,Focused,0.978,901,216,1042,381
4320,1,Focused,0.973,1009,352,1406,732
4320,11,Focused,0.787,63,331,272,616
4320,6,Focused,0.976,1263,251,1456,485
4320,13,Focused,0.939,1045,195,1252,377
4320,8,Focused,0.978,285,214,459,431
4320,9,Focused,0.979,1512,402,1918,766
4320,12,Focused,0.978,275,348,645,675
4320,3,Focused,0.856,784,249,1045,488
4350,2,Focused,0.974,1579,242,1798,488
4350,4,Focused,0.846,562,233,779,458
4350,5,Focused,0.974,902,217,1042,381
4350,13,Focused,0.924,1044,197,1248,379
4350,11,Focused,0.778,60,334,272,616
4350,1,Focused,0.976,1008,355,1401,733
4350,6,Focused,0.979,1264,250,1455,485
4350,8,Focused,0.979,284,214,454,434
4350,12,Focused,0.979,281,346,645,673
4350,9,Focused,0.981,1531,399,1918,757
4350,3,Focused,0.916,784,239,1044,488
4380,2,Focused,0.977,1572,242,1800,497
4380,13,Focused,0.962,1044,196,1244,378
4380,6,Focused,0.979,1243,246,1450,482
4380,11,Focused,0.868,57,332,267,616
4380,1,Focused,0.978,1008,353,1395,734
4380,5,Focused,0.978,901,216,1042,379
4380,8,Focused,0.979,284,214,458,434
4380,12,Focused,0.98,274,351,647,676
4380,4,Focused,0.909,562,229,752,458
4380,9,Focused,0.982,1533,399,1919,743
4380,16,Unknown,0.0,816,538,999,761
4380,3,Focused,0.98,782,250,1046,493
4410,4,Focused,0.714,560,230,754,458
4410,2,Focused,0.976,1596,241,1801,489
4410,11,Focused,0.778,15,359,265,644
4410,13,Focused,0.94,1045,196,1245,380
4410,5,Focused,0.976,900,214,1042,379
4410,6,Focused,0.976,1254,236,1451,484
4410,1,Focused,0.975,1006,351,1397,737
4410,8,Focused,0.979,284,214,456,434
4410,12,Focused,0.978,276,348,647,675
4410,9,Focused,0.978,1532,402,1919,745
4410,16,Unknown,0.0,812,537,999,761
4410,3,Focused,0.977,783,255,1045,490
4440,11,Focused,0.726,23,346,270,644
4440,2,Focused,0.979,1596,242,1803,484
4440,5,Focused,0.963,900,216,1042,379
4440,13,Focused,0.777,1044,197,1246,378
4440,1,Focused,0.979,1008,360,1398,741
4440,6,Focused,0.973,1249,234,1452,486
4440,4,Focused,0.826,562,230,755,459
4440,8,Focused,0.979,284,214,457,434
4440,12,Focused,0.979,276,348,647,672
4440,9,Focused,0.974,1522,409,1918,759
4440,16,Unknown,0.0,813,538,1000,761
4440,3,Focused,0.926,790,254,1045,490
4470,2,Focused,0.969,1596,242,1802,485
4470,4,Focused,0.803,560,233,785,459
4470,6,Focused,0.974,1249,233,1448,483
4470,1,Focused,0.981,1008,356,1397,733
4470,13,Focused,0.899,1044,199,1245,377
4470,11,Focused,0.695,29,343,279,645
4470,8,Focused,0.98,284,213,456,434
4470,5,Focused,0.958,926,216,1042,378
4470,12,Focused,0.979,278,348,647,673
4470,9,Focused,0.976,1524,407,1919,750
4470,16,Unknown,0.0,813,538,1003,761
4470,3,Focused,0.947,798,219,1037,480
4500,2,Focused,0.926,1596,242,1803,486
4500,6,Focused,0.963,1249,235,1448,483
4500,1,Focused,0.966,1011,355,1397,739
4500,11,Focused,0.717,30,339,282,644
4500,13,Focused,0.831,1044,199,1244,376
4500,4,Focused,0.519,563,224,785,456
4500,8,Focused,0.98,284,214,454,434
4500,9,Focused,0.968,1524,408,1918,771
4500,12,Focused,0.979,274,347,648,676
4500,5,Focused,0.899,913,215,1039,367
4500,16,Focused,0.641,780,537,1014,763
4500,3,Focused,0.967,820,222,1040,478
4530,11,Focused,0.673,26,333,273,642
4530,2,Focused,0.947,1597,242,1801,484
4530,1,Focused,0.968,1011,351,1396,738
4530,6,Focused,0.97,1250,240,1429,477
4530,4,Focused,0.539,563,224,786,456
4530,13,Focused,0.839,1044,197,1244,378
4530,8,Focused,0.98,284,214,452,435
4530,5,Focused,0.951,916,214,1041,375
4530,12,Focused,0.979,274,345,647,678
4530,9,Focused,0.978,1517,407,1919,756
4530,3,Focused,0.974,820,221,1042,472
4530,16,Focused,0.868,779,536,1013,763
4560,11,Focused,0.625,23,319,267,640
4560,1,Focused,0.97,1010,355,1398,753
4560,2,Focused,0.959,1596,242,1801,484
4560,4,Focused,0.701,563,228,786,457
4560,13,Focused,0.819,1043,199,1243,377
4560,8,Focused,0.98,283,214,459,434
4560,6,Focused,0.977,1255,230,1446,463
4560,9,Focused,0.976,1516,413,1919,755
4560,12,Focused,0.978,273,354,648,676
4560,5,Focused,0.95,903,210,1019,353
4560,3,Focused,0.982,815,232,1039,472
4560,16,Focused,0.872,780,537,1013,761
4590,11,Focused,0.596,24,313,273,643
4590,1,Focused,0.972,1007,358,1397,751
4590,4,Focused,0.836,560,233,788,458
4590,2,Focused,0.959,1585,241,1793,487
4590,13,Focused,0.97,1048,200,1243,379
4590,8,Focused,0.979,284,214,456,434
4590,12,Focused,0.979,281,345,650,673
4590,9,Focused,0.979,1519,418,1919,752
4590,5,Focused,0.936,930,206,1063,368
4590,6,Focused,0.979,1243,231,1422,445
4590,3,Focused,0.979,815,228,1038,474
4590,16,Focused,0.531,780,537,1013,762
4620,1,Focused,0.975,1007,366,1398,752
4620,2,Focused,0.97,1579,241,1792,489
4620,11,Focused,0.731,25,327,276,643
4620,4,Focused,0.927,561,227,787,461
4620,8,Focused,0.979,284,214,453,433
4620,13,Focused,0.977,1049,203,1243,377
4620,12,Focused,0.98,284,344,648,675
4620,6,Focused,0.981,1234,232,1424,475
4620,5,Focused,0.939,961,203,1061,358
4620,9,Focused,0.98,1517,399,1919,755
4620,16,Using Phone,0.456,781,537,1014,762
4620,3,Focused,0.98,815,223,1044,473
4650,1,Focused,0.977,1008,363,1397,752
4650,11,Focused,0.711,21,324,270,633
4650,2,Focused,0.975,1582,241,1790,489
4650,4,Focused,0.961,563,224,785,460
4650,12,Focused,0.978,290,339,649,673
4650,6,Focused,0.982,1236,231,1427,475
4650,13,Focused,0.982,1044,197,1252,377
4650,8,Focused,0.979,284,215,450,435
4650,9,Focused,0.979,1518,397,1919,756
4650,5,Focused,0.497,962,203,1059,360
4650,16,Looking Away,0.41,790,538,1012,762
4650,3,Focused,0.981,817,222,1044,474
4680,11,Focused,0.833,24,317,274,626
4680,2,Focused,0.976,1579,241,1791,490
4680,4,Focused,0.978,563,225,787,460
4680,1,Focused,0.978,1009,359,1398,736
4680,6,Focused,0.826,1240,231,1426,475
4680,12,Focused,0.979,288,339,642,675
4680,13,Focused,0.947,1044,199,1252,376
4680,8,Focused,0.979,285,215,454,432
4680,9,Focused,0.971,1519,401,1919,755
4680,5,Focused,0.778,940,204,1058,364
4680,16,Looking Away,0.402,788,538,1014,760
4680,3,Focused,0.976,812,234,1047,474
4710,11,Focused,0.929,24,318,271,640
4710,2,Focused,0.975,1573,247,1788,487
4710,1,Focused,0.977,1006,358,1398,753
4710,4,Focused,0.911,562,226,781,456
4710,12,Focused,0.979,285,333,647,674
4710,6,Focused,0.894,1241,231,1428,475
4710,8,Focused,0.979,285,214,449,433
4710,13,Focused,0.926,1049,199,1252,374
4710,9,Focused,0.979,1517,404,1919,751
4710,5,Focused,0.937,927,205,1057,385
4710,16,Focused,0.519,790,538,1010,762
4710,3,Focused,0.935,792,249,1041,492
4740,11,Focused,0.84,24,314,272,635
4740,2,Focused,0.974,1573,250,1784,490
4740,4,Focused,0.951,559,225,752,459
4740,1,Focused,0.974,1006,348,1397,754
4740,12,Focused,0.98,292,331,645,671
4740,13,Focused,0.891,1045,200,1252,377
4740,6,Focused,0.937,1249,235,1429,474
4740,5,Focused,0.982,929,200,1054,373
4740,8,Focused,0.979,285,214,446,432
4740,9,Focused,0.98,1526,397,1919,745
4740,16,Using Phone,0.574,788,537,1012,762
4770,2,Focused,0.976,1572,250,1786,489
4770,1,Focused,0.972,1009,351,1398,740
4770,4,Focused,0.96,566,232,755,453
4770,13,Focused,0.935,1043,200,1252,378
4770,6,Focused,0.941,1250,232,1428,474
4770,11,Focused,0.87,1,354,277,621
4770,12,Focused,0.979,280,340,648,677
4770,5,Focused,0.975,932,65,1083,373
4770,8,Focused,0.979,285,214,455,433
4770,9,Focused,0.978,1522,403,1918,774
4770,16,Using Phone,0.763,789,537,1014,762
4800,2,Focused,0.977,1572,250,1787,490
4800,1,Focused,0.964,1003,356,1398,758
4800,11,Focused,0.963,0,350,274,637
4800,13,Focused,0.94,1041,205,1251,379
4800,4,Focused,0.96,566,231,754,455
4800,6,Focused,0.948,1245,240,1429,474
4800,8,Focused,0.98,285,215,459,431
4800,12,Focused,0.978,276,346,648,678
4800,9,Focused,0.911,1521,403,1918,757
4800,5,Focused,0.939,811,138,1005,347
4800,16,Using Phone,0.55,791,537,1010,761
4830,4,Focused,0.954,559,234,747,463
4830,2,Focused,0.982,1571,250,1788,490
4830,11,Focused,0.97,0,335,242,638
4830,5,Focused,0.756,852,62,1115,457
4830,1,Focused,0.78,1009,354,1396,738
4830,12,Focused,0.978,279,340,650,678
4830,6,Focused,0.971,1250,238,1425,475
4830,13,Focused,0.976,1116,203,1252,352
4830,8,Focused,0.98,285,214,454,432
4830,9,Focused,0.607,1516,406,1919,737
4830,16,Focused,0.764,790,539,1013,762
4830,3,Focused,0.943,783,264,1051,492
4860,2,Focused,0.975,1570,250,1787,489
4860,11,Focused,0.867,0,344,255,637
4860,4,Focused,0.871,561,236,781,459
4860,12,Focused,0.979,278,343,650,679
4860,8,Focused,0.979,285,215,454,433
4860,6,Focused,0.932,1253,233,1435,476
4860,13,Focused,0.921,1135,198,1243,343
4860,1,Focused,0.965,1013,353,1397,735
4860,9,Focused,0.925,1517,406,1919,741
4860,5,Focused,0.969,939,115,1164,641
4860,3,Focused,0.956,782,271,987,491
4860,16,Focused,0.514,790,536,985,761
4890,2,Focused,0.973,1570,250,1787,490
4890,13,Focused,0.935,1036,199,1243,378
4890,4,Focused,0.767,565,238,779,458
4890,1,Focused,0.976,1010,351,1398,738
4890,11,Focused,0.554,0,266,388,1080
4890,8,Focused,0.978,284,214,456,432
4890,12,Focused,0.974,276,340,650,679
4890,6,Focused,0.868,1250,233,1437,480
4890,16,Focused,0.679,800,536,1009,763
4890,9,Focused,0.973,1517,405,1919,740
4920,2,Focused,0.975,1570,250,1787,489
4920,13,Focused,0.967,1037,199,1243,379
4920,1,Focused,0.977,1008,350,1397,743
4920,4,Focused,0.876,568,237,779,456
4920,6,Focused,0.938,1247,233,1436,480
4920,8,Focused,0.98,283,212,456,434
4920,12,Focused,0.978,278,342,651,678
4920,16,Using Phone,0.781,800,538,1010,764
4920,9,Focused,0.978,1517,403,1919,740
4950,2,Focused,0.978,1568,252,1789,491
4950,13,Focused,0.985,1037,197,1243,380
4950,11,Focused,0.653,5,334,275,638
4950,4,Focused,0.951,568,238,779,455
4950,1,Focused,0.979,997,347,1400,728
4950,8,Focused,0.98,285,214,453,434
4950,12,Focused,0.98,277,340,650,678
4950,6,Focused,0.969,1248,232,1436,479
4950,16,Focused,0.512,800,537,1009,762
4950,9,Focused,0.976,1518,404,1919,721
4980,2,Focused,0.977,1567,252,1790,490
4980,11,Focused,0.73,19,334,272,639
4980,1,Focused,0.976,995,348,1396,759
4980,13,Focused,0.974,1038,196,1244,379
4980,4,Focused,0.894,567,236,779,456
4980,6,Focused,0.955,1256,243,1438,478
4980,8,Focused,0.979,285,214,455,434
4980,12,Focused,0.978,279,345,649,678
4980,16,Focused,0.757,800,537,1008,762
4980,9,Focused,0.977,1530,410,1919,732
5010,2,Focused,0.974,1567,251,1791,490
5010,11,Focused,0.541,22,334,269,640
5010,1,Focused,0.976,995,353,1397,756
5010,13,Focused,0.96,1038,197,1243,378
5010,4,Focused,0.923,568,236,777,455
5010,12,Focused,0.976,290,339,651,674
5010,6,Focused,0.929,1246,233,1434,479
5010,8,Focused,0.98,286,214,452,434
5010,16,Focused,0.838,801,538,1007,763
5010,9,Focused,0.972,1530,411,1919,732
5010,3,Focused,0.908,764,295,1057,492
5040,2,Focused,0.972,1567,251,1785,490
5040,11,Focused,0.708,23,332,270,640
5040,1,Focused,0.971,994,350,1397,756
5040,13,Focused,0.958,1037,197,1243,379
5040,4,Focused,0.872,569,237,777,458
5040,6,Focused,0.916,1249,233,1433,480
5040,12,Focused,0.972,290,340,644,675
5040,8,Focused,0.979,285,214,452,435
5040,16,Focused,0.961,802,537,1009,763
5040,9,Focused,0.971,1527,399,1918,757
5070,11,Focused,0.909,21,344,270,642
5070,2,Focused,0.975,1567,250,1791,490
5070,1,Focused,0.977,994,352,1396,756
5070,13,Focused,0.952,1037,197,1243,379
5070,4,Focused,0.897,570,238,777,463
5070,6,Focused,0.948,1248,233,1434,479
5070,8,Focused,0.979,286,214,440,435
5070,16,Focused,0.968,801,537,1009,763
5070,9,Focused,0.972,1526,376,1904,746
5070,12,Focused,0.972,292,325,643,674
5100,2,Focused,0.975,1568,250,1784,490
5100,11,Focused,0.803,22,334,271,642
5100,1,Focused,0.977,1014,347,1401,744
5100,13,Focused,0.956,1037,197,1243,379
5100,4,Focused,0.877,570,238,776,458
5100,8,Focused,0.979,283,214,453,435
5100,6,Focused,0.956,1275,230,1434,478
5100,16,Focused,0.919,803,537,1010,763
5100,9,Focused,0.957,1532,391,1918,751
5100,12,Focused,0.972,292,342,653,672
5130,2,Focused,0.976,1564,250,1785,490
5130,11,Focused,0.852,23,338,272,642
5130,13,Focused,0.961,1037,197,1243,379
5130,1,Focused,0.978,1004,358,1399,736
5130,6,Focused,0.944,1248,230,1433,478
5130,4,Focused,0.898,569,234,776,458
5130,12,Focused,0.979,288,342,652,677
5130,8,Focused,0.979,285,214,454,435
5130,16,Focused,0.923,804,537,1010,763
5130,9,Focused,0.973,1530,393,1918,746
5160,2,Focused,0.979,1564,251,1783,490
5160,11,Focused,0.925,23,335,272,643
5160,13,Focused,0.967,1037,196,1243,379
5160,4,Focused,0.933,568,240,776,459
5160,1,Focused,0.978,1010,352,1399,737
5160,8,Focused,0.98,286,214,448,434
5160,12,Focused,0.98,289,334,653,676
5160,6,Focused,0.949,1253,233,1434,479
5160,16,Focused,0.878,802,538,1008,764
5160,9,Focused,0.968,1529,394,1918,750
5190,2,Focused,0.978,1564,250,1782,489
5190,13,Focused,0.975,1036,198,1244,379
5190,11,Focused,0.702,31,344,283,643
5190,1,Focused,0.978,1013,353,1394,744
5190,4,Focused,0.876,569,236,776,459
5190,12,Focused,0.98,286,306,643,680
5190,6,Focused,0.926,1254,232,1434,478
5190,8,Focused,0.98,286,214,415,435
5190,16,Using Phone,0.601,803,538,1009,764
5190,9,Focused,0.977,1530,393,1918,750
5220,2,Focused,0.979,1564,250,1781,490
5220,12,Focused,0.981,287,279,648,651
5220,13,Focused,0.98,1037,197,1244,380
5220,11,Focused,0.866,31,339,281,644
5220,1,Focused,0.978,1009,345,1392,736
5220,4,Focused,0.935,569,239,777,458
5220,6,Focused,0.932,1260,235,1434,478
5220,16,Using Phone,0.623,803,538,1009,764
5220,8,Focused,0.98,285,214,400,436
5220,9,Focused,0.979,1531,390,1918,744
5250,2,Focused,0.977,1564,250,1784,490
5250,12,Focused,0.981,289,282,651,651
5250,11,Focused,0.775,25,326,278,641
5250,13,Focused,0.977,1037,197,1244,380
5250,4,Focused,0.929,569,239,779,457
5250,1,Focused,0.978,1010,350,1392,735
5250,6,Focused,0.943,1254,232,1433,480
5250,16,Focused,0.659,805,538,1008,764
5250,9,Focused,0.977,1529,395,1918,752
5250,8,Focused,0.98,286,214,402,435
5280,2,Focused,0.977,1547,251,1784,489
5280,12,Focused,0.981,288,280,623,647
5280,11,Focused,0.821,28,335,278,641
5280,13,Focused,0.976,1038,196,1243,380
5280,1,Focused,0.979,1010,351,1393,743
5280,4,Focused,0.96,569,235,785,458
5280,8,Focused,0.981,238,218,407,432
5280,6,Focused,0.974,1252,231,1434,479
5280,16,Focused,0.796,803,538,1010,762
5280,9,Focused,0.98,1534,393,1919,743
5310,2,Focused,0.978,1563,253,1785,491
5310,12,Focused,0.983,288,286,624,647
5310,11,Focused,0.896,28,332,278,642
5310,13,Focused,0.982,1037,197,1244,380
5310,1,Focused,0.978,1012,352,1393,736
5310,4,Focused,0.975,572,232,786,457
5310,6,Focused,0.981,1252,230,1434,479
5310,16,Using Phone,0.732,798,538,1010,762
5310,8,Focused,0.983,238,226,403,435
5310,9,Focused,0.981,1533,394,1918,744
5340,2,Focused,0.973,1563,253,1770,490
5340,12,Focused,0.984,289,286,623,647
5340,11,Focused,0.806,25,329,276,641
5340,1,Focused,0.972,1002,349,1393,757
5340,13,Focused,0.948,1037,200,1243,380
5340,4,Focused,0.925,568,232,786,458
5340,9,Focused,0.966,1527,382,1919,761
5340,6,Focused,0.932,1250,230,1434,479
5340,16,Looking Away,0.652,798,538,1010,762
5340,8,Focused,0.941,234,225,404,435
5370,2,Focused,0.975,1563,253,1785,490
5370,12,Focused,0.985,290,285,623,647
5370,11,Focused,0.824,41,330,279,639
5370,13,Focused,0.97,1036,198,1243,379
5370,1,Focused,0.962,1004,347,1393,756
5370,4,Focused,0.942,569,236,785,458
5370,6,Focused,0.971,1254,231,1434,479
5370,8,Focused,0.897,239,225,405,435
5370,9,Focused,0.973,1539,396,1919,749
5370,16,Focused,0.431,807,538,1001,764
5400,2,Focused,0.972,1563,252,1785,491
5400,1,Focused,0.907,1002,353,1392,756
5400,12,Focused,0.983,291,286,624,647
5400,13,Focused,0.933,1038,216,1246,380
5400,6,Focused,0.961,1253,236,1450,485
5400,4,Focused,0.969,569,238,785,461
5400,11,Focused,0.776,55,329,286,642
5400,16,Focused,0.864,813,538,1003,763
5400,9,Focused,0.973,1532,393,1919,744
5400,8,Focused,0.8,237,226,405,435
5430,2,Focused,0.971,1563,251,1786,490
5430,12,Focused,0.982,293,285,626,648
5430,13,Focused,0.862,1036,197,1263,382
5430,1,Focused,0.973,1003,329,1352,707
5430,6,Focused,0.968,1271,241,1451,484
5430,4,Focused,0.983,569,236,786,459
5430,11,Focused,0.788,64,339,294,643
5430,9,Focused,0.973,1534,396,1918,778
5430,16,Focused,0.935,801,538,1009,757
5430,8,Focused,0.779,239,225,404,436
5460,12,Focused,0.975,291,286,626,647
5460,2,Focused,0.974,1525,248,1788,496
5460,13,Focused,0.958,1037,200,1265,381
5460,4,Focused,0.94,570,235,784,456
5460,1,Focused,0.974,990,338,1347,709
5460,6,Focused,0.98,1263,241,1446,499
5460,11,Focused,0.814,64,337,294,641
5460,9,Focused,0.972,1531,395,1918,756
5460,8,Focused,0.734,237,226,404,436
5460,16,Focused,0.9,803,538,1007,757
5490,2,Focused,0.972,1561,248,1792,498
5490,12,Focused,0.931,290,285,626,647
5490,13,Focused,0.895,1035,200,1267,380
5490,6,Focused,0.958,1255,241,1451,485
5490,11,Focused,0.867,69,343,293,641
5490,4,Focused,0.93,572,236,784,458
5490,1,Focused,0.973,990,342,1343,712
5490,8,Focused,0.649,237,225,405,436
5490,9,Focused,0.973,1532,397,1919,746
5490,16,Focused,0.802,803,538,1008,759
5490,3,Focused,0.776,790,254,1046,491
5520,12,Focused,0.958,289,286,627,648
5520,11,Focused,0.945,48,318,278,639
5520,2,Focused,0.97,1594,248,1790,488
5520,13,Focused,0.732,1037,194,1259,380
5520,4,Focused,0.961,572,238,784,458
5520,6,Focused,0.964,1261,243,1451,485
5520,1,Focused,0.975,1015,340,1347,712
5520,9,Focused,0.975,1524,396,1919,753
5520,16,Focused,0.937,803,538,1008,759
5520,8,Focused,0.696,234,225,405,435
5550,12,Focused,0.953,292,287,628,647
5550,11,Focused,0.873,28,317,273,638
5550,2,Focused,0.978,1594,248,1791,489
5550,13,Focused,0.974,1051,193,1251,380
5550,6,Focused,0.971,1256,241,1451,485
5550,4,Focused,0.952,571,238,784,457
5550,1,Focused,0.976,1025,345,1344,710
5550,16,Focused,0.951,804,537,1006,759
5550,8,Focused,0.591,229,224,405,435
5550,9,Focused,0.984,1512,395,1918,745
5580,12,Focused,0.967,295,289,629,648
5580,11,Focused,0.847,29,313,271,637
5580,2,Focused,0.985,1594,247,1788,486
5580,6,Focused,0.977,1256,241,1451,485
5580,1,Focused,0.976,1036,349,1344,710
5580,13,Focused,0.976,1051,193,1250,380
5580,4,Focused,0.952,571,238,783,458
5580,16,Focused,0.949,803,538,1008,759
5580,9,Focused,0.751,1530,390,1918,739
5580,8,Focused,0.566,256,212,406,430
5610,12,Focused,0.96,295,290,630,647
5610,11,Focused,0.743,29,311,272,638
5610,2,Focused,0.981,1593,247,1793,489
5610,6,Focused,0.973,1255,240,1451,484
5610,4,Focused,0.898,571,239,784,458
5610,13,Focused,0.972,1051,193,1250,379
5610,1,Focused,0.956,1022,347,1345,711
5610,9,Focused,0.941,1516,405,1919,769
5610,16,Focused,0.927,803,537,1007,758
5610,8,Focused,0.59,246,222,405,431
5640,12,Focused,0.97,296,289,630,647
5640,11,Focused,0.827,34,310,276,638
5640,2,Focused,0.985,1593,247,1795,485
5640,1,Focused,0.957,1039,341,1344,711
5640,6,Focused,0.975,1255,241,1451,485
5640,13,Focused,0.966,1051,193,1250,380
5640,4,Focused,0.913,572,238,784,457
5640,16,Focused,0.963,803,537,1008,758
5640,8,Focused,0.848,234,223,406,433
5640,9,Focused,0.983,1521,402,1919,748
5670,12,Focused,0.983,297,292,631,648
5670,2,Focused,0.985,1595,248,1796,486
5670,11,Focused,0.909,32,313,277,642
5670,13,Focused,0.977,1050,193,1251,380
5670,6,Focused,0.976,1257,241,1451,485
5670,1,Focused,0.969,1040,342,1344,711
5670,4,Focused,0.935,568,233,783,459
5670,16,Focused,0.971,803,538,1002,758
5670,9,Focused,0.981,1509,404,1918,738
5670,8,Focused,0.968,243,225,405,428
5700,1,Focused,0.977,1000,338,1410,760
5700,12,Focused,0.979,298,292,624,647
5700,2,Focused,0.985,1595,248,1796,485
5700,11,Focused,0.959,33,314,274,638
5700,6,Focused,0.978,1274,241,1454,485
5700,13,Focused,0.968,1050,193,1247,378
5700,8,Focused,0.983,232,227,405,431
5700,4,Focused,0.963,568,234,698,377
5700,9,Focused,0.942,1510,401,1918,739
5700,3,Focused,0.564,886,258,1046,494
5730,11,Focused,0.944,31,312,272,639
5730,2,Focused,0.981,1595,248,1793,485
5730,12,Focused,0.97,296,296,631,646
5730,4,Focused,0.955,572,236,783,457
5730,6,Focused,0.979,1267,241,1452,483
5730,1,Focused,0.979,1029,347,1410,739
5730,8,Focused,0.979,228,230,413,432
5730,13,Focused,0.983,1135,194,1249,346
5730,9,Focused,0.982,1510,400,1917,738
5730,5,Focused,0.97,925,184,1161,670
5730,3,Using Phone,0.447,788,245,961,490
5730,16,Focused,0.979,804,538,943,759
5760,12,Focused,0.963,297,296,631,647
5760,6,Focused,0.979,1265,253,1468,484
5760,11,Focused,0.957,34,320,274,638
5760,1,Focused,0.98,975,362,1350,721
5760,4,Focused,0.977,572,238,780,458
5760,2,Focused,0.982,1595,249,1792,487
5760,5,Focused,0.979,1030,74,1243,491
5760,8,Focused,0.979,229,227,405,431
5760,9,Focused,0.956,1512,400,1918,739
5760,16,Focused,0.979,786,538,990,786
5760,3,Focused,0.66,779,244,1041,493
5790,12,Focused,0.977,297,296,631,648
5790,2,Focused,0.983,1593,248,1793,487
5790,6,Focused,0.977,1245,241,1453,484
5790,11,Focused,0.964,37,312,277,640
5790,1,Focused,0.977,984,383,1358,725
5790,13,Focused,0.981,1050,193,1253,382
5790,4,Focused,0.986,572,238,790,458
5790,9,Focused,0.903,1509,400,1918,736
5790,8,Focused,0.98,230,228,405,431
5790,16,Focused,0.969,766,539,984,826
5790,3,Focused,0.908,800,214,1053,486
5820,12,Focused,0.983,297,296,631,647
5820,6,Focused,0.98,1245,242,1457,486
5820,2,Focused,0.984,1592,250,1795,480
5820,1,Focused,0.977,983,380,1357,724
5820,13,Focused,0.971,1050,193,1253,381
5820,11,Focused,0.972,52,335,296,615
5820,4,Focused,0.984,573,236,791,452
5820,9,Focused,0.784,1510,404,1918,748
5820,8,Focused,0.98,282,213,404,434
5820,3,Focused,0.968,783,213,1053,488
5820,16,Focused,0.556,766,537,983,827
5850,12,Focused,0.981,297,297,633,647
5850,1,Focused,0.97,984,372,1358,724
5850,2,Focused,0.985,1594,248,1797,487
5850,6,Focused,0.98,1249,240,1453,485
5850,4,Focused,0.939,572,233,776,458
5850,13,Focused,0.975,1053,192,1259,380
5850,11,Focused,0.908,9,380,290,613
5850,9,Focused,0.968,1515,401,1918,759
5850,16,Using Phone,0.677,770,541,986,803
5850,8,Focused,0.98,282,214,401,432
5850,3,Focused,0.985,796,212,1072,501
5880,2,Focused,0.983,1594,248,1795,487
5880,1,Focused,0.961,984,378,1358,724
5880,6,Focused,0.979,1248,241,1454,485
5880,13,Focused,0.965,1054,194,1260,382
5880,12,Focused,0.968,293,281,627,647
5880,11,Focused,0.87,35,343,286,613
5880,4,Focused,0.872,567,239,777,457
5880,17,Unknown,0.0,922,202,1051,377
5880,9,Focused,0.981,1525,401,1919,749
5880,8,Focused,0.98,282,214,411,432
5880,16,Focused,0.59,791,539,988,811
5880,3,Focused,0.979,816,218,1045,473
5910,12,Focused,0.965,294,285,653,650
5910,11,Focused,0.865,62,330,272,662
5910,1,Focused,0.965,986,377,1414,749
5910,2,Focused,0.98,1594,248,1795,488
5910,13,Focused,0.955,1053,194,1260,381
5910,6,Focused,0.979,1247,241,1453,485
5910,4,Focused,0.918,564,233,779,456
5910,9,Focused,0.984,1534,404,1919,744
5910,17,Unknown,0.0,973,258,1052,375
5910,8,Focused,0.981,279,212,403,437
5910,16,Focused,0.951,789,538,987,817
5910,3,Focused,0.977,806,221,1051,478
5940,12,Focused,0.978,294,285,652,650
5940,1,Focused,0.966,997,363,1404,738
5940,2,Focused,0.982,1593,248,1795,489
5940,6,Focused,0.98,1253,240,1454,485
5940,13,Focused,0.973,1056,185,1279,377
5940,11,Focused,0.826,78,324,316,614
5940,4,Focused,0.939,568,236,782,458
5940,17,Unknown,0.0,974,258,1053,377
5940,9,Focused,0.983,1545,403,1919,742
5940,8,Focused,0.982,283,212,399,439
5940,16,Focused,0.981,789,538,987,821
5940,3,Focused,0.978,810,221,1051,477
5970,1,Focused,0.969,994,367,1404,751
5970,12,Focused,0.975,295,283,651,650
5970,11,Focused,0.851,73,324,315,613
5970,2,Focused,0.984,1593,248,1794,490
5970,6,Focused,0.979,1253,243,1453,485
5970,13,Focused,0.977,1055,198,1250,376
5970,4,Focused,0.928,570,236,784,456
5970,17,Unknown,0.0,973,258,1053,379
5970,9,Focused,0.983,1545,398,1919,743
5970,8,Focused,0.984,282,213,401,443
5970,16,Focused,0.986,794,538,986,817
5970,3,Focused,0.975,813,220,1051,478
6000,12,Focused,0.987,301,285,652,650
6000,1,Focused,0.974,992,367,1405,747
6000,11,Focused,0.933,75,323,315,613
6000,2,Focused,0.985,1594,248,1795,487
6000,6,Focused,0.98,1251,240,1453,486
6000,4,Focused,0.965,568,236,783,462
6000,13,Focused,0.978,1054,198,1252,375
6000,9,Focused,0.95,1538,404,1919,743
6000,8,Focused,0.951,282,213,399,439
6000,17,Focused,0.982,976,258,1054,376
6000,16,Focused,0.984,791,538,986,823
6000,3,Focused,0.978,808,225,1051,476
6030,1,Focused,0.977,992,365,1405,744
6030,12,Focused,0.986,298,284,652,650
6030,2,Focused,0.986,1593,248,1797,487
6030,6,Focused,0.979,1252,242,1453,486
6030,4,Focused,0.984,568,239,783,459
6030,13,Focused,0.978,1054,199,1250,375
6030,17,Focused,0.981,915,216,1055,378
6030,11,Focused,0.971,67,324,316,613
6030,9,Focused,0.98,1530,405,1919,757
6030,8,Focused,0.985,283,214,402,437
6030,16,Focused,0.98,791,538,987,822
6030,3,Focused,0.979,813,227,1051,479
6060,12,Focused,0.986,297,285,652,650
6060,1,Focused,0.977,995,367,1404,741
6060,6,Focused,0.98,1245,243,1453,486
6060,2,Focused,0.986,1593,248,1795,489
6060,13,Focused,0.978,1053,197,1250,377
6060,4,Focused,0.984,569,236,784,463
6060,17,Focused,0.981,897,203,1042,371
6060,11,Focused,0.978,71,325,315,612
6060,9,Focused,0.983,1531,406,1919,749
6060,8,Focused,0.985,282,214,400,435
6060,16,Focused,0.982,791,538,988,822
6060,3,Focused,0.979,817,231,1052,479
6090,2,Focused,0.987,1566,247,1794,495
6090,6,Focused,0.979,1250,243,1453,485
6090,1,Focused,0.968,998,363,1404,737
6090,12,Focused,0.985,297,283,642,649
6090,13,Focused,0.958,1049,204,1278,378
6090,17,Focused,0.979,904,214,1047,377
6090,4,Focused,0.98,570,238,785,457
6090,9,Focused,0.967,1529,405,1919,753
6090,11,Focused,0.98,79,325,316,612
6090,8,Focused,0.983,283,213,403,435
6090,16,Focused,0.978,791,539,986,822
6090,3,Focused,0.974,819,230,1053,472
6120,6,Focused,0.979,1228,242,1453,486
6120,2,Focused,0.986,1581,247,1796,487
6120,12,Focused,0.984,297,286,641,648
6120,1,Focused,0.975,976,399,1347,728
6120,13,Focused,0.942,1043,204,1278,386
6120,4,Focused,0.971,569,235,784,459
6120,11,Focused,0.98,68,325,315,612
6120,9,Focused,0.974,1538,402,1919,741
6120,8,Focused,0.974,282,213,401,436
6120,17,Focused,0.98,969,257,1037,364
6120,16,Focused,0.977,790,538,981,823
6150,2,Focused,0.985,1562,247,1793,498
6150,6,Focused,0.979,1245,242,1453,485
6150,12,Focused,0.978,297,288,642,648
6150,1,Focused,0.972,995,364,1397,739
6150,13,Focused,0.922,1047,204,1277,379
6150,4,Focused,0.963,570,231,785,457
6150,11,Focused,0.819,88,324,315,612
6150,9,Focused,0.982,1531,407,1919,749
6150,8,Focused,0.937,281,213,402,436
6150,17,Focused,0.98,971,260,1045,379
6150,16,Focused,0.918,791,539,986,822
6180,2,Focused,0.984,1562,248,1792,497
6180,6,Focused,0.98,1244,242,1453,485
6180,1,Focused,0.978,994,363,1396,734
6180,12,Focused,0.975,296,283,625,647
6180,13,Focused,0.973,1047,203,1276,380
6180,4,Focused,0.948,569,230,771,455
6180,11,Focused,0.731,91,323,315,612
6180,9,Focused,0.941,1531,406,1919,761
6180,8,Focused,0.942,282,214,405,434
6180,17,Focused,0.98,976,263,1045,374
6180,16,Focused,0.968,792,538,984,821
6180,18,Unknown,0.0,826,270,893,373
6180,3,Focused,0.976,813,220,1051,477
6210,4,Focused,0.96,578,233,776,456
6210,2,Focused,0.985,1562,249,1792,498
6210,6,Focused,0.979,1242,242,1453,486
6210,1,Focused,0.976,995,363,1399,742
6210,12,Focused,0.974,295,285,645,649
6210,13,Focused,0.979,1047,200,1275,382
6210,11,Focused,0.788,91,324,318,612
6210,9,Focused,0.838,1531,408,1919,749
6210,17,Focused,0.979,968,261,1045,375
6210,8,Focused,0.966,282,215,402,432
6210,16,Focused,0.981,793,539,984,823
6210,3,Focused,0.978,813,223,1051,478
6210,18,Unknown,0.0,827,283,894,372
6240,4,Focused,0.967,573,236,775,457
6240,2,Focused,0.979,1561,257,1792,495
6240,6,Focused,0.976,1244,240,1451,485
6240,12,Focused,0.979,295,285,644,649
6240,1,Focused,0.973,996,364,1394,737
6240,13,Focused,0.977,1047,197,1271,381
6240,11,Focused,0.815,92,323,318,612
6240,8,Focused,0.955,282,215,397,434
6240,17,Focused,0.977,987,268,1046,372
6240,9,Focused,0.973,1490,418,1918,741
6240,16,Focused,0.984,789,539,987,825
6240,18,Unknown,0.0,827,270,903,373
6240,3,Focused,0.978,810,222,1051,477
6270,2,Focused,0.982,1561,257,1791,494
6270,12,Focused,0.984,294,285,645,649
6270,13,Focused,0.978,1048,195,1269,380
6270,1,Focused,0.977,994,363,1393,735
6270,6,Focused,0.977,1242,244,1452,485
6270,11,Focused,0.78,91,323,319,612
6270,4,Focused,0.969,633,231,760,450
6270,8,Focused,0.898,282,215,398,432
6270,17,Focused,0.978,979,265,1045,375
6270,9,Focused,0.932,1489,419,1918,737
6270,16,Focused,0.985,789,539,985,825
6270,18,Unknown,0.0,827,270,897,372
6270,3,Focused,0.976,822,224,1050,477
6300,2,Focused,0.982,1562,250,1793,496
6300,1,Focused,0.975,995,363,1393,742
6300,12,Focused,0.978,295,288,644,650
6300,6,Focused,0.977,1242,243,1452,486
6300,13,Focused,0.977,1047,200,1270,378
6300,11,Focused,0.843,83,329,318,612
6300,9,Focused,0.96,1490,420,1918,740
6300,8,Focused,0.851,282,215,400,434
6300,17,Focused,0.977,976,265,1044,374
6300,16,Focused,0.981,790,539,986,825
6300,4,Focused,0.974,568,232,760,451
6300,3,Focused,0.964,810,225,1050,478
6300,18,Focused,0.779,827,272,896,373
6330,4,Focused,0.981,570,238,779,456
6330,2,Focused,0.977,1562,248,1801,492
6330,6,Focused,0.977,1242,241,1446,491
6330,1,Focused,0.973,995,363,1393,742
6330,13,Focused,0.976,1047,199,1271,380
6330,12,Focused,0.972,289,301,647,651
6330,11,Focused,0.92,76,330,318,611
6330,8,Focused,0.843,283,214,413,433
6330,9,Focused,0.986,1498,417,1918,743
6330,17,Focused,0.976,977,264,1044,372
6330,16,Focused,0.975,790,539,986,825
6330,18,Focused,0.536,827,271,896,374
6330,3,Focused,0.974,825,228,1056,466
6360,2,Focused,0.94,1567,247,1800,488
6360,6,Focused,0.977,1241,245,1453,485
6360,1,Focused,0.973,995,363,1393,741
6360,13,Focused,0.976,1044,198,1270,380
6360,4,Focused,0.985,570,233,776,454
6360,11,Focused,0.918,78,329,320,613
6360,8,Focused,0.943,283,214,447,433
6360,12,Focused,0.984,264,332,594,711
6360,9,Focused,0.984,1545,416,1918,722
6360,3,Focused,0.978,830,199,1041,460
6360,16,Focused,0.771,789,539,986,825
6390,6,Focused,0.979,1244,242,1453,485
6390,1,Focused,0.974,995,365,1394,741
6390,2,Focused,0.93,1577,250,1804,486
6390,13,Focused,0.975,1046,201,1266,381
6390,4,Focused,0.984,570,234,779,454
6390,11,Focused,0.741,84,329,320,613
6390,17,Focused,0.978,945,203,1046,373
6390,8,Focused,0.98,284,214,431,436
6390,16,Focused,0.676,789,539,985,825
6390,9,Focused,0.799,1496,424,1918,736
6390,3,Focused,0.978,837,226,1045,461
6420,1,Focused,0.975,997,361,1392,736
6420,6,Focused,0.979,1246,241,1452,485
6420,13,Focused,0.976,1047,200,1265,380
6420,2,Focused,0.984,1582,250,1797,486
6420,4,Focused,0.983,570,238,778,454
6420,11,Focused,0.621,90,329,319,611
6420,8,Focused,0.984,282,213,415,436
6420,17,Focused,0.978,978,261,1044,373
6420,16,Focused,0.768,789,539,987,827
6420,9,Focused,0.986,1497,419,1918,736
6420,19,Unknown,0.0,198,800,490,1078
6420,18,Chatting,0.585,826,270,897,372
6450,2,Focused,0.984,1566,248,1800,486
6450,6,Focused,0.979,1246,240,1453,485
6450,1,Focused,0.972,996,361,1391,733
6450,13,Focused,0.978,1049,196,1266,381
6450,4,Focused,0.981,568,234,779,455
6450,11,Focused,0.665,83,329,319,612
6450,17,Focused,0.98,964,205,1051,367
6450,8,Focused,0.98,283,214,419,436
6450,9,Focused,0.986,1529,399,1919,744
6450,16,Focused,0.572,782,537,982,831
6450,19,Unknown,0.0,199,800,491,1077
6480,2,Focused,0.983,1562,248,1789,500
6480,6,Focused,0.979,1246,241,1453,485
6480,13,Focused,0.98,1046,197,1266,380
6480,1,Focused,0.976,997,361,1391,733
6480,4,Focused,0.965,571,233,779,456
6480,17,Focused,0.978,954,207,1048,366
6480,11,Focused,0.48,97,329,316,611
6480,8,Focused,0.979,284,213,414,434
6480,9,Focused,0.986,1551,401,1919,739
6480,16,Focused,0.929,784,538,984,830
6480,19,Unknown,0.0,199,800,491,1078
6480,3,Focused,0.978,811,234,1052,479
6510,2,Focused,0.972,1561,249,1779,499
6510,1,Focused,0.972,991,367,1393,750
6510,13,Focused,0.979,1050,197,1267,382
6510,6,Focused,0.98,1243,241,1454,485
6510,4,Focused,0.969,570,234,779,455
6510,17,Focused,0.981,954,207,1048,365
6510,9,Focused,0.979,1522,400,1919,752
6510,8,Focused,0.979,283,213,438,436
6510,11,Focused,0.608,108,327,317,611
6510,16,Focused,0.946,787,537,981,829
6510,19,Unknown,0.0,211,796,490,1077
6540,2,Focused,0.94,1561,249,1793,499
6540,1,Focused,0.966,997,363,1394,745
6540,13,Focused,0.976,1045,197,1263,380
6540,6,Focused,0.978,1245,241,1451,485
6540,11,Focused,0.738,101,323,325,611
6540,4,Focused,0.974,568,240,779,454
6540,17,Focused,0.978,956,208,1049,368
6540,8,Focused,0.979,285,214,419,435
6540,9,Focused,0.984,1527,406,1919,743
6540,16,Focused,0.962,784,537,984,825
6540,19,Focused,0.973,211,797,486,1078
6540,3,Focused,0.975,808,225,1052,478
6570,2,Focused,0.953,1562,248,1795,496
6570,11,Focused,0.887,56,321,332,637
6570,1,Focused,0.971,998,360,1392,734
6570,6,Focused,0.979,1249,241,1452,485
6570,13,Focused,0.976,1051,195,1267,378
6570,4,Focused,0.982,577,245,780,456
6570,17,Focused,0.977,937,192,1046,365
6570,9,Focused,0.897,1532,406,1919,743
6570,8,Focused,0.98,284,214,410,434
6570,16,Focused,0.932,768,538,985,831
6570,19,Focused,0.974,203,798,483,1076
6600,2,Focused,0.959,1562,252,1787,488
6600,11,Focused,0.979,72,340,303,637
6600,4,Focused,0.974,577,238,780,455
6600,6,Focused,0.977,1251,240,1450,482
6600,13,Focused,0.972,1041,197,1265,380
6600,1,Focused,0.97,998,354,1392,737
6600,9,Focused,0.852,1518,399,1919,762
6600,8,Focused,0.98,284,214,402,435
6600,17,Focused,0.974,906,83,1020,349
6600,16,Focused,0.978,777,537,985,831
6600,19,Focused,0.978,211,798,485,1076
6630,11,Focused,0.985,61,318,286,631
6630,13,Focused,0.977,1043,198,1265,380
6630,2,Focused,0.876,1576,254,1784,488
6630,1,Focused,0.955,997,358,1392,735
6630,6,Focused,0.978,1253,244,1453,485
6630,4,Focused,0.976,570,233,780,455
6630,9,Focused,0.978,1532,409,1919,760
6630,8,Focused,0.98,284,214,401,435
6630,16,Focused,0.98,777,537,985,831
6630,19,Focused,0.969,207,798,486,1076
6630,3,Using Phone,0.508,809,239,1052,480
6660,11,Focused,0.983,64,324,290,644
6660,2,Focused,0.982,1576,255,1783,489
6660,13,Focused,0.979,1043,200,1251,377
6660,6,Focused,0.98,1250,244,1453,485
6660,1,Focused,0.978,998,360,1392,733
6660,4,Focused,0.973,570,239,780,457
6660,9,Focused,0.982,1530,407,1918,757
6660,8,Focused,0.981,284,214,404,435
6660,16,Focused,0.983,786,538,984,828
6660,19,Focused,0.971,204,798,487,1077
6690,11,Focused,0.982,36,316,278,638
6690,2,Focused,0.982,1575,254,1783,487
6690,13,Focused,0.977,1044,199,1250,377
6690,1,Focused,0.976,997,362,1392,736
6690,6,Focused,0.979,1247,243,1453,485
6690,4,Focused,0.977,574,238,783,457
6690,9,Focused,0.918,1534,406,1919,743
6690,8,Focused,0.981,284,212,398,432
6690,20,Unknown,0.0,974,256,1041,371
6690,16,Focused,0.972,785,538,983,828
6690,19,Focused,0.777,203,798,491,1078
6690,3,Focused,0.849,815,232,1052,478
6720,11,Focused,0.962,38,316,279,635
6720,2,Focused,0.982,1574,254,1782,488
6720,13,Focused,0.976,1042,200,1250,378
6720,1,Focused,0.974,998,363,1393,738
6720,6,Focused,0.977,1244,242,1453,485
6720,4,Focused,0.982,571,232,779,454
6720,17,Focused,0.978,910,192,1039,381
6720,9,Focused,0.975,1538,409,1919,741
6720,16,Focused,0.983,785,538,984,829
6720,8,Focused,0.981,284,213,402,433
6720,19,Focused,0.371,204,798,490,1077
6750,11,Focused,0.908,35,321,272,640
6750,2,Focused,0.986,1574,254,1782,488
6750,4,Focused,0.98,570,233,777,456
6750,6,Focused,0.977,1252,243,1454,485
6750,13,Focused,0.975,1047,203,1269,379
6750,1,Focused,0.978,998,354,1393,738
6750,17,Focused,0.975,901,209,1046,383
6750,9,Focused,0.974,1530,411,1918,767
6750,19,Focused,0.846,198,797,491,1078
6750,8,Focused,0.981,284,213,404,433
6750,16,Focused,0.834,785,538,984,828
6780,11,Focused,0.894,34,318,274,635
6780,2,Focused,0.985,1574,254,1782,489
6780,13,Focused,0.819,1044,201,1268,378
6780,6,Focused,0.967,1250,242,1453,485
6780,4,Focused,0.976,570,235,776,456
6780,1,Focused,0.974,997,355,1392,734
6780,17,Focused,0.974,950,203,1063,378
6780,9,Focused,0.859,1530,413,1919,743
6780,8,Focused,0.981,285,213,407,432
6780,19,Focused,0.97,196,797,487,1078
6780,16,Focused,0.984,785,538,983,829
6810,11,Focused,0.839,48,321,285,646
6810,2,Focused,0.986,1574,254,1781,489
6810,1,Focused,0.968,996,366,1393,741
6810,6,Focused,0.977,1244,242,1454,485
6810,13,Focused,0.943,1041,199,1266,381
6810,17,Focused,0.93,948,200,1047,378
6810,8,Focused,0.98,285,214,405,435
6810,4,Focused,0.97,571,237,782,454
6810,19,Focused,0.98,196,798,487,1078
6810,16,Focused,0.971,786,538,983,828
6810,9,Focused,0.978,1508,417,1918,747
6840,11,Focused,0.849,40,317,279,636
6840,6,Focused,0.978,1248,241,1456,485
6840,2,Focused,0.987,1574,253,1782,488
6840,4,Focused,0.982,570,239,782,456
6840,13,Focused,0.977,1042,200,1268,379
6840,1,Focused,0.971,999,358,1391,737
6840,17,Focused,0.976,938,210,1046,367
6840,8,Focused,0.98,285,214,404,434
6840,19,Focused,0.983,192,797,479,1077
6840,9,Focused,0.984,1497,415,1918,749
6840,16,Focused,0.975,782,538,984,828
6870,11,Focused,0.918,32,330,266,640
6870,2,Focused,0.987,1574,254,1779,488
6870,6,Focused,0.977,1246,240,1453,485
6870,1,Focused,0.974,998,364,1393,737
6870,4,Focused,0.986,572,238,783,455
6870,13,Focused,0.981,1042,200,1268,379
6870,17,Focused,0.973,937,211,1046,370
6870,9,Focused,0.986,1532,397,1919,751
6870,8,Focused,0.98,285,214,438,435
6870,19,Focused,0.978,197,797,490,1078
6870,16,Focused,0.731,784,538,985,829
6870,3,Looking Away,0.922,818,230,1051,478
6900,2,Focused,0.985,1574,254,1781,488
6900,6,Focused,0.974,1247,240,1454,485
6900,13,Focused,0.981,1041,201,1267,381
6900,11,Focused,0.961,40,313,280,612
6900,1,Focused,0.961,1000,356,1393,735
6900,4,Focused,0.986,569,240,781,456
6900,17,Focused,0.977,933,205,1041,381
6900,8,Focused,0.979,284,214,434,436
6900,9,Focused,0.962,1539,403,1919,743
6900,16,Focused,0.891,761,531,987,835
6900,19,Focused,0.974,187,798,489,1078
6930,11,Focused,0.981,0,348,269,615
6930,13,Focused,0.975,1042,200,1268,381
6930,6,Focused,0.965,1248,240,1440,481
6930,1,Focused,0.954,999,350,1393,738
6930,4,Focused,0.986,568,240,785,466
6930,8,Focused,0.979,283,214,411,433
6930,9,Focused,0.976,1537,369,1917,746
6930,19,Focused,0.965,194,798,490,1078
6930,2,Focused,0.983,1563,259,1739,488
6930,16,Focused,0.961,759,532,984,818
6930,20,Unknown,0.0,976,252,1039,380
6930,17,Focused,0.966,912,203,1038,381
6960,4,Focused,0.984,569,244,753,455
6960,2,Focused,0.981,1564,257,1776,489
6960,11,Focused,0.982,0,323,283,615
6960,13,Focused,0.975,1042,205,1267,379
6960,6,Focused,0.973,1250,244,1456,483
6960,1,Focused,0.875,997,351,1393,741
6960,17,Focused,0.969,934,204,1037,361
6960,8,Focused,0.978,284,213,412,433
6960,9,Focused,0.98,1543,388,1918,753
6960,16,Focused,0.907,778,537,983,831
6960,19,Focused,0.97,191,797,489,1078
6960,3,Focused,0.917,822,230,1036,486
6990,2,Focused,0.835,1563,256,1775,490
6990,13,Focused,0.934,1041,202,1266,380
6990,1,Focused,0.973,992,352,1347,706
6990,6,Focused,0.889,1247,255,1444,473
6990,11,Using Phone,0.74,0,321,291,615
6990,4,Focused,0.982,569,235,781,456
6990,17,Focused,0.93,928,204,1036,363
6990,8,Focused,0.979,284,213,440,433
6990,9,Focused,0.907,1550,387,1918,740
6990,16,Focused,0.929,784,537,983,828
6990,3,Focused,0.869,817,233,1043,483
6990,19,Focused,0.907,191,798,492,1078
7020,2,Focused,0.922,1563,256,1781,490
7020,11,Using Phone,0.47,46,339,278,644
7020,13,Focused,0.936,1042,202,1267,380
7020,6,Focused,0.96,1246,245,1456,483
7020,1,Focused,0.974,995,370,1346,721
7020,17,Focused,0.96,933,208,1037,355
7020,8,Focused,0.98,284,213,417,434
7020,4,Focused,0.98,566,241,781,456
7020,16,Focused,0.928,783,537,984,829
7020,9,Focused,0.976,1532,401,1919,732
7020,19,Focused,0.957,187,798,491,1078
7050,2,Focused,0.887,1563,256,1781,489
7050,11,Focused,0.535,44,329,277,629
7050,1,Focused,0.913,996,360,1405,741
7050,13,Focused,0.974,1041,202,1266,380
7050,6,Focused,0.952,1249,245,1454,483
7050,4,Focused,0.895,568,244,755,455
7050,17,Focused,0.548,928,208,1036,358
7050,8,Focused,0.98,284,213,415,434
7050,12,Focused,0.982,280,313,587,714
7050,9,Focused,0.932,1532,395,1918,731
7050,16,Focused,0.96,784,537,984,830
7080,11,Focused,0.93,48,333,275,640
7080,2,Focused,0.964,1564,255,1782,490
7080,1,Focused,0.969,997,360,1401,741
7080,13,Focused,0.975,1043,202,1267,378
7080,6,Focused,0.968,1246,245,1454,483
7080,17,Focused,0.969,931,209,1036,360
7080,4,Focused,0.811,569,236,782,455
7080,8,Focused,0.981,283,214,398,432
7080,19,Focused,0.967,192,798,490,1078
7080,9,Focused,0.968,1534,400,1919,731
7080,16,Focused,0.947,785,538,985,829
7110,2,Focused,0.967,1562,255,1782,489
7110,11,Focused,0.802,47,336,276,633
7110,1,Focused,0.959,1001,356,1402,743
7110,13,Focused,0.97,1041,201,1268,378
7110,6,Focused,0.91,1252,244,1454,483
7110,4,Focused,0.941,570,234,785,458
7110,17,Focused,0.968,939,191,1036,357
7110,8,Focused,0.981,283,214,408,432
7110,9,Focused,0.972,1533,398,1918,731
7110,16,Focused,0.691,785,538,984,830
7110,19,Focused,0.981,193,799,492,1078
7140,11,Focused,0.673,45,332,277,638
7140,2,Focused,0.966,1562,256,1774,489
7140,13,Focused,0.977,1041,200,1266,380
7140,1,Focused,0.965,997,351,1403,744
7140,6,Focused,0.975,1256,244,1456,483
7140,4,Focused,0.91,570,238,786,459
7140,17,Focused,0.953,939,198,1033,354
7140,8,Focused,0.984,284,214,401,432
7140,9,Focused,0.976,1533,383,1918,747
7140,16,Focused,0.919,780,538,983,830
7140,19,Focused,0.978,191,799,492,1078
7170,11,Focused,0.775,49,332,280,633
7170,1,Focused,0.973,997,350,1404,746
7170,13,Focused,0.975,1044,201,1267,379
7170,2,Focused,0.964,1564,257,1768,489
7170,6,Focused,0.975,1255,243,1454,483
7170,4,Focused,0.913,571,239,785,462
7170,17,Focused,0.969,930,197,1035,356
7170,8,Focused,0.979,284,214,423,432
7170,9,Focused,0.978,1535,383,1918,750
7170,16,Focused,0.888,781,537,984,830
7170,19,Focused,0.976,191,798,492,1078
7200,11,Focused,0.851,51,329,280,639
7200,2,Focused,0.963,1565,257,1786,489
7200,1,Focused,0.975,996,355,1405,742
7200,4,Focused,0.971,568,234,785,460
7200,13,Focused,0.975,1042,189,1262,380
7200,6,Focused,0.974,1255,244,1454,483
7200,17,Focused,0.971,920,201,1032,352
7200,8,Focused,0.981,285,214,416,433
7200,12,Focused,0.977,285,315,599,712
7200,9,Focused,0.976,1529,388,1918,756
7200,16,Focused,0.961,780,537,984,830
7230,11,Focused,0.937,45,330,272,637
7230,2,Focused,0.968,1564,257,1777,489
7230,1,Focused,0.977,997,357,1405,746
7230,13,Focused,0.975,1037,202,1268,379
7230,6,Focused,0.974,1251,242,1454,483
7230,4,Focused,0.976,570,238,787,461
7230,17,Focused,0.974,919,200,1032,350
7230,8,Focused,0.982,284,214,411,432
7230,9,Focused,0.95,1536,389,1919,742
7230,16,Focused,0.965,778,538,982,831
7230,19,Focused,0.976,193,799,493,1078
7230,3,Using Phone,0.538,818,233,1052,484
7260,2,Focused,0.969,1567,259,1785,488
7260,11,Focused,0.98,55,350,300,615
7260,13,Focused,0.944,1043,194,1269,380
7260,1,Focused,0.96,1004,351,1405,743
7260,6,Focused,0.969,1256,244,1455,483
7260,4,Focused,0.976,573,236,755,455
7260,8,Focused,0.984,285,214,413,433
7260,17,Focused,0.972,914,205,1031,352
7260,9,Focused,0.881,1532,389,1918,742
7260,16,Focused,0.984,779,538,983,831
7260,19,Focused,0.969,185,799,490,1078
7260,3,Focused,0.875,816,228,1053,484
7290,2,Focused,0.97,1564,262,1780,489
7290,1,Focused,0.973,999,354,1404,747
7290,13,Focused,0.977,1041,197,1267,379
7290,11,Focused,0.949,52,346,294,613
7290,6,Focused,0.976,1255,243,1454,483
7290,8,Focused,0.981,284,214,403,432
7290,4,Focused,0.964,605,234,754,453
7290,17,Focused,0.975,907,214,1039,360
7290,9,Focused,0.94,1537,391,1918,740
7290,16,Focused,0.985,778,537,982,831
7290,19,Focused,0.792,186,798,490,1077
7320,2,Focused,0.968,1564,262,1784,490
7320,13,Focused,0.975,1041,179,1213,379
7320,1,Focused,0.972,1001,349,1403,735
7320,6,Focused,0.975,1253,248,1455,483
7320,17,Focused,0.97,912,216,1038,363
7320,8,Focused,0.984,285,214,409,432
7320,4,Focused,0.929,591,238,755,455
7320,9,Focused,0.971,1527,397,1919,755
7320,16,Focused,0.983,778,537,983,830
7320,19,Focused,0.947,188,799,492,1080
7320,11,Focused,0.814,66,337,288,618
7350,2,Focused,0.966,1564,261,1783,489
7350,11,Focused,0.705,64,320,287,614
7350,13,Focused,0.974,1039,203,1264,378
7350,1,Focused,0.973,998,351,1404,734
7350,6,Focused,0.976,1253,244,1454,483
7350,4,Focused,0.889,578,240,755,453
7350,17,Focused,0.972,909,210,1037,363
7350,9,Focused,0.953,1527,399,1920,775
7350,8,Focused,0.979,285,213,408,431
7350,16,Focused,0.982,779,537,982,830
7350,19,Focused,0.964,194,800,493,1077
7380,2,Focused,0.956,1564,260,1780,489
7380,13,Focused,0.972,1044,203,1264,378
7380,6,Focused,0.975,1252,242,1455,484
7380,1,Focused,0.972,1000,350,1398,733
7380,11,Focused,0.753,80,331,292,616
7380,8,Focused,0.98,284,214,414,432
7380,4,Focused,0.933,570,237,778,457
7380,9,Focused,0.964,1530,392,1918,744
7380,12,Focused,0.982,272,316,591,699
7380,18,Using Phone,0.558,826,210,955,371
7380,16,Focused,0.967,779,537,983,830
7380,20,Unknown,0.0,967,257,1041,372
7410,2,Focused,0.943,1564,260,1783,489
7410,13,Focused,0.948,1044,203,1263,378
7410,1,Focused,0.965,1000,350,1396,735
7410,6,Focused,0.977,1254,242,1454,484
7410,11,Focused,0.878,60,332,284,615
7410,4,Focused,0.967,570,238,778,457
7410,18,Using Phone,0.555,826,212,954,372
7410,8,Focused,0.98,284,214,409,432
7410,12,Focused,0.972,273,314,592,710
7410,9,Focused,0.952,1539,396,1918,742
7410,16,Focused,0.839,779,537,982,830
7410,20,Unknown,0.0,969,258,1041,372
7440,2,Focused,0.802,1565,260,1781,490
7440,13,Focused,0.572,1044,202,1262,378
7440,1,Focused,0.969,1001,344,1396,735
7440,6,Focused,0.974,1262,242,1454,483
7440,11,Focused,0.968,71,329,284,616
7440,18,Focused,0.96,825,212,951,373
7440,8,Focused,0.98,284,215,406,432
7440,4,Focused,0.98,569,239,778,457
7440,9,Focused,0.958,1527,396,1918,753
7440,12,Focused,0.977,273,312,592,711
7440,16,Using Phone,0.334,779,538,983,830
7440,20,Focused,0.968,971,260,1041,372
7470,2,Focused,0.891,1565,259,1788,490
7470,13,Focused,0.965,1045,202,1262,378
7470,1,Focused,0.932,1000,348,1397,732
7470,11,Focused,0.928,77,328,291,616
7470,6,Focused,0.974,1256,242,1454,484
7470,4,Focused,0.936,569,241,787,461
7470,8,Focused,0.978,285,214,419,431
7470,12,Focused,0.98,281,314,595,711
7470,9,Focused,0.913,1526,400,1917,747
7470,20,Focused,0.961,972,262,1042,373
7470,16,Using Phone,0.334,779,537,983,830
7500,2,Focused,0.93,1565,257,1787,490
7500,13,Focused,0.967,1045,202,1263,380
7500,11,Focused,0.922,78,328,293,615
7500,1,Focused,0.973,1000,346,1396,736
7500,6,Focused,0.975,1255,244,1456,483
7500,4,Focused,0.968,568,237,787,460
7500,8,Focused,0.978,285,215,410,433
7500,18,Focused,0.982,825,218,946,372
7500,9,Focused,0.968,1525,402,1918,768
7500,12,Focused,0.973,281,313,595,712
7500,16,Using Phone,0.334,778,538,982,830
7500,20,Focused,0.974,968,259,1042,374
7530,2,Focused,0.967,1564,258,1787,490
7530,1,Focused,0.948,1002,345,1395,732
7530,11,Focused,0.926,78,328,292,614
7530,6,Focused,0.972,1253,242,1453,482
7530,13,Focused,0.977,1043,201,1263,379
7530,4,Focused,0.968,572,236,786,456
7530,18,Focused,0.959,825,220,948,372
7530,8,Focused,0.976,284,214,412,431
7530,9,Focused,0.975,1531,392,1918,753
7530,16,Chatting,0.348,779,537,983,830
7530,3,Focused,0.97,829,242,1076,468
7530,19,Focused,0.972,179,800,489,1079
7560,2,Focused,0.98,1564,258,1787,490
7560,13,Focused,0.981,1044,200,1264,379
7560,1,Using Phone,0.528,1021,351,1399,733
7560,11,Focused,0.959,78,330,292,614
7560,6,Focused,0.976,1276,240,1452,481
7560,4,Focused,0.978,562,238,791,461
7560,18,Focused,0.976,825,219,944,371
7560,8,Focused,0.975,285,214,427,431
7560,9,Focused,0.976,1529,398,1918,746
7560,16,Focused,0.385,777,537,982,824
7560,19,Focused,0.934,178,800,487,1079
7560,20,Focused,0.974,969,260,1040,367
7590,1,Focused,0.929,1069,366,1393,706
7590,11,Focused,0.899,49,324,284,614
7590,2,Focused,0.971,1555,250,1795,492
7590,6,Focused,0.978,1224,244,1450,484
7590,13,Focused,0.97,1045,200,1258,375
7590,18,Focused,0.97,824,219,948,372
7590,4,Focused,0.981,575,241,786,458
7590,8,Focused,0.974,284,214,423,431
7590,9,Focused,0.975,1532,398,1919,764
7590,16,Focused,0.629,780,538,982,830
7590,19,Focused,0.941,188,799,489,1078
7590,20,Focused,0.96,967,259,1043,372
7620,2,Focused,0.966,1558,251,1794,496
7620,1,Focused,0.977,1049,348,1380,698
7620,13,Focused,0.97,1045,200,1262,379
7620,11,Focused,0.877,57,331,281,615
7620,6,Focused,0.977,1253,247,1454,483
7620,18,Focused,0.969,824,219,948,372
7620,4,Focused,0.972,570,242,788,460
7620,8,Focused,0.978,285,214,417,431
7620,19,Focused,0.97,199,801,492,1077
7620,9,Focused,0.971,1502,415,1918,738
7620,16,Focused,0.948,781,538,982,829
7620,20,Focused,0.366,966,258,1042,372
7650,2,Focused,0.972,1558,252,1792,498
7650,1,Focused,0.966,1043,364,1382,699
7650,12,Focused,0.979,259,329,595,711
7650,6,Focused,0.973,1248,242,1448,481
7650,13,Focused,0.961,1045,200,1262,375
7650,11,Focused,0.962,60,332,276,615
7650,18,Focused,0.973,825,218,950,372
7650,4,Focused,0.963,572,240,789,459
7650,8,Focused,0.976,283,214,449,434
7650,9,Focused,0.972,1502,422,1919,738
7650,16,Focused,0.98,782,538,983,829
7650,20,Focused,0.785,968,259,1043,372
7680,2,Focused,0.973,1558,250,1791,496
7680,1,Focused,0.787,1056,359,1418,730
7680,12,Focused,0.979,266,315,592,711
7680,6,Focused,0.975,1290,244,1453,482
7680,13,Focused,0.972,1044,203,1263,383
7680,11,Focused,0.984,62,337,278,615
7680,4,Focused,0.986,575,242,787,458
7680,8,Focused,0.976,283,214,410,433
7680,18,Focused,0.963,825,219,950,371
7680,9,Focused,0.973,1502,423,1919,740
7680,16,Focused,0.732,779,538,982,830
7680,20,Focused,0.945,968,261,1042,372
7710,2,Focused,0.972,1558,251,1791,497
7710,13,Focused,0.975,1044,200,1263,378
7710,12,Focused,0.98,267,315,590,711
7710,1,Focused,0.973,1012,357,1401,737
7710,11,Focused,0.982,64,331,278,614
7710,6,Focused,0.972,1262,245,1456,483
7710,4,Focused,0.963,574,242,787,458
7710,18,Focused,0.963,824,214,950,371
7710,8,Focused,0.973,282,214,408,432
7710,9,Focused,0.965,1502,425,1919,739
7710,16,Focused,0.954,783,538,984,829
7710,20,Focused,0.872,966,257,1042,372
7740,12,Focused,0.978,271,316,592,711
7740,13,Focused,0.974,1039,200,1262,379
7740,2,Focused,0.972,1557,251,1782,499
7740,6,Focused,0.974,1265,246,1454,483
7740,11,Focused,0.985,63,330,282,614
7740,1,Focused,0.975,994,344,1393,703
7740,4,Focused,0.84,574,247,788,459
7740,8,Focused,0.972,229,226,383,437
7740,18,Focused,0.975,825,209,952,372
7740,9,Focused,0.962,1518,381,1914,747
7740,16,Focused,0.963,781,538,984,829
7770,2,Focused,0.975,1558,250,1782,497
7770,13,Focused,0.98,1040,200,1263,380
7770,11,Focused,0.904,48,337,271,650
7770,6,Focused,0.967,1246,245,1455,484
7770,12,Focused,0.979,270,319,605,663
7770,1,Focused,0.979,983,373,1354,721
7770,4,Focused,0.971,573,242,788,458
7770,17,Focused,0.978,934,189,1034,355
7770,9,Focused,0.954,1530,389,1919,749
7770,8,Focused,0.98,230,224,389,433
7770,16,Focused,0.972,780,538,982,829
7800,2,Focused,0.975,1558,250,1782,498
7800,13,Focused,0.98,1041,201,1262,380
7800,6,Focused,0.693,1244,246,1455,484
7800,1,Focused,0.98,985,377,1355,721
7800,12,Focused,0.978,272,312,604,672
7800,17,Focused,0.98,928,194,1029,356
7800,4,Focused,0.949,573,243,788,459
7800,9,Focused,0.953,1525,390,1919,736
7800,8,Focused,0.981,236,227,381,435
7800,16,Focused,0.976,781,538,981,829
7830,2,Focused,0.975,1557,251,1784,500
7830,13,Focused,0.979,1041,201,1262,381
7830,6,Focused,0.512,1244,245,1455,484
7830,1,Focused,0.979,989,377,1357,721
7830,4,Focused,0.92,573,244,788,460
7830,12,Focused,0.97,268,310,608,672
7830,8,Focused,0.983,234,227,393,438
7830,17,Focused,0.98,905,206,1034,359
7830,9,Focused,0.966,1527,392,1919,742
7830,21,Unknown,0.0,1,771,249,1003
7830,16,Focused,0.982,782,538,982,829
7860,2,Focused,0.971,1558,250,1783,498
7860,1,Focused,0.975,982,368,1400,750
7860,13,Focused,0.98,1042,202,1262,380
7860,6,Focused,0.973,1241,247,1455,484
7860,12,Focused,0.963,267,319,608,679
7860,4,Focused,0.969,573,241,788,459
7860,9,Focused,0.808,1529,392,1919,745
7860,17,Focused,0.981,906,208,1035,360
7860,8,Focused,0.956,229,226,391,436
7860,21,Unknown,0.0,0,772,249,1004
7860,16,Focused,0.976,781,537,982,830
7890,2,Focused,0.973,1557,250,1785,500
7890,11,Focused,0.985,46,313,277,638
7890,1,Focused,0.97,984,374,1403,746
7890,13,Focused,0.979,1041,201,1263,381
7890,6,Focused,0.977,1243,244,1456,484
7890,12,Focused,0.977,269,315,608,673
7890,8,Focused,0.67,234,226,387,437
7890,4,Focused,0.909,572,245,788,460
7890,9,Focused,0.961,1513,397,1919,735
7890,17,Using Phone,0.479,906,207,1035,360
7890,16,Focused,0.957,782,537,982,829
7920,11,Focused,0.985,41,314,275,639
7920,2,Focused,0.972,1555,252,1791,498
7920,1,Focused,0.975,988,369,1404,744
7920,13,Focused,0.979,1038,200,1263,380
7920,6,Focused,0.978,1246,244,1454,484
7920,12,Focused,0.98,268,313,608,675
7920,8,Focused,0.807,281,213,407,430
7920,4,Focused,0.967,572,245,789,457
7920,17,Focused,0.47,906,208,1035,359
7920,9,Focused,0.972,1505,416,1918,736
7920,16,Focused,0.964,781,537,982,829
7950,11,Focused,0.985,43,316,278,634
7950,2,Focused,0.97,1557,250,1796,497
7950,13,Focused,0.98,1040,203,1263,380
7950,1,Focused,0.971,993,375,1405,738
7950,6,Focused,0.978,1243,246,1454,484
7950,4,Focused,0.943,572,243,786,460
7950,12,Focused,0.979,275,312,606,675
7950,17,Focused,0.738,906,208,1035,360
7950,8,Focused,0.904,291,215,416,437
7950,9,Focused,0.974,1506,417,1918,736
7950,16,Using Phone,0.55,783,538,983,829
7980,2,Focused,0.971,1576,249,1796,486
7980,11,Focused,0.983,45,317,280,642
7980,6,Focused,0.978,1243,245,1456,484
7980,13,Focused,0.981,1039,203,1262,379
7980,4,Focused,0.944,573,244,786,459
7980,1,Focused,0.977,993,372,1405,739
7980,12,Focused,0.979,282,309,609,676
7980,17,Focused,0.726,909,206,1037,361
7980,8,Focused,0.973,291,214,419,437
7980,9,Focused,0.973,1507,413,1918,737
7980,16,Focused,0.37,781,537,983,830
8010,11,Focused,0.949,43,316,278,640
8010,2,Focused,0.969,1561,250,1792,496
8010,12,Focused,0.979,280,310,605,674
8010,13,Focused,0.981,1042,203,1265,380
8010,6,Focused,0.979,1253,242,1453,482
8010,1,Focused,0.977,979,367,1354,725
8010,4,Focused,0.972,570,241,788,459
8010,17,Focused,0.939,937,191,1036,361
8010,8,Focused,0.984,284,218,392,433
8010,9,Focused,0.971,1503,407,1917,741
8010,16,Focused,0.817,782,538,982,830
8010,3,Focused,0.973,838,238,1056,477
8040,11,Focused,0.827,44,315,277,640
8040,2,Focused,0.968,1558,250,1796,499
8040,12,Focused,0.98,281,310,606,674
8040,13,Focused,0.98,1041,203,1264,380
8040,1,Focused,0.964,981,368,1354,726
8040,6,Focused,0.978,1252,245,1453,482
8040,17,Focused,0.969,936,192,1036,359
8040,4,Focused,0.967,573,243,787,459
8040,8,Focused,0.979,285,216,397,432
8040,9,Focused,0.977,1503,431,1918,737
8040,16,Focused,0.943,781,538,982,830
8070,11,Focused,0.827,46,311,277,633
8070,2,Focused,0.97,1558,251,1795,499
8070,1,Focused,0.924,992,371,1356,727
8070,12,Focused,0.979,278,312,607,675
8070,6,Focused,0.973,1247,245,1455,483
8070,13,Focused,0.979,1043,203,1263,380
8070,17,Focused,0.983,932,195,1036,360
8070,4,Focused,0.958,574,242,786,459
8070,8,Focused,0.974,285,216,401,433
8070,9,Focused,0.932,1504,425,1918,738
8070,16,Focused,0.958,781,538,982,830
8100,11,Focused,0.843,42,315,273,629
8100,2,Focused,0.969,1558,250,1795,499
8100,13,Focused,0.975,1042,203,1263,380
8100,12,Focused,0.981,293,302,605,675
8100,6,Focused,0.965,1248,244,1457,482
8100,1,Focused,0.709,990,376,1358,727
8100,17,Focused,0.969,924,194,1035,360
8100,4,Focused,0.843,572,243,789,459
8100,8,Focused,0.981,286,216,401,437
8100,9,Focused,0.622,1518,418,1918,737
8100,16,Looking Away,0.952,781,538,983,830
8130,12,Focused,0.919,314,308,606,675
8130,2,Focused,0.97,1565,250,1794,494
8130,11,Focused,0.702,36,319,278,639
8130,6,Focused,0.965,1253,245,1456,483
8130,1,Focused,0.597,984,378,1358,727
8130,13,Focused,0.98,1052,203,1251,379
8130,4,Focused,0.93,573,241,788,460
8130,8,Focused,0.527,286,216,398,435
8130,3,Focused,0.981,776,227,1074,460
8130,17,Focused,0.97,931,194,1036,332
8130,9,Focused,0.87,1507,420,1918,735
8130,16,Looking Away,0.982,781,538,983,830
8160,12,Focused,0.936,284,307,605,674
8160,1,Focused,0.576,986,380,1358,726
8160,13,Focused,0.977,1040,206,1249,382
8160,6,Focused,0.931,1247,245,1455,484
8160,2,Focused,0.97,1597,241,1789,487
8160,4,Focused,0.898,573,235,788,463
8160,17,Focused,0.971,940,195,1036,361
8160,8,Focused,0.572,286,215,398,434
8160,21,Unknown,0.0,2,772,250,1013
8160,9,Focused,0.96,1507,418,1917,735
8160,16,Focused,0.858,783,538,983,829
8190,2,Focused,0.976,1557,252,1793,495
8190,12,Focused,0.904,284,316,611,673
8190,11,Focused,0.711,48,341,276,637
8190,13,Focused,0.978,1042,205,1248,379
8190,1,Focused,0.953,988,366,1363,728
8190,6,Focused,0.971,1253,247,1454,484
8190,4,Focused,0.497,567,233,789,461
8190,8,Focused,0.823,287,215,411,432
8190,9,Focused,0.968,1507,420,1918,735
8190,16,Focused,0.858,782,539,985,829
8190,20,Focused,0.849,970,254,1036,363
8190,18,Focused,0.95,834,203,956,371
8220,11,Focused,0.704,51,341,279,637
8220,2,Focused,0.96,1577,250,1797,493
8220,1,Focused,0.98,988,373,1353,730
8220,13,Focused,0.979,1042,203,1249,380
8220,12,Focused,0.985,281,309,607,673
8220,6,Focused,0.978,1254,246,1453,484
8220,4,Focused,0.972,569,240,790,460
8220,8,Focused,0.972,288,215,401,434
8220,9,Focused,0.968,1506,417,1918,734
8220,18,Focused,0.982,832,217,944,371
8220,16,Focused,0.973,780,539,982,830
8220,20,Focused,0.978,964,255,1040,372
8250,2,Focused,0.97,1562,251,1799,496
8250,1,Focused,0.98,990,373,1356,730
8250,11,Focused,0.979,51,334,279,636
8250,12,Focused,0.985,282,312,607,672
8250,13,Focused,0.979,1040,204,1249,380
8250,6,Focused,0.977,1249,241,1454,483
8250,4,Focused,0.982,569,243,787,460
8250,8,Focused,0.977,288,215,404,435
8250,18,Focused,0.982,833,212,950,371
8250,9,Focused,0.978,1506,419,1918,735
8250,16,Focused,0.986,781,539,983,830
8280,2,Focused,0.9,1557,251,1798,495
8280,11,Focused,0.984,55,335,282,636
8280,1,Focused,0.966,992,366,1357,729
8280,13,Focused,0.975,1040,203,1248,379
8280,12,Focused,0.951,296,301,607,671
8280,6,Focused,0.916,1254,245,1454,483
8280,4,Focused,0.985,606,244,771,453
8280,20,Focused,0.985,964,253,1029,357
8280,9,Focused,0.98,1506,418,1918,735
8280,8,Focused,0.984,288,215,399,437
8280,16,Focused,0.984,782,537,985,829
8310,12,Focused,0.963,306,303,606,672
8310,11,Focused,0.974,58,337,288,636
8310,2,Focused,0.967,1560,252,1765,496
8310,4,Focused,0.984,559,241,745,457
8310,13,Focused,0.978,1041,203,1247,379
8310,1,Focused,0.951,965,346,1354,722
8310,6,Focused,0.976,1264,245,1454,483
8310,8,Focused,0.979,288,214,402,435
8310,9,Focused,0.98,1507,379,1917,739
8310,18,Focused,0.976,829,211,949,371
8310,16,Focused,0.948,773,537,981,833
8310,3,Focused,0.97,817,228,1057,476
8340,2,Focused,0.972,1561,252,1786,495
8340,11,Focused,0.974,57,336,286,636
8340,12,Focused,0.985,312,305,605,682
8340,13,Focused,0.977,1040,206,1248,379
8340,6,Focused,0.975,1266,246,1453,483
8340,1,Focused,0.966,975,347,1353,722
8340,4,Focused,0.986,569,237,773,457
8340,9,Focused,0.982,1510,394,1917,754
8340,8,Focused,0.985,287,215,400,434
8340,20,Focused,0.982,969,253,1028,358
8340,16,Focused,0.74,771,537,982,833
8340,18,Focused,0.965,833,211,948,370
8370,2,Focused,0.973,1560,252,1789,498
8370,11,Focused,0.962,58,338,285,635
8370,13,Focused,0.974,1041,205,1248,379
8370,12,Focused,0.984,310,306,606,681
8370,1,Focused,0.965,963,351,1355,722
8370,4,Focused,0.98,570,239,779,456
8370,9,Focused,0.983,1505,400,1917,736
8370,8,Focused,0.985,287,214,404,433
8370,6,Focused,0.974,1275,243,1444,479
8370,16,Focused,0.969,778,537,984,833
8370,18,Focused,0.969,842,212,947,344
8370,20,Focused,0.973,974,254,1030,355
8400,2,Focused,0.976,1558,253,1792,498
8400,12,Focused,0.949,291,306,605,681
8400,11,Focused,0.924,56,333,283,627
8400,13,Focused,0.98,1040,205,1248,379
8400,1,Focused,0.973,968,354,1353,722
8400,4,Focused,0.96,569,241,785,458
8400,8,Focused,0.968,289,220,400,436
8400,9,Focused,0.98,1504,403,1917,736
8400,6,Focused,0.978,1271,242,1445,479
8400,16,Focused,0.975,775,537,983,833
8400,18,Focused,0.975,833,209,950,371
8400,20,Focused,0.975,974,254,1030,359
8430,2,Focused,0.979,1557,251,1790,495
8430,12,Focused,0.984,293,308,606,680
8430,11,Focused,0.955,60,344,288,636
8430,13,Focused,0.979,1040,204,1248,380
8430,1,Focused,0.964,976,355,1352,722
8430,4,Focused,0.982,569,242,788,459
8430,18,Focused,0.973,833,207,950,371
8430,6,Focused,0.981,1264,242,1438,477
8430,8,Focused,0.971,289,215,412,432
8430,9,Focused,0.981,1507,401,1917,737
8430,16,Focused,0.984,783,537,984,830
8430,20,Focused,0.978,969,254,1027,359
8460,11,Focused,0.983,59,332,284,636
8460,12,Focused,0.979,292,307,607,668
8460,2,Focused,0.978,1596,251,1800,486
8460,13,Focused,0.983,1046,201,1273,381
8460,1,Focused,0.975,971,359,1350,721
8460,17,Focused,0.98,935,194,1032,357
8460,8,Focused,0.98,287,215,403,436
8460,4,Focused,0.984,569,244,788,459
8460,9,Focused,0.979,1504,401,1916,736
8460,6,Focused,0.983,1256,240,1441,479
8460,16,Focused,0.981,784,538,983,830
8490,11,Focused,0.984,53,330,282,637
8490,12,Focused,0.825,295,304,607,669
8490,2,Focused,0.978,1596,251,1798,487
8490,13,Focused,0.987,1041,203,1271,384
8490,1,Focused,0.975,980,357,1350,722
8490,17,Focused,0.977,926,194,1029,358
8490,4,Focused,0.986,569,242,788,459
8490,6,Focused,0.981,1262,242,1439,478
8490,9,Focused,0.979,1504,400,1917,736
8490,8,Focused,0.986,285,214,403,436
8490,16,Focused,0.975,784,537,982,830
8520,12,Focused,0.975,305,308,609,680
8520,11,Focused,0.978,54,336,283,637
8520,2,Focused,0.976,1596,251,1801,486
8520,1,Focused,0.979,970,359,1351,721
8520,13,Focused,0.986,1042,203,1271,383
8520,4,Focused,0.985,571,237,787,461
8520,17,Focused,0.976,926,195,1030,362
8520,6,Focused,0.985,1263,242,1439,478
8520,9,Focused,0.98,1504,400,1917,737
8520,8,Focused,0.981,285,214,404,435
8520,16,Focused,0.946,785,538,983,829
8550,11,Focused,0.971,50,322,278,637
8550,12,Focused,0.982,304,306,610,676
8550,2,Focused,0.945,1596,251,1801,487
8550,1,Focused,0.972,971,359,1351,722
8550,13,Focused,0.777,1038,201,1239,380
8550,4,Focused,0.975,572,241,788,462
8550,17,Focused,0.948,925,191,1031,360
8550,6,Focused,0.983,1262,241,1439,478
8550,8,Focused,0.965,286,214,404,435
8550,9,Focused,0.97,1504,401,1917,736
8550,16,Focused,0.968,785,539,985,829
8580,12,Focused,0.912,303,306,608,677
8580,2,Focused,0.974,1567,249,1803,482
8580,11,Focused,0.626,52,328,276,638
8580,13,Focused,0.98,1039,198,1240,381
8580,1,Focused,0.978,972,365,1350,722
8580,4,Focused,0.969,573,243,789,460
8580,17,Focused,0.978,927,194,1030,359
8580,6,Focused,0.979,1248,243,1439,480
8580,9,Focused,0.978,1506,403,1918,735
8580,8,Focused,0.898,287,214,404,434
8580,16,Focused,0.791,787,539,983,829
8610,2,Focused,0.976,1561,251,1808,496
8610,12,Focused,0.975,303,306,609,677
8610,11,Focused,0.873,40,337,271,638
8610,1,Focused,0.975,970,360,1352,722
8610,13,Focused,0.985,1065,187,1244,376
8610,17,Focused,0.977,924,192,1028,355
8610,4,Focused,0.957,575,244,789,461
8610,6,Focused,0.981,1255,244,1433,477
8610,8,Focused,0.931,286,213,404,435
8610,9,Focused,0.976,1527,399,1916,737
8610,16,Focused,0.937,788,539,985,829
8640,2,Focused,0.978,1561,251,1799,498
8640,11,Focused,0.758,46,331,280,635
8640,12,Focused,0.984,301,306,608,676
8640,17,Focused,0.977,923,194,1028,356
8640,1,Focused,0.974,981,356,1351,722
8640,6,Focused,0.984,1262,242,1447,482
8640,4,Focused,0.956,573,245,788,460
8640,8,Focused,0.939,287,214,409,436
8640,13,Focused,0.983,1076,190,1240,381
8640,9,Focused,0.978,1505,405,1917,738
8640,16,Focused,0.776,794,539,982,829
8670,2,Focused,0.974,1561,252,1798,497
8670,11,Focused,0.847,48,330,276,638
8670,12,Focused,0.982,301,307,608,677
8670,1,Focused,0.96,966,365,1352,721
8670,17,Focused,0.972,966,189,1055,364
8670,4,Focused,0.941,574,244,788,459
8670,6,Focused,0.98,1252,243,1438,479
8670,9,Focused,0.979,1504,405,1917,737
8670,8,Focused,0.926,286,214,403,435
8670,13,Focused,0.972,1085,195,1249,363
8670,16,Focused,0.962,794,539,983,828
8700,2,Focused,0.977,1561,252,1798,498
8700,11,Focused,0.896,65,330,281,642
8700,12,Focused,0.973,300,306,608,675
8700,6,Focused,0.985,1253,244,1451,483
8700,1,Focused,0.98,966,354,1400,762
8700,17,Focused,0.982,942,194,1051,365
8700,4,Focused,0.968,574,245,788,458
8700,8,Focused,0.973,286,212,404,433
8700,9,Focused,0.984,1505,405,1917,736
8700,13,Focused,0.979,1084,196,1245,356
8700,16,Focused,0.986,794,540,983,828
8700,3,Focused,0.974,825,235,1054,474
8730,2,Focused,0.979,1561,253,1798,494
8730,11,Focused,0.969,39,321,275,637
8730,12,Focused,0.986,300,324,613,675
8730,1,Focused,0.979,963,371,1403,760
8730,17,Focused,0.981,943,194,1052,367
8730,6,Focused,0.987,1250,248,1452,483
8730,4,Focused,0.986,574,245,788,467
8730,13,Focused,0.985,1084,196,1245,370
8730,9,Focused,0.983,1505,406,1917,737
8730,8,Focused,0.987,288,214,468,423
8730,16,Focused,0.982,784,539,985,828
8730,3,Focused,0.982,820,233,1048,474
8760,2,Focused,0.98,1561,252,1799,495
8760,11,Focused,0.986,41,320,268,637
8760,12,Focused,0.985,302,308,610,673
8760,1,Focused,0.975,962,371,1404,757
8760,6,Focused,0.986,1250,248,1453,484
8760,13,Focused,0.978,1065,198,1246,380
8760,17,Focused,0.986,950,196,1052,370
8760,4,Focused,0.987,573,249,789,463
8760,9,Focused,0.983,1506,407,1917,736
8760,8,Focused,0.984,289,214,403,433
8760,16,Focused,0.98,784,539,983,829
8790,12,Focused,0.982,299,307,610,676
8790,2,Focused,0.981,1561,252,1796,499
8790,11,Focused,0.984,58,320,285,637
8790,1,Focused,0.979,991,361,1401,738
8790,6,Focused,0.984,1250,245,1453,483
8790,17,Focused,0.984,937,191,1054,373
8790,13,Focused,0.945,1066,193,1245,381
8790,4,Focused,0.984,573,242,788,460
8790,8,Focused,0.981,288,211,417,437
8790,9,Focused,0.982,1510,403,1915,741
8790,16,Focused,0.975,785,539,985,828
8820,2,Focused,0.982,1560,251,1797,496
8820,12,Focused,0.981,299,305,609,675
8820,11,Focused,0.982,55,324,280,638
8820,1,Focused,0.981,994,366,1401,731
8820,6,Focused,0.981,1252,246,1453,483
8820,17,Focused,0.984,936,193,1054,374
8820,13,Focused,0.758,1065,193,1246,381
8820,4,Focused,0.982,575,244,788,462
8820,8,Focused,0.982,288,213,415,436
8820,9,Focused,0.982,1506,408,1917,736
8820,16,Focused,0.865,786,540,985,830
8850,2,Focused,0.966,1562,250,1799,495
8850,11,Focused,0.813,52,323,280,639
8850,12,Focused,0.855,302,306,612,674
8850,1,Focused,0.975,983,362,1401,746
8850,6,Focused,0.981,1254,245,1453,483
8850,17,Focused,0.974,936,192,1054,373
8850,13,Focused,0.948,1064,192,1247,381
8850,4,Focused,0.94,574,240,788,460
8850,8,Focused,0.951,287,214,407,436
8850,9,Focused,0.97,1505,405,1917,736
8850,16,Focused,0.975,788,540,984,829
8880,2,Focused,0.97,1560,251,1798,495
8880,11,Focused,0.876,54,325,280,640
8880,12,Focused,0.963,308,301,611,674
8880,1,Focused,0.973,1001,350,1403,748
8880,6,Focused,0.98,1266,245,1454,482
8880,17,Focused,0.974,936,192,1054,372
8880,13,Focused,0.948,1065,189,1243,379
8880,4,Focused,0.978,575,244,788,465
8880,8,Focused,0.965,286,214,408,435
8880,9,Focused,0.939,1504,406,1917,737
8880,16,Focused,0.983,788,540,985,829
8880,3,Focused,0.982,823,239,1036,462
8910,2,Focused,0.971,1561,250,1798,496
8910,11,Focused,0.961,51,326,274,639
8910,1,Focused,0.964,1002,344,1402,746
8910,12,Focused,0.984,307,303,610,674
8910,6,Focused,0.977,1253,246,1453,483
8910,13,Focused,0.977,1074,167,1269,366
8910,4,Focused,0.974,574,242,787,460
8910,8,Focused,0.975,287,214,407,435
8910,3,Focused,0.986,803,249,1046,460
8910,9,Focused,0.968,1504,406,1917,736
8910,17,Focused,0.961,935,192,1054,370
8910,16,Focused,0.981,786,540,985,830
8940,2,Focused,0.976,1559,251,1799,496
8940,11,Focused,0.98,53,327,278,642
8940,12,Focused,0.984,306,302,610,673
8940,13,Focused,0.984,1065,178,1273,376
8940,4,Focused,0.981,572,236,796,454
8940,1,Focused,0.924,1007,351,1401,746
8940,6,Focused,0.978,1259,244,1454,482
8940,17,Focused,0.979,955,191,1055,372
8940,9,Focused,0.979,1504,401,1918,736
8940,8,Focused,0.978,287,214,407,435
8940,16,Focused,0.98,790,540,987,826
8940,3,Focused,0.985,820,243,1049,480
8970,11,Focused,0.985,48,318,269,642
8970,2,Focused,0.973,1538,250,1800,489
8970,4,Focused,0.979,559,229,763,451
8970,12,Focused,0.984,302,304,600,647
8970,1,Focused,0.952,1006,351,1400,743
8970,6,Focused,0.978,1268,244,1454,483
8970,17,Focused,0.985,968,192,1072,375
8970,13,Focused,0.983,1089,184,1244,349
8970,9,Focused,0.966,1501,372,1894,737
8970,8,Focused,0.959,287,214,407,434
8970,16,Focused,0.971,787,539,985,830
8970,3,Focused,0.98,819,244,1049,480
9000,1,Focused,0.951,1023,340,1401,747
9000,4,Focused,0.985,553,226,788,461
9000,2,Focused,0.973,1545,252,1799,495
9000,11,Focused,0.984,60,325,285,615
9000,6,Focused,0.977,1260,245,1450,483
9000,17,Focused,0.985,934,188,1047,365
9000,13,Focused,0.98,1079,185,1260,362
9000,8,Focused,0.975,288,214,407,436
9000,12,Focused,0.982,295,297,606,646
9000,9,Focused,0.965,1503,418,1918,738
9000,16,Focused,0.976,787,539,986,829
9000,3,Focused,0.974,819,239,1050,479
9030,1,Focused,0.77,1056,361,1403,749
9030,4,Focused,0.986,542,222,786,460
9030,11,Focused,0.957,67,331,298,618
9030,12,Focused,0.718,307,293,621,683
9030,6,Focused,0.977,1249,243,1453,484
9030,13,Focused,0.977,1088,181,1252,367
9030,2,Focused,0.97,1517,250,1793,488
9030,8,Focused,0.982,288,213,416,436
9030,9,Focused,0.972,1503,414,1918,738
9030,18,Focused,0.973,891,191,999,343
9030,3,Focused,0.985,821,245,1049,477
9030,16,Focused,0.975,788,539,986,829
9060,1,Focused,0.928,986,363,1402,749
9060,4,Focused,0.984,557,224,785,458
9060,12,Focused,0.98,309,294,623,649
9060,2,Focused,0.977,1530,253,1801,494
9060,11,Focused,0.887,67,330,296,614
9060,6,Focused,0.979,1245,241,1454,484
9060,18,Focused,0.978,826,200,957,377
9060,8,Focused,0.984,288,213,410,436
9060,9,Focused,0.967,1503,414,1918,736
9060,3,Focused,0.985,822,242,1051,483
9060,13,Focused,0.971,1079,206,1257,371
9060,16,Focused,0.984,789,540,983,829
9090,12,Focused,0.983,305,298,617,659
9090,1,Focused,0.955,984,363,1401,747
9090,2,Focused,0.975,1546,250,1800,493
9090,4,Focused,0.979,559,228,788,462
9090,6,Focused,0.977,1251,244,1454,483
9090,13,Focused,0.975,1078,184,1256,370
9090,11,Focused,0.774,55,315,273,642
9090,8,Focused,0.967,288,213,407,436
9090,17,Focused,0.98,903,201,1053,377
9090,9,Focused,0.961,1503,417,1918,735
9090,3,Focused,0.985,804,290,1062,463
9090,16,Focused,0.942,797,538,988,780
9120,11,Focused,0.981,54,322,278,630
9120,1,Focused,0.967,984,360,1402,751
9120,2,Focused,0.979,1586,253,1796,487
9120,12,Focused,0.939,292,299,618,663
9120,4,Focused,0.967,560,230,787,460
9120,6,Focused,0.976,1256,245,1455,483
9120,8,Focused,0.931,289,215,411,436
9120,13,Focused,0.972,1077,183,1256,364
9120,9,Focused,0.976,1503,422,1918,736
9120,16,Focused,0.984,791,538,981,785
9120,3,Focused,0.842,826,190,1148,469
9120,18,Focused,0.975,846,255,934,368
9150,2,Focused,0.977,1560,251,1792,496
9150,11,Focused,0.965,61,319,281,641
9150,1,Focused,0.967,996,351,1400,731
9150,4,Focused,0.984,562,228,788,461
9150,6,Focused,0.978,1254,247,1456,483
9150,13,Focused,0.979,1076,183,1254,372
9150,12,Focused,0.953,296,300,601,654
9150,8,Focused,0.943,289,214,416,434
9150,9,Focused,0.977,1529,403,1919,751
9150,18,Focused,0.955,847,259,931,373
9150,3,Focused,0.978,854,193,1078,462
9180,2,Focused,0.976,1558,250,1798,497
9180,11,Focused,0.979,63,318,283,642
9180,12,Focused,0.884,294,300,601,658
9180,4,Focused,0.971,564,226,787,461
9180,1,Focused,0.974,993,351,1398,732
9180,6,Focused,0.976,1264,247,1454,482
9180,13,Focused,0.978,1073,183,1252,372
9180,17,Focused,0.977,927,202,1055,377
9180,16,Focused,0.977,792,539,988,778
9180,8,Focused,0.964,289,214,415,435
9180,9,Focused,0.978,1516,416,1919,734
9210,2,Focused,0.977,1559,251,1798,496
9210,11,Focused,0.98,55,320,281,642
9210,4,Focused,0.966,565,228,788,461
9210,1,Focused,0.979,992,354,1397,733
9210,17,Focused,0.976,933,206,1083,375
9210,12,Focused,0.985,291,299,637,656
9210,6,Focused,0.975,1260,246,1454,483
9210,13,Focused,0.979,1087,183,1251,353
9210,16,Focused,0.972,794,540,994,777
9210,8,Focused,0.975,288,214,406,435
9210,9,Focused,0.974,1514,416,1919,734
9240,2,Focused,0.974,1559,253,1796,496
9240,1,Focused,0.977,990,367,1401,753
9240,11,Focused,0.901,50,315,279,641
9240,4,Focused,0.945,562,229,786,465
9240,6,Focused,0.979,1255,245,1453,483
9240,12,Focused,0.983,296,300,613,664
9240,17,Focused,0.977,950,186,1062,375
9240,16,Focused,0.974,793,539,993,777
9240,13,Focused,0.979,1077,186,1252,369
9240,8,Focused,0.98,287,213,405,435
9240,9,Focused,0.971,1517,411,1919,736
9240,3,Focused,0.985,746,235,1041,497
9270,11,Focused,0.95,51,318,280,640
9270,4,Focused,0.963,565,228,778,457
9270,1,Focused,0.977,982,374,1401,751
9270,12,Focused,0.985,306,304,623,687
9270,2,Focused,0.977,1596,253,1799,486
9270,6,Focused,0.978,1250,244,1456,483
9270,17,Focused,0.976,964,196,1057,378
9270,13,Focused,0.977,1085,184,1252,370
9270,9,Focused,0.974,1515,414,1919,735
9270,8,Focused,0.975,289,214,400,434
9270,16,Focused,0.985,792,540,986,777
9270,3,Focused,0.984,780,220,1035,494
9300,2,Focused,0.977,1559,253,1803,495
9300,11,Focused,0.965,59,318,286,641
9300,4,Focused,0.971,565,227,781,462
9300,1,Focused,0.967,994,364,1400,736
9300,12,Focused,0.984,297,302,610,672
9300,6,Focused,0.979,1254,244,1456,483
9300,17,Focused,0.977,944,194,1059,377
9300,13,Focused,0.978,1079,184,1252,368
9300,16,Focused,0.975,806,540,987,765
9300,8,Focused,0.98,288,214,411,436
9300,9,Focused,0.981,1516,415,1919,735
9330,2,Focused,0.973,1561,254,1798,495
9330,4,Focused,0.976,565,230,778,458
9330,11,Focused,0.984,62,317,290,643
9330,1,Using Phone,0.546,986,368,1400,733
9330,6,Focused,0.976,1244,245,1454,483
9330,12,Focused,0.979,289,302,609,675
9330,17,Focused,0.635,943,195,1060,376
9330,13,Focused,0.975,1089,184,1249,370
9330,16,Focused,0.703,799,538,987,765
9330,9,Focused,0.975,1516,414,1919,735
9330,8,Focused,0.978,288,214,408,436
9360,4,Focused,0.936,566,229,778,458
9360,2,Focused,0.946,1561,254,1800,496
9360,11,Focused,0.902,60,313,288,642
9360,1,Focused,0.548,999,362,1399,731
9360,6,Focused,0.96,1248,244,1455,483
9360,17,Focused,0.914,938,195,1058,376
9360,12,Focused,0.762,288,303,609,674
9360,13,Focused,0.706,1088,184,1248,364
9360,8,Focused,0.962,288,214,408,436
9360,16,Focused,0.851,798,539,990,765
9360,9,Focused,0.975,1516,415,1919,735
9390,2,Focused,0.966,1561,255,1799,496
9390,4,Focused,0.958,567,225,780,462
9390,1,Focused,0.74,986,378,1400,744
9390,6,Focused,0.91,1235,251,1452,484
9390,12,Focused,0.512,282,305,613,673
9390,13,Focused,0.518,1089,184,1249,382
9390,8,Focused,0.967,288,214,408,436
9390,16,Focused,0.975,805,540,987,765
9390,9,Focused,0.979,1508,516,1919,728
9390,3,Focused,0.98,818,194,1058,462
9420,4,Focused,0.978,566,234,777,461
9420,2,Focused,0.968,1561,255,1799,495
9420,1,Focused,0.954,983,363,1401,745
9420,6,Focused,0.873,1245,247,1453,483
9420,17,Focused,0.909,913,193,1053,376
9420,12,Focused,0.975,285,305,611,668
9420,13,Focused,0.737,1073,184,1263,375
9420,8,Focused,0.942,288,214,409,436
9420,16,Focused,0.916,799,539,994,764
9420,9,Focused,0.975,1513,415,1919,733
9420,11,Focused,0.956,39,340,278,642
9450,2,Focused,0.976,1561,254,1798,496
9450,4,Focused,0.977,562,231,777,462
9450,6,Focused,0.961,1236,248,1453,484
9450,1,Focused,0.972,983,372,1399,745
9450,12,Focused,0.984,286,305,610,668
9450,17,Focused,0.943,925,210,1058,377
9450,11,Focused,0.97,41,340,278,642
9450,13,Focused,0.971,1073,183,1261,377
9450,8,Focused,0.963,289,214,409,435
9450,16,Focused,0.935,798,539,994,765
9450,9,Focused,0.723,1514,418,1919,733
9480,4,Focused,0.959,558,229,776,459
9480,2,Focused,0.97,1561,254,1798,496
9480,1,Focused,0.977,983,377,1400,745
9480,6,Focused,0.978,1236,248,1453,484
9480,11,Focused,0.976,41,331,283,637
9480,12,Focused,0.95,287,306,611,669
9480,17,Focused,0.969,924,212,1058,377
9480,13,Focused,0.977,1074,183,1260,381
9480,8,Focused,0.937,288,214,409,435
9480,9,Focused,0.98,1512,416,1919,733
9480,16,Focused,0.918,798,539,996,765
9510,4,Focused,0.924,562,224,767,456
9510,1,Focused,0.971,985,365,1401,745
9510,2,Focused,0.979,1594,254,1801,486
9510,6,Focused,0.978,1250,246,1453,483
9510,13,Focused,0.978,1073,184,1262,374
9510,12,Focused,0.962,284,305,612,668
9510,11,Focused,0.449,40,332,280,640
9510,17,Focused,0.978,918,214,1058,377
9510,8,Focused,0.948,287,215,409,436
9510,16,Focused,0.959,797,539,991,765
9510,9,Focused,0.977,1513,402,1919,733
9540,2,Focused,0.974,1562,255,1799,496
9540,4,Focused,0.899,564,227,777,460
9540,1,Focused,0.969,984,361,1401,753
9540,6,Focused,0.974,1254,245,1463,484
9540,11,Focused,0.754,45,329,283,635
9540,12,Focused,0.969,283,307,612,669
9540,17,Focused,0.98,916,215,1058,377
9540,13,Focused,0.979,1073,182,1262,373
9540,8,Focused,0.956,288,215,407,436
9540,16,Using Phone,0.496,797,538,991,765
9540,9,Focused,0.905,1498,408,1918,736
9570,2,Focused,0.97,1562,255,1798,497
9570,1,Focused,0.969,987,358,1401,753
9570,6,Focused,0.974,1259,252,1474,488
9570,4,Focused,0.951,561,221,776,463
9570,13,Focused,0.98,1068,183,1260,379
9570,12,Focused,0.971,286,307,610,670
9570,17,Focused,0.98,918,216,1057,377
9570,11,Focused,0.868,51,332,285,637
9570,9,Focused,0.926,1497,413,1878,739
9570,8,Focused,0.966,288,215,407,435
9570,16,Using Phone,0.532,797,539,997,765
9600,2,Focused,0.968,1562,254,1796,495
9600,4,Focused,0.909,562,223,774,461
9600,1,Focused,0.964,985,359,1401,752
9600,6,Focused,0.975,1260,251,1477,483
9600,12,Focused,0.957,285,304,608,669
9600,17,Focused,0.979,920,215,1056,376
9600,11,Focused,0.926,50,334,283,642
9600,8,Focused,0.942,288,214,407,436
9600,13,Focused,0.979,1058,221,1250,377
9600,16,Using Phone,0.469,797,539,996,764
9600,9,Focused,0.954,1502,423,1912,737
9630,4,Focused,0.949,562,228,776,460
9630,2,Focused,0.972,1562,254,1796,497
9630,1,Focused,0.964,985,355,1401,752
9630,6,Focused,0.976,1257,252,1477,483
9630,12,Focused,0.98,282,305,587,649
9630,17,Focused,0.978,917,216,1057,376
9630,13,Focused,0.978,1059,218,1250,378
9630,8,Focused,0.939,288,215,408,435
9630,16,Focused,0.658,801,538,993,758
9630,9,Focused,0.974,1502,422,1912,736
9660,11,Focused,0.947,42,324,278,639
9660,4,Focused,0.97,561,227,779,462
9660,2,Focused,0.971,1596,254,1798,485
9660,6,Focused,0.969,1263,252,1478,494
9660,1,Focused,0.911,980,365,1402,751
9660,12,Focused,0.982,285,305,606,674
9660,8,Focused,0.966,289,216,405,435
9660,13,Focused,0.976,1061,217,1249,377
9660,16,Focused,0.762,797,539,991,758
9660,9,Focused,0.892,1501,422,1914,758
9660,3,Focused,0.974,789,228,1095,466
9690,4,Focused,0.95,569,228,774,462
9690,11,Focused,0.967,40,320,277,639
9690,2,Focused,0.966,1561,254,1798,495
9690,1,Focused,0.771,982,359,1401,749
9690,6,Focused,0.971,1259,253,1477,494
9690,12,Focused,0.977,285,306,605,670
9690,13,Focused,0.952,1069,181,1261,378
9690,17,Focused,0.98,920,203,1057,377
9690,8,Focused,0.906,289,216,407,436
9690,9,Focused,0.957,1499,420,1912,736
9690,16,Focused,0.926,808,540,989,759
9720,2,Focused,0.971,1561,255,1800,496
9720,4,Focused,0.963,559,224,773,461
9720,6,Focused,0.973,1260,253,1476,498
9720,1,Focused,0.8,986,362,1401,751
9720,12,Focused,0.977,286,306,606,669
9720,17,Focused,0.979,920,196,1034,372
9720,13,Focused,0.75,1073,184,1261,378
9720,8,Focused,0.936,289,216,406,434
9720,16,Focused,0.917,802,538,997,759
9720,9,Focused,0.975,1505,423,1912,735
9720,11,Focused,0.928,61,309,289,641
9750,2,Focused,0.971,1568,253,1801,485
9750,11,Focused,0.828,71,318,289,631
9750,4,Focused,0.937,565,218,755,454
9750,6,Focused,0.971,1262,252,1476,499
9750,1,Focused,0.915,986,358,1401,751
9750,12,Focused,0.984,284,306,606,669
9750,13,Focused,0.955,1068,184,1264,374
9750,17,Focused,0.98,918,197,1035,373
9750,8,Focused,0.968,289,215,407,435
9750,16,Focused,0.969,803,539,992,759
9750,9,Focused,0.979,1551,418,1918,731
9780,2,Focused,0.973,1562,255,1800,498
9780,4,Focused,0.902,562,221,751,457
9780,1,Focused,0.931,986,356,1400,758
9780,6,Focused,0.968,1259,252,1476,500
9780,11,Focused,0.926,34,343,265,618
9780,12,Focused,0.982,288,306,605,670
9780,17,Focused,0.979,913,198,1035,371
9780,13,Focused,0.973,1074,184,1261,378
9780,8,Focused,0.957,289,214,409,436
9780,16,Focused,0.946,801,538,996,760
9780,9,Focused,0.978,1529,419,1918,731
9810,4,Focused,0.655,574,224,773,458
9810,2,Focused,0.974,1562,255,1800,498
9810,1,Focused,0.967,985,360,1401,740
9810,6,Focused,0.963,1257,251,1477,502
9810,11,Focused,0.92,55,330,283,615
9810,12,Focused,0.978,284,307,605,669
9810,13,Focused,0.978,1076,185,1261,382
9810,8,Focused,0.945,289,214,410,436
9810,17,Focused,0.978,939,199,1051,377
9810,16,Focused,0.966,800,539,998,760
9810,9,Focused,0.972,1487,392,1899,727
9840,12,Focused,0.979,307,291,611,664
9840,4,Focused,0.833,565,224,778,462
9840,11,Focused,0.979,69,336,290,628
9840,6,Focused,0.968,1260,250,1469,483
9840,1,Focused,0.959,993,355,1402,731
9840,13,Focused,0.978,1076,185,1265,375
9840,17,Focused,0.968,935,202,1053,376
9840,16,Focused,0.979,802,538,999,760
9840,2,Focused,0.972,1596,253,1800,490
9840,8,Focused,0.944,288,214,412,435
9840,9,Focused,0.921,1561,375,1880,734
9870,2,Focused,0.973,1566,254,1796,498
9870,6,Focused,0.971,1248,215,1465,481
9870,4,Focused,0.887,563,227,779,463
9870,1,Focused,0.837,994,357,1397,738
9870,12,Focused,0.962,292,305,613,679
9870,17,Focused,0.971,934,200,1043,372
9870,11,Focused,0.912,65,333,282,616
9870,13,Focused,0.98,1075,185,1258,371
9870,8,Focused,0.927,288,214,416,435
9870,16,Focused,0.97,800,537,991,759
9870,9,Focused,0.958,1513,394,1919,731
9900,4,Focused,0.897,560,230,779,458
9900,2,Focused,0.967,1566,255,1800,496
9900,6,Focused,0.976,1245,222,1457,483
9900,1,Focused,0.932,991,357,1399,746
9900,12,Focused,0.945,296,302,613,677
9900,17,Focused,0.971,929,200,1042,371
9900,11,Focused,0.894,66,343,283,617
9900,13,Focused,0.977,1072,184,1260,373
9900,8,Focused,0.953,289,214,407,436
9900,16,Focused,0.968,800,538,1001,760
9900,9,Focused,0.949,1493,418,1918,741
9930,4,Focused,0.92,562,227,780,457
9930,6,Focused,0.981,1247,227,1455,484
9930,2,Focused,0.972,1597,254,1801,485
9930,12,Focused,0.968,294,307,614,677
9930,1,Focused,0.973,996,359,1398,729
9930,11,Focused,0.924,73,338,282,616
9930,17,Focused,0.967,924,197,1042,372
9930,13,Focused,0.978,1085,185,1248,359
9930,8,Focused,0.959,289,214,412,435
9930,16,Focused,0.953,798,537,1001,760
9930,9,Focused,0.976,1492,417,1918,738
9960,2,Focused,0.971,1561,254,1800,496
9960,4,Focused,0.977,563,231,781,458
9960,6,Focused,0.979,1244,226,1456,484
9960,1,Focused,0.973,990,361,1397,736
9960,17,Focused,0.974,910,201,1043,382
9960,12,Focused,0.981,295,306,614,678
9960,11,Focused,0.942,67,344,281,616
9960,13,Focused,0.979,1082,185,1248,364
9960,8,Focused,0.971,289,214,408,436
9960,16,Focused,0.977,798,538,1000,760
9960,9,Focused,0.977,1493,416,1919,741
9990,4,Focused,0.984,564,233,781,460
9990,2,Focused,0.972,1562,254,1800,497
9990,6,Focused,0.977,1243,227,1455,483
9990,1,Focused,0.979,990,363,1398,736
9990,12,Focused,0.973,294,305,612,679
9990,11,Focused,0.768,67,338,281,617
9990,8,Focused,0.969,289,214,407,435
9990,17,Focused,0.97,922,191,1029,350
9990,13,Focused,0.978,1082,185,1248,365
9990,9,Focused,0.974,1495,415,1918,754
9990,16,Focused,0.982,797,538,1001,758
10020,2,Focused,0.964,1561,254,1800,497
10020,4,Focused,0.942,564,227,780,459
10020,1,Focused,0.974,983,357,1398,751
10020,6,Focused,0.974,1245,227,1455,484
10020,11,Focused,0.774,52,334,278,656
10020,12,Focused,0.973,295,304,612,679
10020,17,Focused,0.973,918,206,1026,349
10020,8,Focused,0.972,289,214,408,436
10020,13,Focused,0.978,1083,184,1247,363
10020,9,Focused,0.971,1495,416,1918,753
10020,16,Focused,0.964,796,539,1000,759
10050,2,Focused,0.967,1560,254,1800,498
10050,6,Focused,0.977,1243,229,1458,483
10050,1,Focused,0.978,983,363,1399,754
10050,11,Focused,0.829,71,339,289,643
10050,4,Focused,0.961,564,222,780,460
10050,12,Focused,0.977,291,323,587,649
10050,17,Focused,0.977,908,202,1023,344
10050,13,Focused,0.979,1082,185,1247,366
10050,8,Focused,0.977,289,213,437,436
10050,9,Focused,0.946,1519,413,1919,738
10050,16,Focused,0.927,796,538,1001,758
10080,4,Focused,0.938,565,227,780,461
10080,2,Focused,0.967,1561,254,1800,499
10080,6,Focused,0.975,1248,228,1456,484
10080,1,Focused,0.967,986,362,1355,715
10080,11,Focused,0.801,39,329,277,636
10080,12,Focused,0.966,294,306,619,674
10080,17,Focused,0.979,919,199,1027,350
10080,13,Focused,0.978,1081,185,1248,364
10080,8,Focused,0.969,286,214,412,435
10080,16,Focused,0.913,797,539,1002,759
10080,9,Focused,0.915,1494,418,1918,738
10110,2,Focused,0.971,1562,254,1800,496
10110,6,Focused,0.977,1243,228,1458,483
10110,11,Focused,0.941,40,338,281,639
10110,1,Focused,0.967,986,352,1394,733
10110,4,Focused,0.958,567,227,780,461
10110,12,Focused,0.974,291,307,611,678
10110,13,Focused,0.977,1075,184,1248,372
10110,8,Focused,0.975,289,215,413,436
10110,9,Focused,0.625,1498,418,1918,736
10110,16,Focused,0.837,796,538,1000,759
10110,17,Focused,0.977,890,191,1007,329
10140,2,Focused,0.949,1561,254,1799,500
10140,1,Focused,0.951,987,360,1400,743
10140,4,Focused,0.945,567,228,780,459
10140,6,Focused,0.975,1246,229,1456,484
10140,12,Focused,0.957,292,305,611,676
10140,3,Focused,0.603,929,186,1080,375
10140,11,Focused,0.909,40,349,280,640
10140,13,Focused,0.978,1081,185,1247,362
10140,8,Focused,0.961,288,216,413,437
10140,16,Focused,0.932,797,537,1000,760
10140,9,Focused,0.67,1494,418,1918,738
10170,2,Focused,0.962,1558,260,1789,497
10170,4,Focused,0.949,567,224,780,458
10170,6,Focused,0.977,1249,226,1456,484
10170,1,Focused,0.939,993,358,1402,737
10170,11,Focused,0.803,40,344,280,638
10170,13,Focused,0.976,1075,184,1247,371
10170,12,Focused,0.95,291,337,589,651
10170,3,Focused,0.711,926,186,1051,375
10170,8,Focused,0.966,286,216,451,435
10170,16,Focused,0.943,797,537,1000,760
10170,9,Focused,0.933,1495,416,1919,738
10200,2,Focused,0.959,1560,248,1796,498
10200,6,Focused,0.965,1243,225,1456,483
10200,1,Focused,0.937,991,361,1402,753
10200,12,Focused,0.961,292,310,594,711
10200,4,Focused,0.9,568,213,781,457
10200,3,Focused,0.96,928,201,1063,379
10200,11,Focused,0.84,37,354,279,640
10200,13,Focused,0.978,1075,184,1246,372
10200,8,Focused,0.961,286,216,412,438
10200,16,Focused,0.962,796,539,1001,758
10200,9,Focused,0.941,1497,415,1918,738
10230,4,Focused,0.939,566,228,782,456
10230,12,Focused,0.971,295,311,592,711
10230,6,Focused,0.948,1248,226,1458,484
10230,2,Focused,0.966,1597,253,1800,486
10230,1,Focused,0.946,990,355,1401,745
10230,11,Focused,0.869,83,320,309,616
10230,13,Focused,0.978,1076,182,1248,371
10230,3,Focused,0.976,929,195,1056,378
10230,8,Focused,0.975,287,216,410,438
10230,16,Focused,0.939,796,539,1001,760
10230,9,Focused,0.911,1495,409,1918,737
10260,2,Focused,0.958,1566,252,1796,497
10260,4,Focused,0.97,566,224,780,456
10260,1,Focused,0.934,990,355,1403,737
10260,6,Focused,0.97,1250,225,1453,472
10260,12,Focused,0.976,293,306,614,658
10260,3,Focused,0.976,932,198,1063,379
10260,13,Focused,0.979,1069,185,1259,368
10260,9,Focused,0.888,1497,408,1918,736
10260,16,Focused,0.979,799,539,994,760
10260,11,Focused,0.781,76,359,317,614
10260,8,Focused,0.979,287,215,403,456
10290,1,Focused,0.966,991,348,1404,758
10290,6,Focused,0.971,1251,226,1454,483
10290,2,Focused,0.781,1597,253,1804,489
10290,4,Focused,0.984,566,226,781,456
10290,12,Focused,0.947,295,302,609,665
10290,11,Focused,0.859,44,328,272,617
10290,3,Focused,0.98,919,196,1058,376
10290,8,Focused,0.978,234,216,396,434
10290,13,Focused,0.978,1083,183,1260,360
10290,9,Focused,0.899,1495,406,1918,736
10290,16,Focused,0.945,796,539,1000,760
10320,2,Focused,0.951,1566,252,1801,496
10320,6,Focused,0.978,1247,228,1455,482
10320,11,Focused,0.945,17,367,250,619
10320,1,Focused,0.963,991,359,1405,737
10320,12,Focused,0.944,299,301,609,669
10320,4,Focused,0.986,565,221,781,458
10320,3,Focused,0.98,919,194,1058,376
10320,13,Focused,0.977,1084,183,1260,366
10320,8,Focused,0.969,238,223,399,434
10320,16,Using Phone,0.476,797,539,1000,760
10320,9,Focused,0.958,1495,403,1918,741
10350,2,Focused,0.953,1565,252,1799,496
10350,4,Focused,0.935,567,231,779,462
10350,6,Focused,0.965,1246,229,1456,483
10350,12,Focused,0.975,305,302,612,669
10350,1,Focused,0.948,990,361,1404,733
10350,11,Focused,0.985,48,348,298,614
10350,13,Focused,0.976,1082,182,1260,368
10350,3,Focused,0.98,918,195,1058,376
10350,8,Focused,0.966,238,223,403,434
10350,16,Focused,0.738,798,537,1000,759
10350,9,Focused,0.96,1497,410,1918,738
10380,2,Focused,0.936,1565,252,1799,495
10380,6,Focused,0.904,1249,226,1455,483
10380,1,Focused,0.937,992,352,1404,751
10380,4,Focused,0.943,566,221,781,461
10380,12,Focused,0.983,301,301,611,670
10380,11,Focused,0.977,69,329,298,617
10380,13,Focused,0.976,1083,183,1260,360
10380,8,Focused,0.959,238,223,404,434
10380,3,Focused,0.979,929,194,1057,376
10380,9,Focused,0.959,1495,404,1918,737
10380,16,Focused,0.92,797,538,1001,759
10410,2,Focused,0.952,1563,251,1796,497
10410,1,Focused,0.954,991,364,1404,753
10410,6,Focused,0.966,1245,225,1455,483
10410,4,Focused,0.96,566,226,781,460
10410,11,Focused,0.972,70,333,306,617
10410,13,Focused,0.977,1081,183,1260,369
10410,3,Focused,0.98,930,193,1057,376
10410,12,Focused,0.979,303,311,594,648
10410,8,Focused,0.943,281,214,416,440
10410,16,Focused,0.717,798,538,1001,759
10410,9,Focused,0.931,1495,402,1918,741
10440,2,Focused,0.96,1564,253,1799,499
10440,4,Focused,0.953,566,227,781,457
10440,1,Focused,0.975,990,360,1403,750
10440,6,Focused,0.974,1246,227,1455,483
10440,11,Focused,0.831,66,326,302,617
10440,3,Focused,0.98,931,194,1057,376
10440,12,Focused,0.979,299,313,594,649
10440,13,Focused,0.976,1082,182,1260,367
10440,8,Focused,0.914,286,214,416,434
10440,16,Using Phone,0.679,796,539,1000,759
10440,9,Focused,0.942,1496,395,1918,742
10470,2,Focused,0.949,1565,253,1798,495
10470,6,Focused,0.971,1242,226,1455,482
10470,4,Focused,0.963,567,227,782,458
10470,1,Focused,0.979,986,369,1404,735
10470,11,Focused,0.77,61,313,300,616
10470,12,Focused,0.979,300,309,615,671
10470,3,Focused,0.98,915,197,1058,376
10470,13,Focused,0.978,1081,183,1260,371
10470,8,Focused,0.961,284,214,421,434
10470,16,Focused,0.689,797,538,1001,760
10470,9,Focused,0.975,1494,407,1918,741
10500,1,Focused,0.968,985,366,1402,749
10500,11,Focused,0.966,62,325,303,616
10500,4,Focused,0.928,567,227,782,463
10500,6,Focused,0.977,1240,229,1455,483
10500,2,Focused,0.966,1564,252,1799,496
10500,12,Focused,0.979,297,309,615,673
10500,13,Focused,0.978,1083,183,1260,371
10500,8,Focused,0.985,285,214,421,433
10500,3,Focused,0.98,919,195,1054,376
10500,16,Focused,0.909,805,538,995,760
10500,9,Focused,0.976,1515,378,1919,721
10530,2,Focused,0.974,1563,251,1801,496
10530,1,Focused,0.974,989,348,1401,750
10530,4,Focused,0.956,567,225,781,461
10530,6,Focused,0.98,1253,231,1455,484
10530,11,Focused,0.986,71,333,309,616
10530,12,Focused,0.98,294,304,614,674
10530,3,Focused,0.981,919,194,1058,376
10530,13,Focused,0.98,1083,183,1260,357
10530,8,Focused,0.984,285,215,414,434
10530,9,Focused,0.976,1499,408,1918,730
10560,2,Focused,0.977,1564,252,1799,495
10560,1,Focused,0.976,983,367,1401,756
10560,6,Focused,0.978,1240,230,1455,483
10560,4,Focused,0.972,567,224,778,460
10560,12,Focused,0.982,295,293,620,684
10560,11,Focused,0.982,76,328,312,616
10560,22,Unknown,0.0,786,238,1039,489
10560,3,Focused,0.981,928,193,1058,377
10560,13,Focused,0.981,1081,183,1260,371
10560,8,Focused,0.976,287,215,415,438
10560,9,Focused,0.978,1506,405,1918,734
10590,4,Focused,0.952,567,229,780,462
10590,1,Focused,0.974,983,366,1404,735
10590,6,Focused,0.976,1240,229,1455,482
10590,2,Focused,0.964,1597,251,1802,486
10590,12,Focused,0.981,310,298,617,671
10590,22,Unknown,0.0,786,233,1040,490
10590,3,Focused,0.98,924,192,1058,375
10590,11,Focused,0.975,83,332,318,617
10590,13,Focused,0.98,1083,183,1260,373
10590,8,Focused,0.973,286,215,413,436
10590,9,Focused,0.96,1506,410,1918,735
10620,11,Focused,0.813,48,323,281,642
10620,4,Focused,0.898,571,225,779,461
10620,6,Focused,0.976,1243,227,1455,482
10620,2,Focused,0.973,1596,252,1801,488
10620,1,Focused,0.966,985,365,1402,730
10620,12,Focused,0.977,303,302,611,671
10620,3,Focused,0.979,939,184,1050,371
10620,22,Unknown,0.0,784,237,1041,492
10620,13,Focused,0.979,1078,185,1260,370
10620,8,Focused,0.96,286,214,407,435
10620,9,Focused,0.975,1508,415,1918,734
10650,22,Unknown,0.0,787,193,1072,461
10650,11,Focused,0.535,50,321,274,637
10650,4,Focused,0.894,566,227,780,462
10650,2,Focused,0.976,1596,252,1802,487
10650,12,Focused,0.947,302,303,613,673
10650,6,Focused,0.977,1250,230,1452,485
10650,1,Focused,0.973,990,355,1403,728
10650,8,Focused,0.944,286,214,406,435
10650,13,Focused,0.979,1079,185,1254,368
10650,9,Focused,0.969,1504,412,1918,737
10680,11,Focused,0.838,51,318,282,640
10680,4,Focused,0.903,568,239,779,462
10680,12,Focused,0.98,304,302,613,672
10680,6,Focused,0.976,1250,228,1452,485
10680,1,Focused,0.971,974,346,1402,751
10680,22,Focused,0.942,787,227,1037,487
10680,2,Focused,0.97,1596,252,1802,481
10680,3,Focused,0.98,914,194,1053,375
10680,13,Focused,0.978,1077,185,1253,372
10680,8,Focused,0.945,286,214,408,435
10680,9,Focused,0.972,1503,428,1919,733
10710,11,Focused,0.973,51,320,278,638
10710,4,Focused,0.924,566,229,776,461
10710,6,Focused,0.971,1246,228,1456,484
10710,1,Focused,0.971,981,360,1401,743
10710,2,Focused,0.966,1597,252,1801,485
10710,12,Focused,0.979,304,304,613,673
10710,3,Focused,0.979,910,204,1053,376
10710,22,Focused,0.909,776,247,1045,488
10710,13,Focused,0.973,1077,185,1253,371
10710,8,Focused,0.96,285,214,407,435
10710,9,Focused,0.975,1504,419,1918,736
10740,11,Focused,0.959,52,318,276,637
10740,6,Focused,0.969,1248,225,1458,482
10740,4,Focused,0.975,568,224,776,461
10740,1,Focused,0.975,984,357,1404,727
10740,2,Focused,0.972,1596,252,1801,485
10740,3,Focused,0.977,909,205,1054,377
10740,22,Focused,0.651,772,243,1046,489
10740,12,Focused,0.981,292,315,592,650
10740,8,Focused,0.974,284,213,427,435
10740,13,Focused,0.97,1078,185,1253,372
10740,9,Focused,0.974,1506,419,1919,734
10770,6,Focused,0.968,1252,227,1466,482
10770,4,Focused,0.968,567,230,777,461
10770,11,Focused,0.98,64,319,281,639
10770,1,Focused,0.939,982,360,1401,748
10770,2,Focused,0.972,1596,253,1800,486
10770,3,Focused,0.972,914,202,1053,378
10770,22,Focused,0.542,772,246,1046,490
10770,13,Focused,0.962,1061,194,1264,379
10770,12,Focused,0.98,292,312,593,650
10770,8,Focused,0.966,285,214,422,435
10770,9,Focused,0.975,1504,420,1918,735
10800,11,Focused,0.985,54,319,280,636
10800,9,Focused,0.979,1495,321,1896,720
10800,4,Focused,0.943,567,229,776,463
10800,1,Focused,0.925,975,355,1403,749
10800,6,Focused,0.962,1249,231,1463,483
10800,22,Focused,0.602,770,246,1046,488
10800,13,Focused,0.964,1070,190,1259,373
10800,12,Focused,0.953,294,310,594,650
10800,8,Focused,0.977,287,213,408,435
10800,3,Focused,0.971,929,186,1033,366
10830,11,Focused,0.985,65,312,283,635
10830,6,Focused,0.959,1245,232,1458,483
10830,4,Focused,0.963,570,227,776,461
10830,1,Focused,0.898,975,355,1402,729
10830,12,Focused,0.78,295,309,597,715
10830,2,Focused,0.974,1578,252,1796,489
10830,22,Looking Away,0.882,776,251,1047,488
10830,13,Focused,0.919,1069,190,1256,373
10830,3,Focused,0.971,926,191,1029,368
10830,9,Focused,0.98,1503,384,1918,740
10830,8,Focused,0.973,288,215,403,432
10860,11,Focused,0.98,74,314,289,637
10860,2,Focused,0.973,1577,252,1793,488
10860,12,Focused,0.492,295,309,597,714
10860,6,Focused,0.978,1249,233,1459,484
10860,4,Focused,0.709,570,229,778,464
10860,1,Focused,0.973,975,353,1400,741
10860,13,Focused,0.974,1071,190,1256,372
10860,22,Using Phone,0.46,771,252,1045,490
10860,3,Focused,0.978,923,192,1029,367
10860,9,Focused,0.98,1505,389,1918,736
10860,8,Focused,0.934,288,215,401,432
10890,11,Focused,0.822,27,326,291,634
10890,2,Focused,0.975,1597,252,1794,489
10890,4,Focused,0.911,571,230,778,459
10890,6,Focused,0.975,1248,233,1458,483
10890,12,Focused,0.854,298,302,609,671
10890,22,Focused,0.604,784,250,1046,488
10890,1,Focused,0.954,977,354,1400,739
10890,13,Focused,0.971,1073,190,1256,372
10890,9,Focused,0.966,1511,397,1918,758
10890,3,Focused,0.977,922,191,1027,356
10890,8,Focused,0.926,288,215,407,433
10920,6,Focused,0.972,1245,229,1459,483
10920,12,Focused,0.949,308,304,613,673
10920,2,Focused,0.975,1597,252,1799,487
10920,11,Focused,0.93,13,338,277,639
10920,4,Focused,0.959,572,231,779,461
10920,1,Focused,0.972,977,354,1400,742
10920,22,Focused,0.984,785,247,1047,489
10920,13,Focused,0.975,1074,190,1256,373
10920,8,Focused,0.924,288,215,415,435
10920,3,Focused,0.974,924,192,1027,360
10920,9,Focused,0.96,1503,404,1918,741
10950,1,Focused,0.976,1021,347,1357,717
10950,2,Focused,0.979,1597,253,1801,486
10950,12,Focused,0.911,304,304,613,672
10950,6,Focused,0.972,1255,228,1459,483
10950,11,Focused,0.978,1,357,281,634
10950,4,Focused,0.974,571,231,781,465
10950,22,Focused,0.979,792,245,1047,488
10950,13,Focused,0.977,1074,190,1256,372
10950,3,Focused,0.974,921,193,1028,363
10950,8,Focused,0.944,288,214,417,435
10950,9,Focused,0.971,1503,404,1918,736
10980,1,Focused,0.955,1021,346,1358,716
10980,2,Focused,0.979,1597,252,1800,489
10980,12,Focused,0.958,306,304,615,672
10980,4,Focused,0.965,570,230,782,463
10980,11,Focused,0.981,2,350,283,634
10980,6,Focused,0.955,1262,230,1459,483
10980,22,Focused,0.981,822,220,1046,463
10980,13,Focused,0.977,1074,190,1255,372
10980,8,Focused,0.967,287,216,420,434
10980,9,Focused,0.959,1503,405,1918,738
10980,3,Focused,0.974,924,192,1030,329
11010,12,Focused,0.966,308,303,617,670
11010,4,Focused,0.98,572,225,782,462
11010,2,Focused,0.981,1596,251,1801,487
11010,6,Focused,0.969,1253,230,1458,483
11010,1,Focused,0.976,969,350,1400,750
11010,11,Focused,0.983,1,350,288,634
11010,22,Focused,0.931,809,244,1047,479
11010,13,Focused,0.978,1074,190,1256,372
11010,8,Focused,0.959,287,215,418,435
11010,3,Focused,0.978,922,193,1028,344
11010,9,Focused,0.975,1506,423,1918,742
11040,2,Focused,0.966,1597,252,1801,486
11040,6,Focused,0.974,1255,229,1459,483
11040,11,Focused,0.881,14,339,278,641
11040,12,Focused,0.969,298,304,616,678
11040,4,Focused,0.812,570,229,781,460
11040,22,Focused,0.884,809,242,1048,479
11040,1,Focused,0.971,969,349,1400,748
11040,13,Focused,0.975,1074,190,1256,372
11040,3,Focused,0.974,923,194,1027,343
11040,8,Focused,0.942,286,214,421,435
11040,9,Focused,0.956,1506,431,1918,744
11070,2,Focused,0.963,1597,251,1801,486
11070,4,Focused,0.891,571,230,781,462
11070,11,Focused,0.815,64,347,291,646
11070,6,Focused,0.974,1253,229,1459,484
11070,12,Focused,0.977,300,314,615,647
11070,22,Focused,0.967,810,240,1049,479
11070,1,Focused,0.972,967,347,1400,747
11070,13,Focused,0.976,1074,191,1257,373
11070,3,Focused,0.974,918,198,1026,341
11070,8,Focused,0.955,287,214,420,434
11070,9,Focused,0.971,1507,417,1912,736
11100,6,Focused,0.976,1246,228,1460,483
11100,2,Focused,0.971,1596,251,1800,487
11100,11,Focused,0.91,62,346,281,640
11100,4,Focused,0.961,570,230,781,462
11100,12,Focused,0.983,302,309,613,681
11100,1,Focused,0.975,967,350,1399,747
11100,22,Focused,0.981,799,237,1058,479
11100,13,Focused,0.977,1078,192,1238,366
11100,3,Focused,0.981,920,199,1027,344
11100,8,Focused,0.973,286,215,418,435
11100,9,Focused,0.879,1506,417,1912,735
11130,12,Focused,0.977,296,304,627,690
11130,11,Focused,0.728,52,342,291,638
11130,6,Focused,0.969,1244,226,1457,500
11130,2,Focused,0.962,1597,252,1801,487
11130,22,Focused,0.813,794,248,1040,490
11130,4,Focused,0.929,567,219,762,458
11130,1,Focused,0.929,968,352,1399,746
11130,3,Focused,0.962,923,199,1027,358
11130,13,Focused,0.946,1079,191,1237,364
11130,8,Focused,0.95,287,214,426,434
11130,9,Focused,0.97,1506,418,1912,736
11160,6,Focused,0.972,1244,227,1456,484
11160,2,Focused,0.971,1596,252,1800,487
11160,22,Focused,0.978,791,252,1041,491
11160,12,Focused,0.957,312,309,626,659
11160,11,Focused,0.761,58,350,284,638
11160,1,Focused,0.975,973,349,1400,743
11160,13,Focused,0.973,1078,191,1238,366
11160,4,Focused,0.841,572,225,757,453
11160,3,Focused,0.956,923,198,1028,362
11160,8,Focused,0.941,287,214,416,435
11160,9,Focused,0.962,1506,418,1912,736
11190,12,Focused,0.97,312,313,626,659
11190,2,Focused,0.971,1597,251,1790,485
11190,6,Focused,0.972,1248,231,1458,484
11190,11,Focused,0.792,62,343,283,638
11190,1,Focused,0.979,984,351,1398,730
11190,22,Focused,0.979,799,228,1056,474
11190,4,Focused,0.911,571,227,755,454
11190,13,Focused,0.978,1079,191,1238,365
11190,8,Focused,0.962,287,214,420,435
11190,3,Focused,0.956,924,195,1030,342
11190,9,Focused,0.974,1499,393,1914,721
11220,11,Focused,0.864,71,326,293,637
11220,2,Focused,0.972,1598,250,1800,483
11220,12,Focused,0.983,312,317,627,660
11220,6,Focused,0.972,1249,230,1458,484
11220,22,Focused,0.979,788,247,1041,489
11220,1,Focused,0.973,984,351,1400,730
11220,13,Focused,0.979,1078,191,1237,365
11220,3,Focused,0.964,918,194,1027,355
11220,8,Focused,0.969,287,214,422,435
11220,9,Focused,0.978,1497,425,1918,736
11220,4,Focused,0.926,570,226,753,458
11250,12,Focused,0.983,312,316,628,659
11250,6,Focused,0.967,1249,230,1458,484
11250,1,Focused,0.976,984,351,1401,730
11250,11,Focused,0.867,78,329,295,618
11250,2,Focused,0.969,1595,251,1800,489
11250,22,Focused,0.978,815,216,1041,473
11250,13,Focused,0.976,1079,191,1237,366
11250,4,Focused,0.969,568,228,755,454
11250,8,Focused,0.975,287,214,419,435
11250,3,Focused,0.968,921,195,1029,339
11250,9,Focused,0.971,1496,425,1918,735
11280,12,Focused,0.952,315,315,628,659
11280,6,Focused,0.94,1248,231,1459,484
11280,22,Focused,0.975,813,235,1045,479
11280,1,Focused,0.958,983,353,1400,731
11280,11,Focused,0.905,67,332,293,617
11280,2,Focused,0.962,1596,251,1798,488
11280,13,Focused,0.974,1079,191,1238,367
11280,3,Focused,0.947,918,199,1026,338
11280,8,Focused,0.977,287,214,420,435
11280,4,Focused,0.942,570,228,757,454
11280,9,Focused,0.978,1497,425,1918,735
11310,2,Focused,0.975,1597,252,1798,488
11310,6,Focused,0.975,1246,230,1459,485
11310,12,Focused,0.97,314,317,625,660
11310,22,Focused,0.978,812,237,1045,480
11310,1,Focused,0.977,984,353,1401,730
11310,11,Focused,0.849,69,332,293,619
11310,13,Focused,0.974,1079,191,1237,367
11310,3,Focused,0.958,921,200,1027,339
11310,4,Focused,0.866,569,229,757,454
11310,8,Focused,0.976,285,216,421,434
11310,9,Focused,0.98,1497,425,1918,737
11340,6,Focused,0.978,1246,230,1459,485
11340,2,Focused,0.972,1597,252,1799,488
11340,12,Focused,0.984,316,315,626,662
11340,22,Focused,0.977,812,237,1045,478
11340,1,Focused,0.98,985,354,1400,730
11340,11,Focused,0.847,68,334,294,617
11340,3,Focused,0.954,920,199,1025,337
11340,13,Focused,0.977,1080,191,1237,365
11340,4,Focused,0.868,572,230,757,454
11340,8,Focused,0.966,287,216,417,435
11340,9,Focused,0.968,1496,423,1918,737
11370,12,Focused,0.985,314,316,632,659
11370,6,Focused,0.978,1252,230,1458,484
11370,2,Focused,0.969,1596,252,1798,490
11370,1,Focused,0.967,985,349,1403,731
11370,22,Focused,0.973,812,238,1045,477
11370,11,Focused,0.905,80,331,292,617
11370,13,Focused,0.976,1079,191,1238,367
11370,8,Focused,0.96,287,215,418,436
11370,3,Focused,0.964,925,195,1029,340
11370,4,Focused,0.929,570,230,757,453
11370,9,Focused,0.975,1496,422,1918,736
11400,6,Focused,0.978,1248,229,1458,484
11400,12,Focused,0.975,315,315,629,660
11400,2,Focused,0.975,1596,251,1798,488
11400,1,Focused,0.975,988,351,1403,731
11400,22,Focused,0.974,812,235,1046,479
11400,11,Focused,0.959,75,334,289,618
11400,13,Focused,0.977,1079,191,1238,367
11400,4,Focused,0.974,571,230,757,453
11400,3,Focused,0.975,922,191,1031,340
11400,9,Focused,0.812,1495,423,1918,736
11400,8,Focused,0.98,288,215,417,434
11430,6,Focused,0.978,1248,231,1459,484
11430,12,Focused,0.982,313,315,630,660
11430,11,Focused,0.981,71,345,291,618
11430,2,Focused,0.976,1596,252,1799,490
11430,1,Focused,0.98,988,351,1401,731
11430,13,Focused,0.98,1078,190,1240,371
11430,3,Focused,0.975,915,211,1048,379
11430,22,Focused,0.981,811,234,1044,477
11430,4,Focused,0.979,571,229,757,453
11430,8,Focused,0.985,288,215,418,434
11430,9,Focused,0.673,1496,423,1918,737
11460,6,Focused,0.978,1252,234,1465,484
11460,12,Focused,0.982,313,315,631,659
11460,2,Focused,0.979,1596,251,1798,488
11460,1,Focused,0.979,988,351,1402,730
11460,11,Focused,0.983,67,338,292,617
11460,13,Focused,0.979,1079,191,1237,365
11460,22,Focused,0.98,813,235,1044,477
11460,3,Focused,0.978,926,210,1048,380
11460,4,Focused,0.982,570,230,757,454
11460,8,Focused,0.984,288,214,420,436
11460,9,Focused,0.618,1495,425,1918,735
11490,12,Focused,0.901,313,315,632,660
11490,6,Focused,0.96,1253,241,1462,484
11490,11,Focused,0.963,37,334,263,637
11490,2,Focused,0.972,1595,252,1799,488
11490,1,Focused,0.972,988,351,1402,731
11490,22,Focused,0.976,811,235,1044,477
11490,13,Focused,0.968,1078,191,1237,368
11490,3,Focused,0.972,914,199,1047,379
11490,4,Focused,0.918,571,230,757,454
11490,8,Focused,0.972,288,214,420,435
11490,9,Focused,0.92,1495,424,1918,737
11520,6,Focused,0.794,1253,240,1460,488
11520,12,Focused,0.782,308,313,622,646
11520,2,Focused,0.97,1596,252,1798,489
11520,11,Focused,0.985,60,332,287,641
11520,1,Focused,0.968,986,352,1402,730
11520,22,Focused,0.969,752,243,1042,487
11520,13,Focused,0.969,1078,191,1237,367
11520,3,Focused,0.975,906,199,1046,378
11520,4,Focused,0.87,571,231,757,454
11520,8,Focused,0.964,287,214,423,435
11520,9,Focused,0.922,1495,423,1918,739
11550,11,Focused,0.982,46,330,281,640
11550,6,Focused,0.695,1252,241,1460,488
11550,12,Focused,0.649,304,315,608,700
11550,2,Focused,0.974,1596,252,1799,487
11550,1,Focused,0.97,989,352,1402,730
11550,22,Focused,0.67,787,239,1043,489
11550,3,Focused,0.974,907,199,1047,379
11550,13,Focused,0.972,1078,191,1237,368
11550,4,Focused,0.922,571,230,757,453
11550,8,Focused,0.946,287,214,426,436
11550,9,Focused,0.964,1506,421,1919,735
11580,2,Focused,0.97,1596,259,1799,484
11580,12,Focused,0.965,305,313,608,700
11580,6,Focused,0.967,1252,244,1461,486
11580,11,Focused,0.984,64,334,291,636
11580,1,Focused,0.972,987,352,1402,730
11580,22,Focused,0.915,784,244,1041,486
11580,3,Focused,0.97,907,198,1047,378
11580,9,Focused,0.967,1445,404,1846,735
11580,13,Focused,0.97,1078,191,1237,369
11580,8,Focused,0.942,287,214,419,435
11580,4,Focused,0.901,571,231,757,453
11610,12,Focused,0.888,315,312,626,670
11610,11,Focused,0.95,72,334,294,636
11610,6,Focused,0.977,1255,242,1463,484
11610,2,Focused,0.969,1593,259,1798,486
11610,22,Focused,0.983,784,244,1041,487
11610,1,Focused,0.972,986,352,1400,730
11610,3,Focused,0.977,910,199,1047,378
11610,9,Focused,0.976,1435,412,1841,732
11610,13,Focused,0.967,1078,191,1237,368
11610,8,Focused,0.904,287,214,416,436
11610,4,Focused,0.751,571,229,757,453
11640,11,Focused,0.819,69,332,287,639
11640,2,Focused,0.967,1595,253,1799,490
11640,6,Focused,0.978,1254,242,1461,484
11640,12,Focused,0.885,313,310,624,661
11640,1,Focused,0.968,986,352,1401,731
11640,22,Focused,0.708,784,243,1041,487
11640,3,Focused,0.98,907,199,1048,378
11640,9,Focused,0.978,1435,421,1842,733
11640,13,Focused,0.966,1078,191,1238,368
11640,8,Focused,0.88,287,214,415,436
11640,4,Focused,0.687,570,231,757,453
11670,11,Focused,0.863,45,319,283,636
11670,6,Focused,0.973,1250,241,1470,482
11670,12,Focused,0.965,313,312,628,660
11670,2,Focused,0.953,1595,253,1800,481
11670,1,Focused,0.972,987,352,1400,731
11670,22,Focused,0.719,783,240,1042,488
11670,9,Focused,0.947,1435,409,1866,748
11670,13,Focused,0.963,1078,191,1237,369
11670,3,Focused,0.98,909,198,1048,378
11670,4,Focused,0.826,571,232,757,453
11670,8,Focused,0.928,288,214,420,436
11700,11,Focused,0.842,46,317,285,638
11700,12,Focused,0.901,313,315,632,659
11700,2,Focused,0.738,1594,253,1798,482
11700,6,Focused,0.974,1253,243,1458,484
11700,22,Focused,0.734,783,241,1041,489
11700,1,Focused,0.974,987,352,1400,731
11700,3,Focused,0.982,914,202,1050,378
11700,13,Focused,0.969,1078,191,1237,368
11700,9,Focused,0.928,1435,416,1860,733
11700,8,Focused,0.965,287,214,420,435
11700,4,Focused,0.859,571,231,757,453
11730,11,Focused,0.91,49,317,283,635
11730,12,Focused,0.871,312,316,630,661
11730,2,Focused,0.963,1594,252,1799,485
11730,6,Focused,0.975,1250,242,1458,484
11730,22,Focused,0.566,783,242,1042,488
11730,1,Focused,0.977,986,354,1400,731
11730,3,Focused,0.981,914,195,1049,378
11730,13,Focused,0.971,1078,191,1237,367
11730,9,Focused,0.912,1434,417,1861,735
11730,8,Focused,0.969,288,214,417,435
11730,4,Focused,0.93,571,231,757,453
11760,11,Focused,0.905,49,319,284,636
11760,12,Focused,0.98,312,315,632,661
11760,6,Focused,0.975,1250,241,1458,484
11760,22,Focused,0.866,783,243,1042,488
11760,2,Focused,0.974,1595,251,1798,484
11760,1,Focused,0.948,987,354,1400,731
11760,3,Focused,0.981,910,199,1051,378
11760,13,Focused,0.975,1078,191,1237,367
11760,9,Focused,0.963,1434,420,1861,732
11760,4,Focused,0.861,571,231,757,453
11760,8,Focused,0.929,288,214,415,434
11790,11,Focused,0.92,51,322,282,633
11790,2,Focused,0.972,1595,251,1798,485
11790,6,Focused,0.976,1252,241,1458,484
11790,12,Focused,0.975,313,315,629,661
11790,1,Focused,0.838,987,352,1401,731
11790,22,Using Phone,0.486,783,243,1042,488
11790,3,Focused,0.98,911,198,1051,378
11790,9,Focused,0.942,1434,422,1861,733
11790,13,Focused,0.973,1077,190,1262,372
11790,4,Focused,0.823,571,231,757,453
11790,8,Focused,0.901,288,214,420,435
11820,11,Focused,0.95,61,323,292,637
11820,12,Focused,0.976,313,315,634,661
11820,1,Focused,0.538,991,351,1400,731
11820,6,Focused,0.974,1252,241,1458,484
11820,22,Looking Away,0.9,784,242,1042,487
11820,3,Focused,0.981,911,199,1052,378
11820,2,Focused,0.974,1597,250,1801,485
11820,13,Focused,0.97,1073,191,1252,372
11820,9,Focused,0.968,1434,415,1861,735
11820,4,Focused,0.917,571,230,757,453
11820,8,Focused,0.934,287,215,419,435
11850,11,Focused,0.971,59,325,291,637
11850,12,Focused,0.976,313,314,630,660
11850,2,Focused,0.973,1595,252,1799,486
11850,6,Focused,0.975,1253,241,1457,484
11850,22,Looking Away,0.733,784,243,1041,487
11850,1,Focused,0.865,989,351,1401,731
11850,3,Focused,0.981,911,199,1052,378
11850,9,Focused,0.982,1433,419,1862,735
11850,13,Focused,0.97,1076,191,1239,378
11850,4,Focused,0.964,571,230,757,454
11850,8,Focused,0.962,288,214,417,430
11880,11,Focused,0.973,67,326,291,636
11880,12,Focused,0.911,312,314,632,660
11880,2,Focused,0.971,1564,251,1799,494
11880,22,Focused,0.683,823,190,1075,470
11880,1,Focused,0.974,991,350,1401,731
11880,6,Focused,0.978,1252,241,1458,484
11880,9,Focused,0.981,1434,421,1861,738
11880,13,Focused,0.971,1075,191,1240,377
11880,8,Focused,0.967,288,215,421,436
11880,4,Focused,0.957,572,230,757,453
11880,3,Focused,0.981,961,189,1042,320
11910,12,Focused,0.978,313,315,628,664
11910,1,Focused,0.979,989,350,1400,731
11910,11,Focused,0.973,67,343,269,625
11910,6,Focused,0.98,1253,240,1457,483
11910,22,Focused,0.974,759,190,1164,460
11910,2,Focused,0.975,1595,252,1801,486
11910,9,Focused,0.983,1434,421,1860,735
11910,4,Focused,0.952,571,230,757,453
11910,8,Focused,0.964,286,214,421,436
11910,13,Focused,0.953,1083,191,1241,355
11910,3,Focused,0.98,980,197,1050,312
11940,12,Focused,0.938,313,315,632,660
11940,6,Focused,0.983,1253,240,1457,484
11940,11,Focused,0.978,68,347,269,626
11940,22,Focused,0.787,811,197,1085,462
11940,1,Focused,0.968,987,351,1400,731
11940,9,Focused,0.979,1434,394,1824,737
11940,2,Focused,0.974,1599,253,1801,415
11940,4,Focused,0.812,572,229,757,453
11940,8,Focused,0.955,287,214,420,435
11940,3,Focused,0.974,961,194,1050,327
11940,13,Focused,0.879,1076,191,1240,377
11970,12,Focused,0.978,312,314,637,659
11970,11,Focused,0.971,69,341,269,626
11970,2,Focused,0.977,1596,252,1800,488
11970,6,Focused,0.987,1252,240,1458,483
11970,9,Focused,0.971,1434,424,1832,738
11970,1,Focused,0.96,989,352,1400,731
11970,22,Focused,0.973,827,212,1146,466
11970,4,Focused,0.953,563,238,760,455
11970,8,Focused,0.973,287,214,421,435
11970,13,Focused,0.985,1081,191,1240,358
12000,4,Focused,0.972,576,233,758,457
12000,11,Focused,0.953,67,324,286,641
12000,2,Focused,0.978,1596,254,1797,487
12000,12,Focused,0.811,313,312,632,660
12000,22,Focused,0.958,785,255,1043,489
12000,1,Focused,0.96,990,349,1401,731
12000,6,Focused,0.985,1254,241,1452,484
12000,9,Focused,0.967,1434,426,1832,735
12000,3,Focused,0.975,918,198,1050,376
12000,8,Focused,0.978,287,214,421,436
12000,13,Focused,0.982,1076,191,1240,378
12030,4,Focused,0.963,576,235,756,456
12030,11,Focused,0.972,46,323,279,640
12030,12,Focused,0.695,313,314,635,659
12030,22,Focused,0.871,785,253,1047,490
12030,2,Focused,0.977,1595,252,1799,489
12030,1,Focused,0.959,987,352,1401,731
12030,6,Focused,0.982,1252,241,1455,484
12030,3,Focused,0.752,918,199,1051,375
12030,9,Focused,0.95,1435,426,1831,736
12030,8,Focused,0.978,287,214,420,435
12030,13,Focused,0.978,1076,191,1240,379
12060,4,Focused,0.936,570,238,756,456
12060,11,Focused,0.973,49,317,281,640
12060,12,Focused,0.98,314,315,636,659
12060,22,Focused,0.755,784,249,1047,489
12060,6,Focused,0.987,1248,239,1454,485
12060,2,Focused,0.978,1594,250,1800,492
12060,9,Focused,0.868,1434,426,1831,736
12060,1,Focused,0.965,986,352,1401,731
12060,3,Focused,0.978,896,206,1023,352
12060,8,Focused,0.968,286,214,421,435
12060,13,Focused,0.973,1075,191,1240,377
12090,4,Focused,0.717,571,239,756,456
12090,11,Focused,0.88,47,318,280,627
12090,12,Focused,0.725,312,313,633,659
12090,22,Focused,0.984,785,244,1047,489
12090,2,Focused,0.979,1595,251,1799,488
12090,9,Focused,0.939,1434,426,1831,736
12090,1,Focused,0.976,984,353,1401,731
12090,6,Focused,0.987,1251,238,1444,481
12090,8,Focused,0.956,287,213,422,436
12090,3,Focused,0.962,886,217,1022,353
12090,13,Focused,0.972,1075,191,1240,377
12120,4,Focused,0.451,572,238,756,457
12120,11,Focused,0.713,49,317,281,634
12120,12,Focused,0.983,312,313,637,659
12120,22,Focused,0.96,785,245,1048,489
12120,9,Focused,0.816,1433,427,1831,736
12120,1,Focused,0.973,986,354,1401,731
12120,2,Focused,0.977,1595,251,1800,490
12120,6,Focused,0.985,1255,237,1458,483
12120,3,Focused,0.972,914,195,1033,372
12120,8,Focused,0.953,286,213,421,435
12120,13,Focused,0.972,1075,190,1240,377
12150,4,Focused,0.613,572,238,757,457
12150,11,Focused,0.713,52,316,281,639
12150,12,Focused,0.969,309,310,631,661
12150,22,Focused,0.958,785,240,1047,489
12150,9,Focused,0.943,1433,427,1831,736
12150,2,Focused,0.974,1588,250,1805,491
12150,1,Focused,0.974,986,354,1401,731
12150,3,Focused,0.983,926,211,1036,369
12150,6,Focused,0.984,1252,237,1456,483
12150,8,Focused,0.938,288,214,421,436
12150,13,Focused,0.978,1076,191,1240,377
12180,4,Focused,0.508,571,238,756,456
12180,11,Focused,0.827,53,314,279,637
12180,12,Focused,0.983,302,313,609,701
12180,2,Focused,0.976,1577,254,1800,490
12180,22,Focused,0.965,785,244,1047,489
12180,1,Focused,0.979,986,354,1401,731
12180,9,Focused,0.959,1434,426,1831,732
12180,6,Focused,0.97,1250,239,1453,484
12180,8,Focused,0.96,288,215,415,432
12180,3,Focused,0.978,925,213,1035,370
12180,13,Focused,0.968,1075,191,1240,377
12210,4,Focused,0.503,572,236,757,457
12210,11,Focused,0.718,63,318,284,632
12210,12,Focused,0.957,301,309,609,702
12210,2,Focused,0.977,1577,255,1798,489
12210,1,Focused,0.975,986,352,1401,731
12210,9,Focused,0.959,1434,427,1831,734
12210,22,Focused,0.923,811,218,1018,469
12210,3,Focused,0.976,932,201,1035,371
12210,6,Focused,0.977,1253,239,1455,484
12210,8,Focused,0.957,288,215,421,433
12210,13,Focused,0.971,1075,191,1240,377
12240,2,Focused,0.976,1577,255,1797,489
12240,12,Focused,0.927,300,304,613,690
12240,11,Focused,0.495,67,329,289,630
12240,22,Focused,0.899,787,239,1041,490
12240,4,Using Phone,0.554,573,235,756,455
12240,1,Focused,0.977,986,354,1401,731
12240,9,Focused,0.535,1434,427,1832,734
12240,6,Focused,0.976,1253,238,1454,484
12240,3,Focused,0.796,932,195,1036,368
12240,8,Focused,0.926,288,215,406,434
12240,13,Focused,0.975,1075,191,1240,378
12270,4,Focused,0.49,572,234,758,456
12270,11,Focused,0.662,68,326,291,632
12270,2,Focused,0.977,1579,254,1798,493
12270,22,Focused,0.914,787,230,1041,490
12270,12,Focused,0.843,305,311,629,657
12270,1,Focused,0.975,987,354,1401,732
12270,9,Focused,0.551,1434,428,1831,734
12270,6,Focused,0.976,1253,240,1453,484
12270,3,Using Phone,0.501,934,194,1035,366
12270,8,Focused,0.94,288,214,418,434
12270,13,Focused,0.979,1075,191,1240,377
12300,4,Focused,0.687,572,234,758,456
12300,11,Focused,0.917,68,329,294,629
12300,2,Focused,0.978,1595,255,1796,486
12300,12,Focused,0.956,309,308,627,663
12300,22,Focused,0.973,794,228,1042,490
12300,1,Focused,0.965,985,355,1401,732
12300,9,Focused,0.58,1434,428,1831,733
12300,6,Focused,0.979,1252,239,1451,481
12300,3,Using Phone,0.489,935,196,1035,366
12300,8,Focused,0.967,288,214,414,435
12300,13,Focused,0.964,1075,191,1239,378
12330,4,Using Phone,0.643,573,235,758,455
12330,11,Focused,0.879,63,329,291,617
12330,2,Focused,0.979,1597,254,1798,487
12330,22,Focused,0.769,784,239,1041,489
12330,12,Focused,0.967,309,308,628,663
12330,1,Focused,0.963,984,355,1401,731
12330,9,Using Phone,0.46,1434,429,1831,734
12330,6,Focused,0.98,1253,240,1459,485
12330,8,Focused,0.929,289,216,416,434
12330,3,Using Phone,0.452,930,196,1036,372
12330,13,Focused,0.931,1076,191,1240,377
12360,12,Focused,0.907,307,309,628,660
12360,2,Focused,0.976,1596,254,1797,487
12360,4,Using Phone,0.783,574,236,756,455
12360,1,Focused,0.941,988,355,1401,732
12360,22,Looking Away,0.5,781,251,1040,489
12360,9,Focused,0.484,1434,429,1831,734
12360,11,Focused,0.94,62,335,291,618
12360,6,Focused,0.98,1253,239,1459,484
12360,8,Focused,0.95,286,213,418,435
12360,3,Focused,0.733,914,195,1035,382
12360,13,Focused,0.971,1076,191,1240,377
12390,12,Focused,0.865,311,317,630,661
12390,11,Focused,0.935,61,330,287,622
12390,2,Focused,0.982,1596,254,1797,487
12390,6,Focused,0.979,1249,239,1460,484
12390,9,Focused,0.463,1434,430,1832,735
12390,1,Focused,0.977,986,355,1401,731
12390,4,Using Phone,0.657,573,236,757,454
12390,22,Focused,0.753,784,244,1041,489
12390,3,Focused,0.79,931,195,1036,374
12390,13,Focused,0.972,1075,191,1240,378
12390,8,Focused,0.927,288,215,424,434
12420,11,Focused,0.967,68,331,291,652
12420,12,Focused,0.856,312,317,630,660
12420,2,Focused,0.977,1596,254,1797,487
12420,1,Focused,0.977,977,351,1401,750
12420,22,Focused,0.922,785,242,1044,487
12420,6,Focused,0.986,1253,245,1456,484
12420,9,Focused,0.627,1434,430,1831,734
12420,4,Using Phone,0.581,569,235,757,454
12420,3,Focused,0.873,927,195,1035,371
12420,13,Focused,0.98,1076,191,1239,377
12420,8,Focused,0.89,288,214,424,434
12450,11,Focused,0.926,70,325,291,640
12450,12,Focused,0.809,311,316,633,659
12450,2,Focused,0.978,1596,254,1797,487
12450,4,Using Phone,0.549,571,231,757,453
12450,22,Focused,0.958,785,243,1044,489
12450,6,Focused,0.986,1255,242,1456,484
12450,9,Focused,0.836,1434,431,1831,734
12450,1,Focused,0.978,971,348,1400,750
12450,3,Focused,0.969,925,194,1035,372
12450,13,Focused,0.985,1075,191,1239,378
12450,8,Focused,0.914,288,215,421,435
12480,11,Focused,0.971,72,329,292,640
12480,12,Focused,0.897,313,315,632,659
12480,2,Focused,0.977,1596,254,1797,488
12480,22,Focused,0.943,784,251,1045,490
12480,6,Focused,0.984,1256,243,1456,484
12480,9,Focused,0.964,1433,431,1831,727
12480,4,Using Phone,0.545,571,233,757,454
12480,1,Focused,0.976,972,351,1400,732
12480,3,Focused,0.958,928,195,1036,372
12480,8,Focused,0.905,288,214,419,435
12480,13,Focused,0.977,1076,191,1239,378
12510,11,Focused,0.944,66,320,288,641
12510,4,Using Phone,0.479,574,237,757,454
12510,12,Focused,0.793,313,315,637,659
12510,2,Focused,0.977,1595,255,1797,487
12510,9,Focused,0.854,1434,430,1831,733
12510,6,Focused,0.98,1257,243,1455,484
12510,1,Focused,0.966,976,350,1400,732
12510,22,Focused,0.947,783,252,1046,490
12510,13,Focused,0.957,1075,191,1239,377
12510,3,Focused,0.976,860,202,1057,373
12510,8,Focused,0.922,288,215,422,434
12540,4,Focused,0.491,574,238,758,455
12540,11,Focused,0.763,77,317,296,641
12540,12,Focused,0.68,317,316,630,661
12540,2,Focused,0.976,1595,254,1796,487
12540,6,Focused,0.969,1257,243,1455,484
12540,1,Focused,0.965,981,350,1400,732
12540,9,Focused,0.838,1434,431,1832,733
12540,3,Focused,0.938,857,207,1076,373
12540,8,Focused,0.936,288,216,423,436
12540,13,Focused,0.946,1075,190,1239,378
12540,22,Focused,0.883,782,261,1037,476
12570,11,Focused,0.77,60,312,292,640
12570,12,Focused,0.823,316,314,631,663
12570,2,Focused,0.975,1595,254,1796,488
12570,4,Focused,0.499,574,239,757,455
12570,6,Focused,0.982,1255,242,1455,484
12570,9,Focused,0.851,1434,431,1832,733
12570,1,Focused,0.965,980,352,1400,731
12570,22,Focused,0.932,784,262,1038,476
12570,13,Focused,0.96,1075,191,1240,378
12570,8,Focused,0.936,288,216,424,434
12570,3,Focused,0.974,914,207,1066,373
12600,4,Focused,0.578,573,239,758,456
12600,11,Focused,0.861,63,312,294,640
12600,2,Focused,0.972,1595,254,1797,486
12600,12,Focused,0.95,312,309,631,660
12600,6,Focused,0.986,1255,242,1455,484
12600,9,Focused,0.92,1434,432,1831,732
12600,22,Focused,0.95,785,266,1038,476
12600,1,Focused,0.934,977,352,1400,732
12600,3,Focused,0.85,920,199,1033,373
12600,13,Focused,0.974,1075,191,1239,377
12600,8,Focused,0.934,287,215,420,434
12630,11,Focused,0.917,64,315,292,641
12630,2,Focused,0.974,1595,254,1796,486
12630,12,Focused,0.975,311,310,631,664
12630,6,Focused,0.984,1255,241,1456,482
12630,9,Focused,0.96,1434,432,1832,732
12630,4,Focused,0.487,568,227,773,456
12630,1,Focused,0.829,979,350,1400,732
12630,22,Focused,0.818,783,265,1035,476
12630,3,Focused,0.568,922,199,1033,372
12630,13,Focused,0.975,1075,191,1240,376
12630,8,Focused,0.937,288,215,416,435
12660,4,Focused,0.715,566,238,756,454
12660,2,Focused,0.975,1595,254,1796,486
12660,12,Focused,0.972,319,304,632,650
12660,11,Focused,0.885,54,314,285,630
12660,22,Focused,0.689,784,264,1036,476
12660,1,Focused,0.959,980,348,1400,732
12660,6,Focused,0.983,1256,242,1456,483
12660,9,Focused,0.832,1435,431,1831,732
12660,3,Focused,0.497,924,200,1033,372
12660,13,Focused,0.975,1075,191,1239,378
12660,8,Focused,0.949,287,215,408,433
12690,11,Focused,0.7,52,311,285,635
12690,12,Focused,0.962,325,306,631,649
12690,2,Focused,0.976,1593,254,1794,489
12690,4,Focused,0.581,568,233,757,453
12690,6,Focused,0.964,1256,242,1456,484
12690,22,Using Phone,0.448,784,264,1036,476
12690,1,Focused,0.974,981,349,1400,732
12690,3,Focused,0.823,925,201,1032,372
12690,13,Focused,0.961,1075,191,1239,377
12690,8,Focused,0.933,287,215,404,433
12690,9,Focused,0.918,1507,423,1902,738
12720,12,Focused,0.982,323,301,619,649
12720,11,Focused,0.791,56,313,286,642
12720,2,Focused,0.977,1593,254,1794,488
12720,6,Focused,0.987,1258,241,1457,484
12720,4,Focused,0.865,568,239,756,454
12720,1,Focused,0.975,981,347,1400,732
12720,22,Using Phone,0.437,783,264,1047,490
12720,3,Focused,0.981,920,199,1033,371
12720,13,Focused,0.974,1072,191,1264,374
12720,8,Focused,0.96,290,215,407,434
12720,9,Focused,0.856,1505,424,1907,739
12750,11,Focused,0.927,57,313,288,641
12750,2,Focused,0.978,1593,253,1794,489
12750,12,Focused,0.923,337,301,620,649
12750,1,Focused,0.974,981,347,1400,732
12750,6,Focused,0.987,1258,239,1451,483
12750,22,Focused,0.627,784,261,1046,489
12750,4,Focused,0.973,571,236,779,461
12750,13,Focused,0.985,1073,191,1257,374
12750,3,Focused,0.885,924,197,1034,371
12750,9,Focused,0.891,1504,407,1896,737
12750,8,Focused,0.978,273,221,395,434
12780,2,Focused,0.976,1593,254,1793,490
12780,11,Focused,0.955,61,311,289,635
12780,4,Focused,0.913,565,229,772,457
12780,12,Focused,0.972,340,299,617,648
12780,6,Focused,0.98,1257,245,1459,486
12780,1,Focused,0.969,983,347,1400,732
12780,22,Focused,0.839,780,260,1045,490
12780,13,Focused,0.984,1074,191,1258,375
12780,3,Focused,0.973,924,198,1034,372
12780,9,Focused,0.977,1503,404,1896,737
12780,8,Focused,0.967,282,216,402,434
12810,2,Focused,0.975,1593,254,1795,488
12810,4,Focused,0.971,567,233,772,453
12810,11,Focused,0.982,55,311,285,632
12810,6,Focused,0.971,1257,244,1459,488
12810,22,Focused,0.928,785,253,1047,488
12810,1,Focused,0.956,984,347,1400,732
12810,12,Focused,0.981,341,302,654,649
12810,3,Focused,0.969,928,197,1035,368
12810,13,Focused,0.975,1072,190,1264,373
12810,9,Focused,0.811,1504,408,1896,736
12810,8,Focused,0.968,222,222,380,423
12840,11,Focused,0.984,59,309,284,634
12840,2,Focused,0.975,1588,255,1795,487
12840,6,Focused,0.954,1259,243,1458,487
12840,12,Focused,0.985,336,302,634,651
12840,1,Focused,0.918,983,350,1401,732
12840,22,Focused,0.983,779,260,1046,489
12840,4,Focused,0.985,566,236,777,461
12840,3,Focused,0.971,924,203,1033,371
12840,8,Focused,0.976,233,229,398,439
12840,13,Focused,0.967,1084,191,1241,352
12840,9,Focused,0.872,1503,408,1899,738
12870,4,Focused,0.986,566,231,774,476
12870,2,Focused,0.979,1594,254,1794,487
12870,12,Focused,0.985,332,303,634,650
12870,6,Focused,0.967,1259,240,1458,487
12870,22,Focused,0.978,781,256,1045,488
12870,1,Focused,0.974,984,350,1399,732
12870,11,Focused,0.986,16,310,294,618
12870,3,Focused,0.97,927,202,1033,371
12870,13,Focused,0.975,1080,191,1242,365
12870,8,Focused,0.971,229,230,400,439
12870,9,Focused,0.968,1504,409,1898,737
12900,4,Focused,0.986,563,236,774,460
12900,22,Focused,0.987,783,257,1046,488
12900,1,Focused,0.98,984,350,1401,732
12900,6,Focused,0.977,1260,250,1457,485
12900,2,Focused,0.981,1594,255,1794,486
12900,12,Focused,0.983,321,298,632,650
12900,3,Focused,0.975,928,203,1033,370
12900,9,Focused,0.974,1505,408,1901,767
12900,11,Focused,0.986,1,334,246,623
12900,13,Focused,0.977,1083,191,1241,354
12900,8,Focused,0.978,234,231,395,439
12930,4,Focused,0.986,564,238,774,459
12930,22,Focused,0.985,781,255,1046,489
12930,1,Focused,0.975,984,350,1401,731
12930,6,Focused,0.979,1261,250,1459,485
12930,11,Focused,0.973,1,334,248,618
12930,2,Focused,0.982,1594,254,1788,486
12930,12,Focused,0.983,323,298,632,651
12930,3,Focused,0.975,929,202,1034,371
12930,13,Focused,0.974,1082,191,1240,355
12930,8,Focused,0.96,235,230,397,438
12930,9,Focused,0.97,1581,399,1903,729
12960,4,Focused,0.881,565,239,773,460
12960,22,Focused,0.871,780,255,1046,489
12960,6,Focused,0.976,1261,254,1459,485
12960,1,Focused,0.974,983,350,1400,732
12960,11,Focused,0.955,0,334,255,618
12960,2,Focused,0.976,1594,255,1790,487
12960,12,Focused,0.979,313,299,632,650
12960,3,Focused,0.976,928,202,1033,371
12960,13,Focused,0.977,1083,191,1241,353
12960,8,Focused,0.773,230,229,395,438
12960,9,Focused,0.977,1533,403,1904,735
12990,4,Focused,0.937,565,239,773,460
12990,22,Focused,0.978,781,256,1046,488
12990,1,Focused,0.972,984,350,1400,732
12990,6,Focused,0.978,1262,253,1459,485
12990,2,Focused,0.974,1593,254,1792,488
12990,12,Focused,0.965,310,299,633,650
12990,11,Focused,0.945,0,343,246,620
12990,3,Focused,0.978,929,203,1033,371
12990,9,Focused,0.98,1529,395,1894,735
12990,13,Focused,0.978,1081,191,1242,361
12990,8,Focused,0.814,235,230,397,439
13020,2,Focused,0.975,1592,253,1794,488
13020,1,Focused,0.977,984,345,1402,732
13020,4,Focused,0.941,566,240,772,461
13020,6,Focused,0.978,1266,254,1459,485
13020,22,Focused,0.97,780,253,1046,488
13020,12,Focused,0.965,315,299,632,650
13020,11,Focused,0.799,0,342,247,621
13020,3,Focused,0.978,929,203,1034,371
13020,9,Focused,0.98,1529,393,1894,735
13020,13,Focused,0.98,1083,191,1241,351
13020,8,Focused,0.915,240,228,396,437
13050,2,Focused,0.978,1592,253,1795,488
13050,1,Focused,0.98,967,352,1402,762
13050,12,Focused,0.973,303,288,686,650
13050,6,Focused,0.981,1257,252,1462,484
13050,4,Focused,0.971,566,240,778,459
13050,22,Focused,0.982,782,218,1056,475
13050,11,Focused,0.905,0,321,288,617
13050,3,Focused,0.978,931,191,1038,364
13050,13,Focused,0.979,1081,191,1242,360
13050,9,Focused,0.98,1531,394,1895,735
13050,8,Focused,0.967,291,216,417,441
13080,1,Focused,0.978,1057,340,1404,736
13080,4,Focused,0.93,564,235,771,460
13080,11,Focused,0.802,74,335,305,636
13080,12,Focused,0.978,295,312,607,699
13080,13,Focused,0.98,1080,190,1236,363
13080,9,Focused,0.98,1501,412,1839,733
13080,6,Focused,0.98,1228,221,1436,425
13080,2,Focused,0.979,1593,254,1795,422
13080,22,Focused,0.977,775,266,1048,490
13080,3,Focused,0.979,865,180,1040,372
13080,8,Focused,0.963,291,217,419,443
13110,1,Focused,0.971,1064,332,1403,703
13110,12,Focused,0.974,305,300,607,699
13110,4,Focused,0.774,563,238,772,459
13110,22,Focused,0.862,774,260,1022,479
13110,6,Focused,0.977,1265,233,1443,474
13110,11,Focused,0.86,6,330,318,620
13110,3,Focused,0.978,932,219,1078,385
13110,9,Focused,0.978,1502,425,1839,733
13110,2,Focused,0.975,1587,254,1797,429
13110,8,Focused,0.92,272,215,383,426
13110,13,Focused,0.98,1080,182,1260,344
13140,1,Focused,0.957,1074,338,1400,706
13140,13,Focused,0.98,1107,181,1289,335
13140,4,Focused,0.866,565,237,771,459
13140,2,Focused,0.978,1597,241,1809,489
13140,12,Focused,0.982,298,309,609,698
13140,22,Focused,0.559,773,260,1043,489
13140,11,Focused,0.984,29,335,359,615
13140,9,Focused,0.979,1506,418,1847,737
13140,8,Focused,0.986,282,228,410,445
13140,3,Focused,0.98,933,218,1067,386
13140,6,Focused,0.977,1278,229,1427,477
13170,1,Focused,0.937,1063,331,1405,748
13170,12,Focused,0.983,333,303,631,699
13170,6,Focused,0.976,1260,232,1444,411
13170,4,Focused,0.925,558,228,779,460
13170,13,Focused,0.98,1093,186,1283,330
13170,9,Focused,0.981,1501,420,1841,736
13170,8,Focused,0.984,285,230,426,443
13170,2,Focused,0.98,1597,242,1810,436
13170,11,Focused,0.982,24,331,367,617
13170,22,Focused,0.964,776,255,1043,489
13170,3,Focused,0.98,843,189,1035,370
13200,1,Focused,0.964,1102,335,1404,706
13200,2,Focused,0.98,1563,242,1807,497
13200,12,Focused,0.982,334,308,631,698
13200,4,Focused,0.956,579,229,759,459
13200,13,Focused,0.983,1095,186,1279,347
13200,11,Focused,0.985,22,335,367,617
13200,22,Focused,0.961,772,259,1045,489
13200,8,Focused,0.976,284,231,416,444
13200,3,Focused,0.982,918,194,1050,383
13200,9,Focused,0.981,1474,388,1905,754
13200,6,Focused,0.974,1267,229,1433,450
13230,1,Focused,0.783,1100,349,1440,717
13230,2,Focused,0.979,1563,242,1806,491
13230,12,Focused,0.982,336,300,632,699
13230,22,Focused,0.953,786,254,1043,489
13230,13,Focused,0.986,1095,187,1276,382
13230,8,Focused,0.973,286,233,430,444
13230,11,Focused,0.981,22,337,367,616
13230,4,Focused,0.955,547,270,738,455
13230,6,Focused,0.975,1232,227,1434,467
13230,3,Focused,0.985,926,197,1048,378
13230,9,Focused,0.981,1475,421,1912,744
13260,1,Focused,0.72,1064,341,1438,709
13260,12,Focused,0.981,337,302,630,698
13260,22,Focused,0.969,786,252,1044,488
13260,9,Focused,0.979,1473,384,1848,738
13260,4,Focused,0.967,622,228,768,457
13260,13,Focused,0.976,1063,190,1273,373
13260,11,Focused,0.984,22,331,367,618
13260,8,Focused,0.959,289,228,434,442
13260,2,Focused,0.979,1587,231,1806,414
13260,3,Focused,0.979,921,190,1043,375
13260,6,Focused,0.97,1215,216,1383,388
13290,1,Focused,0.956,1062,337,1433,709
13290,12,Focused,0.981,292,307,605,700
13290,2,Focused,0.978,1564,234,1807,496
13290,4,Focused,0.945,622,227,769,458
13290,11,Focused,0.982,49,331,323,622
13290,13,Focused,0.966,1082,192,1274,374
13290,22,Focused,0.964,792,249,1043,488
13290,6,Focused,0.978,1229,220,1396,371
13290,9,Focused,0.981,1470,412,1889,741
13290,8,Focused,0.978,285,227,424,439
13290,3,Focused,0.973,926,189,1041,368
13320,1,Focused,0.958,1113,364,1433,708
13320,2,Focused,0.979,1564,235,1809,496
13320,13,Focused,0.967,1093,188,1278,382
13320,4,Focused,0.862,620,227,768,457
13320,8,Focused,0.979,298,228,471,411
13320,6,Focused,0.975,1244,220,1403,388
13320,22,Focused,0.922,789,250,1045,489
13320,9,Focused,0.978,1468,421,1886,748
13320,11,Focused,0.943,34,326,257,619
13320,12,Focused,0.959,56,333,587,702
13320,3,Focused,0.984,912,200,1045,380
13350,1,Focused,0.974,1048,338,1428,706
13350,2,Focused,0.981,1552,236,1794,486
13350,4,Focused,0.779,619,224,767,457
13350,11,Focused,0.986,87,325,314,620
13350,12,Focused,0.975,260,333,590,700
13350,13,Focused,0.957,1093,186,1283,372
13350,22,Focused,0.954,788,252,1042,489
13350,6,Focused,0.973,1257,221,1392,468
13350,9,Focused,0.98,1467,412,1875,748
13350,3,Focused,0.983,928,201,1046,379
13350,8,Focused,0.975,284,227,476,415
13380,11,Focused,0.984,98,311,346,622
13380,1,Focused,0.978,1050,339,1430,707
13380,13,Focused,0.962,1092,188,1284,383
13380,12,Focused,0.982,303,317,612,695
13380,9,Focused,0.981,1473,378,1808,740
13380,4,Focused,0.935,618,229,768,458
13380,6,Focused,0.975,1234,225,1392,477
13380,22,Focused,0.987,788,253,1040,489
13380,8,Focused,0.975,285,227,416,443
13380,2,Focused,0.979,1593,236,1804,414
13380,3,Focused,0.981,931,208,1048,368
13410,1,Focused,0.977,1066,335,1429,706
13410,4,Focused,0.958,560,216,798,453
13410,11,Focused,0.984,51,318,317,622
13410,12,Focused,0.983,341,291,656,651
13410,13,Focused,0.978,1094,186,1279,390
13410,2,Focused,0.978,1553,239,1801,487
13410,6,Focused,0.981,1257,225,1404,417
13410,8,Focused,0.976,232,212,446,434
13410,9,Focused,0.981,1462,399,1803,743
13410,3,Focused,0.985,939,196,1043,381
13410,22,Focused,0.987,797,206,999,462
13440,12,Focused,0.917,403,306,697,658
13440,1,Focused,0.979,1065,358,1430,706
13440,11,Focused,0.982,37,332,280,623
13440,13,Focused,0.984,1095,187,1280,381
13440,2,Focused,0.98,1566,258,1805,471
13440,4,Focused,0.911,616,227,802,455
13440,8,Focused,0.984,243,214,433,450
13440,6,Focused,0.979,1247,221,1403,404
13440,9,Focused,0.98,1459,403,1803,741
13440,3,Focused,0.984,896,189,1042,355
13470,12,Focused,0.986,397,308,697,654
13470,1,Focused,0.974,1051,343,1428,707
13470,11,Focused,0.98,0,336,178,619
13470,6,Focused,0.976,1226,222,1391,418
13470,4,Focused,0.987,600,222,807,453
13470,9,Focused,0.98,1458,390,1791,737
13470,8,Focused,0.97,244,215,434,450
13470,13,Focused,0.986,1092,185,1272,369
13470,2,Focused,0.977,1571,232,1809,419
13470,3,Focused,0.972,883,191,1044,380
13470,23,Unknown,0.0,807,536,999,754
13500,12,Focused,0.984,401,304,694,654
13500,1,Focused,0.972,1072,335,1427,708
13500,11,Focused,0.976,0,335,186,620
13500,3,Focused,0.671,873,197,1042,388
13500,4,Focused,0.941,609,224,796,454
13500,8,Focused,0.978,244,215,434,450
13500,9,Focused,0.978,1464,395,1852,732
13500,6,Focused,0.975,1243,222,1395,416
13500,2,Focused,0.971,1552,237,1799,479
13500,13,Focused,0.986,1088,184,1282,380
13500,23,Unknown,0.0,715,532,920,776
13530,12,Focused,0.97,403,312,696,656
13530,1,Focused,0.969,1062,354,1431,713
13530,2,Focused,0.981,1552,237,1803,487
13530,4,Focused,0.984,607,217,797,451
13530,13,Focused,0.974,1097,186,1275,386
13530,3,Focused,0.984,867,198,1043,388
13530,11,Focused,0.977,63,333,289,623
13530,8,Focused,0.981,245,215,434,451
13530,6,Focused,0.978,1236,221,1390,420
13530,9,Focused,0.982,1457,411,1862,746
13530,23,Unknown,0.0,714,531,926,766
13560,12,Focused,0.971,403,306,695,658
13560,1,Focused,0.972,1126,355,1430,707
13560,13,Focused,0.98,1098,188,1276,386
13560,9,Focused,0.981,1485,350,1837,740
13560,11,Focused,0.957,66,342,279,624
13560,8,Focused,0.984,245,215,434,451
13560,4,Focused,0.985,607,222,799,452
13560,2,Focused,0.982,1648,236,1804,411
13560,3,Focused,0.984,935,194,1042,382
13560,6,Focused,0.979,1243,228,1392,400
13560,23,Unknown,0.0,734,532,971,767
13560,22,Focused,0.985,816,194,1013,464
13590,12,Focused,0.961,403,306,696,654
13590,1,Focused,0.978,1126,346,1430,707
13590,13,Focused,0.979,1106,190,1273,381
13590,6,Focused,0.979,1230,222,1406,417
13590,11,Focused,0.975,7,345,287,624
13590,3,Focused,0.985,925,207,1044,379
13590,9,Focused,0.982,1464,393,1803,737
13590,8,Focused,0.982,244,215,434,451
13590,4,Focused,0.984,609,229,792,452
13590,23,Focused,0.972,807,535,999,756
13590,2,Focused,0.982,1567,236,1803,416
13590,24,Unknown,0.0,1057,434,1201,619
13620,12,Focused,0.956,403,315,692,654
13620,1,Focused,0.971,1121,341,1432,708
13620,4,Focused,0.985,594,220,796,453
13620,2,Focused,0.981,1552,236,1804,486
13620,6,Focused,0.977,1230,219,1436,465
13620,13,Focused,0.982,1104,189,1272,379
13620,11,Focused,0.972,22,335,272,625
13620,8,Focused,0.984,246,215,435,450
13620,9,Focused,0.981,1475,416,1838,748
13620,3,Focused,0.983,929,209,1062,391
13620,23,Focused,0.981,807,535,999,753
13620,24,Unknown,0.0,1056,434,1221,619
13650,12,Focused,0.949,402,315,691,654
13650,11,Focused,0.961,21,319,261,623
13650,1,Focused,0.959,1126,355,1431,708
13650,2,Focused,0.982,1550,237,1799,489
13650,13,Focused,0.979,1103,193,1267,378
13650,8,Focused,0.98,289,215,473,444
13650,6,Focused,0.975,1232,230,1390,420
13650,4,Focused,0.983,592,228,794,453
13650,9,Focused,0.976,1495,373,1908,752
13650,23,Focused,0.982,812,537,997,754
13650,3,Focused,0.982,924,194,1040,371
13650,24,Unknown,0.0,1056,434,1204,618
13680,12,Focused,0.857,403,319,691,654
13680,1,Focused,0.962,1045,340,1429,707
13680,11,Focused,0.976,15,327,264,622
13680,13,Focused,0.935,1097,185,1278,379
13680,6,Focused,0.973,1241,229,1392,466
13680,22,Focused,0.984,829,204,988,352
13680,8,Focused,0.968,281,222,481,443
13680,4,Focused,0.976,592,226,793,452
13680,9,Focused,0.98,1428,390,1894,720
13680,2,Focused,0.981,1564,235,1801,415
13680,23,Focused,0.811,812,536,997,753
13710,12,Focused,0.9,402,307,691,654
13710,1,Focused,0.937,1038,343,1425,768
13710,11,Focused,0.981,24,314,260,623
13710,2,Focused,0.981,1531,235,1782,474
13710,6,Focused,0.976,1240,226,1421,465
13710,13,Focused,0.798,1099,185,1275,370
13710,8,Focused,0.89,280,222,485,444
13710,4,Focused,0.97,602,226,796,452
13710,9,Focused,0.979,1485,412,1902,739
13710,3,Focused,0.985,907,192,1033,363
13710,23,Focused,0.92,814,537,995,753
13740,12,Using Phone,0.467,402,313,691,654
13740,1,Focused,0.692,1039,346,1424,762
13740,2,Focused,0.977,1549,235,1798,487
13740,6,Focused,0.946,1250,232,1405,470
13740,13,Using Phone,0.472,1100,186,1281,373
13740,4,Focused,0.94,597,227,794,452
13740,8,Focused,0.497,281,223,486,444
13740,3,Focused,0.987,917,198,1036,367
13740,9,Focused,0.978,1465,411,1910,739
13740,11,Focused,0.981,22,323,259,622
13740,23,Focused,0.889,813,537,999,753
13770,12,Focused,0.874,402,309,689,654
13770,1,Focused,0.669,1037,379,1425,761
13770,2,Focused,0.906,1548,236,1797,487
13770,13,Focused,0.84,1097,187,1283,390
13770,6,Focused,0.946,1230,220,1392,463
13770,8,Focused,0.896,282,223,469,443
13770,4,Using Phone,0.568,600,227,794,452
13770,9,Focused,0.97,1484,379,1866,727
13770,11,Focused,0.983,21,321,261,623
13770,3,Focused,0.986,918,200,1034,357
13770,23,Focused,0.978,813,537,1001,753
13800,6,Focused,0.973,1242,228,1387,471
13800,12,Focused,0.966,392,320,670,664
13800,1,Focused,0.976,1043,345,1425,761
13800,2,Focused,0.98,1548,237,1794,486
13800,4,Focused,0.968,573,228,792,452
13800,8,Focused,0.975,282,224,439,443
13800,11,Focused,0.979,25,323,260,622
13800,13,Focused,0.981,1090,190,1284,371
13800,9,Focused,0.976,1469,414,1897,729
13800,3,Focused,0.982,938,214,1037,374
13800,23,Focused,0.986,812,536,999,754
13830,1,Focused,0.979,1039,326,1429,706
13830,12,Focused,0.96,397,319,666,657
13830,4,Focused,0.954,579,227,792,452
13830,13,Focused,0.976,1089,197,1271,377
13830,11,Focused,0.98,18,330,267,623
13830,2,Focused,0.98,1572,236,1802,460
13830,8,Focused,0.982,281,224,434,443
13830,9,Focused,0.981,1460,407,1869,729
13830,3,Focused,0.985,922,201,1034,374
13830,6,Focused,0.974,1238,225,1425,417
13830,23,Focused,0.984,812,537,998,753
13860,12,Focused,0.944,397,308,692,656
13860,2,Focused,0.981,1550,236,1796,484
13860,13,Focused,0.981,1092,192,1276,376
13860,1,Focused,0.981,1076,393,1470,740
13860,4,Focused,0.962,607,227,791,452
13860,9,Focused,0.982,1467,389,1893,732
13860,8,Focused,0.984,281,224,495,443
13860,6,Focused,0.976,1231,228,1392,485
13860,11,Focused,0.98,20,327,264,624
13860,3,Focused,0.985,920,201,1034,375
13860,23,Focused,0.983,813,537,1000,754
13890,12,Focused,0.959,400,304,695,655
13890,2,Focused,0.98,1551,236,1797,488
13890,1,Focused,0.982,1057,348,1429,720
13890,13,Focused,0.971,1092,187,1280,378
13890,4,Focused,0.966,616,222,791,451
13890,11,Focused,0.978,15,323,257,624
13890,8,Focused,0.974,281,225,505,443
13890,6,Focused,0.974,1244,223,1394,464
13890,9,Focused,0.978,1468,390,1882,731
13890,3,Focused,0.986,911,196,1032,372
13890,23,Focused,0.978,812,537,1001,754
13920,12,Focused,0.97,399,303,696,655
13920,1,Focused,0.98,1104,348,1438,710
13920,2,Focused,0.982,1555,236,1804,482
13920,13,Focused,0.965,1097,194,1276,377
13920,6,Focused,0.97,1235,221,1389,380
13920,4,Focused,0.967,608,225,793,452
13920,8,Focused,0.957,282,226,501,444
13920,11,Focused,0.979,25,334,266,624
13920,9,Focused,0.98,1469,407,1888,729
13920,3,Focused,0.984,919,199,1032,372
13920,23,Focused,0.911,812,537,999,753
13950,12,Focused,0.979,399,306,695,655
13950,1,Focused,0.962,1042,333,1436,709
13950,4,Focused,0.949,566,224,792,453
13950,13,Focused,0.962,1096,187,1274,379
13950,6,Focused,0.973,1234,219,1398,416
13950,11,Focused,0.98,21,328,264,624
13950,9,Focused,0.979,1467,405,1856,731
13950,2,Focused,0.98,1582,233,1808,416
13950,8,Focused,0.951,282,226,504,444
13950,23,Focused,0.974,812,537,998,754
13950,3,Focused,0.983,916,197,1030,361
13980,12,Focused,0.984,399,304,694,656
13980,1,Focused,0.867,1119,341,1436,709
13980,11,Focused,0.976,0,321,253,623
13980,13,Focused,0.975,1098,190,1272,377
13980,2,Focused,0.968,1559,236,1806,486
13980,6,Focused,0.968,1229,220,1386,415
13980,4,Focused,0.915,599,232,790,452
13980,8,Focused,0.968,282,226,503,443
13980,9,Focused,0.978,1472,411,1902,746
13980,23,Focused,0.979,813,538,998,753
13980,3,Focused,0.982,922,200,1036,371
14010,12,Focused,0.983,399,303,695,655
14010,1,Focused,0.969,1118,350,1436,709
14010,11,Focused,0.977,0,322,233,623
14010,2,Focused,0.98,1557,238,1780,486
14010,13,Focused,0.975,1094,186,1276,377
14010,4,Focused,0.97,631,210,797,452
14010,3,Focused,0.98,897,185,1036,383
14010,6,Focused,0.975,1226,224,1387,384
14010,8,Focused,0.973,283,226,504,443
14010,9,Focused,0.98,1472,401,1897,745
14010,24,Unknown,0.0,1069,432,1211,618
14040,12,Focused,0.985,399,311,697,657
14040,1,Focused,0.954,1116,343,1437,709
14040,11,Focused,0.979,0,331,211,621
14040,13,Focused,0.974,1097,187,1278,377
14040,6,Focused,0.981,1234,224,1391,416
14040,4,Focused,0.974,614,213,793,453
14040,3,Focused,0.984,894,199,1029,382
14040,9,Focused,0.983,1468,384,1895,744
14040,8,Focused,0.978,282,225,504,442
14040,2,Focused,0.982,1563,239,1758,414
14040,25,Unknown,0.0,781,215,978,463
14040,24,Focused,0.949,1063,431,1205,617
14070,1,Focused,0.966,1125,342,1437,708
14070,11,Focused,0.979,0,331,214,621
14070,12,Focused,0.979,398,309,699,671
14070,2,Focused,0.982,1556,237,1798,485
14070,13,Focused,0.981,1097,187,1279,378
14070,4,Focused,0.979,613,212,794,454
14070,6,Focused,0.98,1235,230,1397,370
14070,3,Focused,0.985,889,199,1030,385
14070,8,Focused,0.98,282,224,506,443
14070,9,Focused,0.984,1471,407,1897,745
14070,24,Chatting,0.641,1052,433,1222,618
14070,23,Focused,0.983,721,521,958,737
14070,25,Unknown,0.0,764,224,977,462
14100,12,Focused,0.979,397,303,702,657
14100,1,Focused,0.956,1051,340,1424,763
14100,11,Focused,0.979,0,328,206,620
14100,2,Focused,0.98,1555,237,1801,484
14100,4,Focused,0.98,629,212,793,453
14100,13,Focused,0.981,1102,188,1274,376
14100,6,Focused,0.979,1240,221,1402,464
14100,8,Focused,0.981,282,225,503,444
14100,9,Focused,0.977,1472,409,1899,748
14100,3,Focused,0.978,889,199,1031,384
14100,23,Focused,0.975,717,519,957,737
14100,25,Unknown,0.0,758,232,978,465
14130,12,Focused,0.978,393,305,700,656
14130,1,Focused,0.971,1057,339,1426,762
14130,11,Focused,0.979,0,330,203,621
14130,2,Focused,0.973,1552,237,1801,485
14130,4,Focused,0.981,630,214,794,452
14130,6,Focused,0.975,1237,224,1391,467
14130,13,Focused,0.98,1097,190,1275,379
14130,3,Focused,0.984,887,198,1031,384
14130,8,Focused,0.978,282,225,503,443
14130,9,Focused,0.979,1473,410,1900,748
14130,25,Unknown,0.0,769,217,970,461
14130,23,Focused,0.888,718,519,953,735
14160,12,Focused,0.974,390,305,700,655
14160,1,Focused,0.97,1094,337,1427,762
14160,11,Focused,0.978,0,330,198,622
14160,13,Focused,0.981,1097,191,1270,379
14160,2,Focused,0.98,1559,237,1803,487
14160,4,Focused,0.977,634,214,794,453
14160,3,Focused,0.985,892,198,1039,384
14160,6,Focused,0.977,1224,220,1446,416
14160,8,Focused,0.984,282,225,504,443
14160,9,Focused,0.981,1473,385,1899,752
14160,25,Focused,0.922,783,223,982,464
14160,23,Focused,0.298,721,518,958,737
14190,12,Focused,0.974,388,304,700,655
14190,1,Focused,0.974,1093,350,1429,708
14190,2,Focused,0.981,1558,236,1801,488
14190,11,Focused,0.977,0,331,198,622
14190,13,Focused,0.98,1100,191,1274,378
14190,6,Focused,0.975,1227,220,1393,419
14190,4,Focused,0.983,633,212,793,453
14190,8,Focused,0.973,282,224,504,444
14190,9,Focused,0.975,1502,397,1902,762
14190,3,Focused,0.978,890,197,1030,382
14190,25,Focused,0.879,771,225,980,464
14190,23,Focused,0.681,722,521,959,737
14220,12,Focused,0.979,386,305,699,658
14220,11,Focused,0.977,0,325,237,624
14220,1,Focused,0.98,1042,343,1424,758
14220,2,Focused,0.977,1558,236,1801,488
14220,6,Focused,0.96,1242,221,1392,467
14220,13,Focused,0.983,1101,191,1276,368
14220,8,Focused,0.981,276,219,491,443
14220,3,Focused,0.97,886,200,1033,384
14220,9,Focused,0.98,1507,408,1906,765
14220,25,Focused,0.979,717,218,964,460
14220,4,Focused,0.987,627,212,785,449
14250,6,Focused,0.969,1241,223,1390,469
14250,12,Focused,0.982,391,306,699,657
14250,11,Focused,0.977,0,322,236,623
14250,1,Focused,0.978,1046,345,1423,762
14250,2,Focused,0.979,1557,235,1801,487
14250,13,Focused,0.983,1099,189,1272,377
14250,4,Focused,0.986,620,217,758,387
14250,25,Focused,0.977,663,224,953,458
14250,8,Focused,0.981,281,223,503,442
14250,3,Focused,0.985,879,193,1028,387
14250,9,Focused,0.975,1518,410,1909,746
14280,12,Focused,0.986,394,309,696,654
14280,11,Focused,0.975,0,333,246,624
14280,1,Focused,0.969,1047,346,1424,762
14280,2,Focused,0.977,1557,235,1801,487
14280,6,Focused,0.962,1242,222,1395,469
14280,4,Focused,0.982,606,215,786,453
14280,13,Focused,0.985,1099,188,1276,373
14280,3,Focused,0.985,895,201,1031,383
14280,8,Focused,0.958,280,224,479,441
14280,9,Focused,0.976,1511,405,1911,751
14280,25,Focused,0.965,801,214,978,463
14280,23,Focused,0.948,721,518,959,717
14310,12,Focused,0.977,393,307,696,655
14310,11,Focused,0.978,0,328,235,622
14310,1,Focused,0.975,1050,342,1425,748
14310,2,Focused,0.981,1557,236,1802,486
14310,4,Focused,0.982,616,212,793,453
14310,6,Focused,0.979,1244,231,1392,467
14310,13,Focused,0.98,1099,190,1282,374
14310,8,Focused,0.976,281,222,501,442
14310,3,Focused,0.983,890,195,1030,382
14310,9,Focused,0.976,1462,435,1914,745
14310,25,Focused,0.983,784,223,973,464
14340,12,Focused,0.966,395,305,697,655
14340,11,Focused,0.979,0,325,217,622
14340,2,Focused,0.981,1557,235,1801,486
14340,1,Focused,0.98,1047,340,1423,752
14340,6,Focused,0.959,1239,221,1390,467
14340,8,Focused,0.939,174,207,454,443
14340,4,Focused,0.969,628,211,791,453
14340,13,Focused,0.971,1102,188,1272,373
14340,3,Focused,0.98,895,199,1030,382
14340,9,Focused,0.978,1507,415,1917,758
14340,25,Focused,0.975,781,226,978,465
14370,12,Focused,0.936,392,305,697,654
14370,11,Focused,0.979,0,328,217,622
14370,1,Focused,0.976,1048,342,1421,751
14370,6,Focused,0.969,1233,224,1387,470
14370,8,Focused,0.971,226,215,471,451
14370,4,Focused,0.979,629,211,791,452
14370,2,Focused,0.981,1556,235,1785,487
14370,13,Focused,0.966,1098,190,1271,371
14370,3,Focused,0.984,937,201,1030,383
14370,9,Focused,0.971,1484,410,1918,746
14370,25,Focused,0.984,791,179,972,460
14400,12,Focused,0.935,392,304,699,655
14400,11,Focused,0.98,0,329,214,621
14400,1,Focused,0.976,1048,337,1419,749
14400,2,Focused,0.981,1560,234,1810,481
14400,4,Focused,0.987,622,218,773,460
14400,6,Focused,0.97,1244,221,1469,471
14400,13,Focused,0.975,1098,190,1255,374
14400,8,Focused,0.98,222,214,460,435
14400,9,Focused,0.975,1477,419,1916,748
14400,3,Focused,0.985,917,201,1030,377
14400,25,Focused,0.981,791,208,993,462
14400,23,Focused,0.978,741,524,966,747
14430,12,Focused,0.962,393,306,700,654
14430,11,Focused,0.978,0,329,211,620
14430,8,Focused,0.981,232,223,413,438
14430,1,Focused,0.977,1047,330,1417,742
14430,2,Focused,0.981,1574,236,1815,483
14430,6,Focused,0.966,1270,230,1464,468
14430,4,Focused,0.987,617,222,766,459
14430,13,Focused,0.978,1098,189,1267,376
14430,9,Focused,0.979,1475,380,1854,744
14430,3,Focused,0.98,919,200,1007,336
14430,23,Focused,0.98,804,539,995,745
14460,12,Focused,0.972,400,303,701,655
14460,2,Focused,0.979,1571,237,1814,489
14460,1,Focused,0.98,1047,333,1419,744
14460,11,Focused,0.978,0,331,213,621
14460,8,Focused,0.985,231,223,413,438
14460,13,Focused,0.983,1099,188,1262,370
14460,6,Focused,0.968,1239,221,1465,478
14460,4,Focused,0.984,622,229,756,451
14460,9,Focused,0.98,1514,399,1898,749
14460,3,Focused,0.982,919,200,1009,338
14460,23,Focused,0.985,802,538,997,745
14490,12,Focused,0.984,400,304,700,654
14490,1,Focused,0.958,1045,329,1419,748
14490,11,Focused,0.977,0,327,213,620
14490,2,Focused,0.977,1574,234,1815,488
14490,8,Focused,0.985,232,223,414,438
14490,13,Focused,0.98,1118,191,1281,374
14490,4,Focused,0.986,621,227,755,451
14490,9,Focused,0.977,1504,395,1895,755
14490,6,Focused,0.951,1239,229,1396,471
14490,3,Focused,0.976,929,201,1029,345
14490,23,Focused,0.981,799,538,999,745
14520,12,Focused,0.985,400,303,699,654
14520,11,Focused,0.974,0,330,215,620
14520,1,Focused,0.641,1047,331,1415,739
14520,8,Focused,0.973,232,223,414,438
14520,13,Focused,0.985,1098,190,1279,371
14520,9,Focused,0.971,1499,399,1896,762
14520,4,Focused,0.984,622,230,757,451
14520,2,Focused,0.979,1574,241,1811,498
14520,6,Focused,0.89,1242,225,1403,472
14520,3,Focused,0.97,919,202,996,321
14520,23,Focused,0.929,799,538,997,745
14520,25,Focused,0.957,795,216,1046,493
14550,12,Focused,0.986,397,302,700,654
14550,1,Focused,0.775,1120,335,1421,708
14550,11,Focused,0.974,0,328,214,621
14550,9,Focused,0.976,1484,386,1798,746
14550,6,Focused,0.681,1228,220,1405,416
14550,2,Focused,0.98,1593,236,1805,414
14550,4,Focused,0.945,630,228,765,452
14550,3,Focused,0.975,891,202,1030,381
14550,8,Focused,0.982,286,220,499,437
14550,13,Focused,0.975,1118,194,1266,376
14550,25,Focused,0.905,779,223,992,468
14550,23,Focused,0.924,761,533,977,759
14550,24,Using Phone,0.334,1054,432,1202,617
14580,12,Focused,0.973,397,302,699,654
14580,11,Focused,0.977,0,330,214,621
14580,1,Focused,0.974,1129,351,1439,712
14580,13,Focused,0.969,1097,190,1270,375
14580,2,Focused,0.98,1560,236,1818,488
14580,8,Focused,0.977,287,216,495,442
14580,4,Focused,0.905,638,215,810,451
14580,3,Focused,0.982,878,190,1029,383
14580,9,Focused,0.976,1482,399,1856,750
14580,6,Focused,0.948,1219,227,1385,397
14580,24,Using Phone,0.284,1052,433,1228,617
14580,25,Focused,0.79,765,221,965,462
14580,23,Focused,0.969,716,525,956,752
14610,1,Focused,0.974,1141,366,1437,711
14610,12,Focused,0.977,429,303,700,654
14610,11,Focused,0.976,0,330,214,621
14610,2,Focused,0.977,1561,237,1818,487
14610,13,Focused,0.966,1097,191,1277,375
14610,4,Focused,0.949,634,215,810,454
14610,8,Focused,0.984,291,221,461,443
14610,6,Focused,0.956,1223,230,1382,467
14610,3,Focused,0.98,895,204,1030,384
14610,9,Focused,0.979,1473,403,1907,744
14610,24,Focused,0.576,1053,432,1229,616
14610,25,Focused,0.786,764,226,968,463
14610,23,Focused,0.945,714,525,956,752
14640,12,Focused,0.979,398,310,703,658
14640,1,Focused,0.959,1047,343,1421,761
14640,11,Focused,0.975,0,333,216,621
14640,2,Focused,0.978,1556,238,1816,489
14640,6,Focused,0.965,1232,224,1390,467
14640,4,Focused,0.965,623,215,819,454
14640,13,Focused,0.972,1117,190,1279,373
14640,3,Focused,0.948,895,202,1030,382
14640,8,Focused,0.985,290,223,511,442
14640,9,Focused,0.98,1483,388,1898,744
14640,23,Chatting,0.61,712,526,954,752
14640,25,Focused,0.986,735,214,965,458
14670,11,Focused,0.977,0,325,220,623
14670,12,Focused,0.973,399,308,703,658
14670,9,Focused,0.981,1487,350,1788,747
14670,1,Focused,0.97,1048,335,1416,740
14670,2,Focused,0.981,1653,237,1816,414
14670,3,Focused,0.987,885,200,1033,385
14670,8,Focused,0.985,291,222,513,442
14670,4,Focused,0.98,623,217,794,456
14670,6,Focused,0.978,1239,225,1390,419
14670,13,Focused,0.978,1071,192,1274,373
14670,25,Focused,0.98,721,246,963,463
14700,12,Focused,0.974,400,305,705,662
14700,11,Focused,0.977,0,324,219,622
14700,1,Focused,0.943,1043,340,1419,752
14700,13,Focused,0.981,1085,195,1278,373
14700,2,Focused,0.979,1567,239,1819,479
14700,4,Focused,0.984,629,221,799,454
14700,6,Focused,0.978,1240,224,1402,468
14700,3,Focused,0.983,885,199,1031,383
14700,8,Focused,0.982,289,222,517,441
14700,9,Focused,0.98,1470,414,1871,744
14700,25,Focused,0.98,743,243,965,462
14700,23,Using Phone,0.458,711,525,955,723
14730,1,Focused,0.967,1057,333,1420,762
14730,11,Focused,0.976,0,323,219,622
14730,12,Focused,0.956,399,301,713,655
14730,13,Focused,0.975,1086,193,1271,377
14730,2,Focused,0.973,1567,239,1818,476
14730,3,Focused,0.981,879,200,1039,375
14730,4,Focused,0.984,649,220,799,452
14730,8,Focused,0.979,290,221,511,442
14730,6,Focused,0.97,1229,231,1462,417
14730,9,Focused,0.97,1466,419,1857,747
14730,25,Focused,0.982,743,243,965,462
14760,1,Focused,0.976,1033,338,1419,763
14760,12,Focused,0.97,397,301,701,653
14760,11,Focused,0.976,0,327,218,622
14760,13,Focused,0.971,1086,191,1276,377
14760,6,Focused,0.952,1236,231,1406,416
14760,9,Focused,0.977,1464,401,1852,742
14760,3,Focused,0.981,896,202,1039,375
14760,8,Focused,0.968,289,221,510,442
14760,4,Focused,0.951,634,221,778,454
14760,2,Focused,0.979,1587,239,1817,418
14760,23,Using Phone,0.718,738,527,977,758
14790,12,Focused,0.981,398,301,695,654
14790,11,Focused,0.977,0,327,216,621
14790,1,Focused,0.972,1036,337,1419,760
14790,6,Focused,0.969,1240,227,1406,478
14790,2,Focused,0.983,1555,241,1813,484
14790,13,Focused,0.978,1083,192,1271,378
14790,9,Focused,0.982,1465,412,1840,745
14790,4,Focused,0.965,633,220,818,455
14790,8,Focused,0.972,289,222,497,442
14790,3,Focused,0.97,894,191,1039,362
14790,23,Using Phone,0.634,737,527,977,760
14820,12,Focused,0.982,403,304,696,654
14820,11,Focused,0.978,0,327,217,622
14820,1,Focused,0.976,1045,343,1423,753
14820,6,Focused,0.97,1228,222,1392,480
14820,2,Focused,0.985,1555,242,1810,490
14820,13,Focused,0.983,1091,194,1266,375
14820,9,Focused,0.983,1504,361,1899,766
14820,4,Focused,0.963,628,224,820,455
14820,3,Focused,0.973,897,186,1020,372
14820,8,Focused,0.982,282,216,490,442
14820,23,Focused,0.817,737,527,980,762
14850,12,Focused,0.977,401,309,701,657
14850,11,Focused,0.979,0,326,219,622
14850,2,Focused,0.981,1565,239,1791,489
14850,1,Focused,0.974,1040,350,1421,754
14850,6,Focused,0.976,1237,223,1388,477
14850,4,Focused,0.967,622,222,813,455
14850,8,Focused,0.983,286,220,494,441
14850,13,Focused,0.983,1090,193,1269,363
14850,9,Focused,0.981,1541,375,1902,758
14850,3,Focused,0.967,880,188,1055,370
14850,25,Focused,0.865,764,268,1048,491
14850,23,Focused,0.806,750,533,988,721
14880,12,Focused,0.978,402,304,702,657
14880,11,Focused,0.979,0,326,218,621
14880,1,Focused,0.975,1045,343,1414,751
14880,6,Focused,0.973,1247,224,1392,479
14880,2,Focused,0.981,1575,238,1816,487
14880,4,Focused,0.966,631,220,815,454
14880,13,Focused,0.968,1093,191,1274,368
14880,8,Focused,0.982,285,219,491,442
14880,3,Focused,0.974,876,187,1042,369
14880,9,Focused,0.981,1511,390,1917,754
14880,25,Focused,0.876,764,270,1049,491
14880,23,Focused,0.967,750,533,990,721
14910,12,Focused,0.975,401,309,700,656
14910,11,Focused,0.978,0,328,217,621
14910,1,Focused,0.974,1042,343,1416,739
14910,6,Focused,0.965,1242,230,1396,477
14910,4,Focused,0.951,623,220,814,455
14910,8,Focused,0.981,282,221,489,442
14910,13,Focused,0.954,1108,190,1275,365
14910,3,Focused,0.975,879,185,1018,371
14910,9,Focused,0.981,1512,402,1917,757
14910,2,Focused,0.98,1568,245,1817,455
14910,25,Focused,0.508,762,270,1048,492
14910,23,Focused,0.983,749,534,988,722
14940,12,Focused,0.976,404,308,699,658
14940,11,Focused,0.977,5,332,260,632
14940,2,Focused,0.98,1556,238,1815,486
14940,1,Focused,0.97,1042,341,1415,744
14940,6,Focused,0.961,1244,230,1396,477
14940,3,Focused,0.982,853,196,1034,374
14940,13,Focused,0.964,1119,192,1275,373
14940,4,Focused,0.957,615,224,815,455
14940,8,Focused,0.97,286,218,489,442
14940,9,Focused,0.977,1513,403,1916,752
14940,25,Focused,0.897,767,267,1048,491
14940,23,Focused,0.948,750,535,989,721
14970,12,Focused,0.977,402,310,700,655
14970,11,Focused,0.977,0,325,221,621
14970,6,Focused,0.955,1243,226,1392,476
14970,1,Focused,0.971,1042,341,1411,738
14970,2,Focused,0.98,1561,240,1821,486
14970,4,Focused,0.97,629,221,813,454
14970,3,Focused,0.98,853,194,1029,374
14970,8,Focused,0.98,285,218,490,442
14970,13,Focused,0.975,1133,195,1274,356
14970,9,Focused,0.979,1514,404,1917,745
14970,25,Focused,0.966,762,266,1048,491
14970,26,Unknown,0.0,157,790,388,1075
14970,23,Focused,0.943,750,533,987,721
15000,12,Focused,0.95,400,304,698,654
15000,11,Focused,0.979,0,326,219,620
15000,1,Focused,0.98,1038,337,1411,769
15000,6,Focused,0.966,1237,227,1395,477
15000,2,Focused,0.98,1561,239,1819,486
15000,3,Focused,0.982,851,185,1028,359
15000,8,Focused,0.983,285,218,491,442
15000,4,Focused,0.934,635,221,813,454
15000,13,Focused,0.971,1104,190,1276,362
15000,9,Focused,0.981,1502,397,1916,758
15000,25,Focused,0.943,764,268,1049,491
15000,26,Unknown,0.0,145,789,389,1075
15000,23,Focused,0.937,750,534,989,720
15030,12,Focused,0.871,398,299,688,654
15030,6,Focused,0.971,1247,231,1393,478
15030,11,Focused,0.981,0,327,218,621
15030,1,Focused,0.98,1039,340,1415,765
15030,2,Focused,0.98,1553,241,1813,487
15030,4,Focused,0.94,633,220,814,456
15030,8,Focused,0.985,286,218,491,442
15030,13,Focused,0.974,1099,192,1283,374
15030,3,Focused,0.985,850,185,1016,368
15030,9,Focused,0.976,1476,412,1917,744
15030,25,Focused,0.966,763,269,1049,491
15030,23,Focused,0.613,750,532,988,721
15060,12,Focused,0.758,407,326,681,653
15060,1,Focused,0.977,1083,338,1415,765
15060,6,Focused,0.972,1247,230,1397,481
15060,2,Focused,0.981,1555,241,1812,485
15060,4,Focused,0.956,609,219,814,455
15060,8,Focused,0.985,287,217,442,442
15060,13,Focused,0.98,1098,189,1275,375
15060,3,Focused,0.985,860,191,1019,370
15060,11,Focused,0.984,0,326,216,621
15060,9,Focused,0.979,1473,407,1914,743
15060,23,Focused,0.752,754,533,982,722
15060,25,Focused,0.954,764,269,1049,491
15090,12,Focused,0.876,468,302,777,661
15090,1,Focused,0.978,1069,340,1416,766
15090,6,Focused,0.973,1243,226,1414,478
15090,2,Focused,0.98,1555,242,1813,485
15090,13,Focused,0.983,1099,190,1273,363
15090,3,Focused,0.984,867,188,1029,371
15090,4,Focused,0.97,650,216,815,438
15090,8,Focused,0.983,285,220,491,443
15090,9,Focused,0.98,1472,409,1913,744
15090,11,Focused,0.978,0,327,216,620
15090,26,Unknown,0.0,148,788,361,1006
15090,23,Focused,0.836,767,536,984,721
15090,25,Focused,0.951,770,266,1048,491
15120,6,Focused,0.972,1244,225,1393,477
15120,12,Focused,0.958,482,302,775,660
15120,1,Focused,0.976,1075,335,1416,766
15120,2,Focused,0.981,1555,241,1812,486
15120,11,Focused,0.978,0,324,217,621
15120,13,Focused,0.977,1105,187,1273,363
15120,4,Focused,0.977,650,218,815,447
15120,3,Focused,0.983,861,188,1029,373
15120,8,Focused,0.984,284,221,492,443
15120,9,Focused,0.981,1510,392,1916,757
15120,23,Focused,0.797,766,536,986,721
15120,26,Unknown,0.0,155,789,362,1026
15120,25,Focused,0.955,768,266,1048,491
15150,12,Focused,0.968,481,305,776,660
15150,6,Focused,0.975,1245,225,1392,477
15150,1,Focused,0.974,1039,339,1417,760
15150,2,Focused,0.982,1554,242,1809,486
15150,11,Focused,0.978,0,324,216,620
15150,13,Focused,0.984,1099,190,1274,367
15150,4,Focused,0.983,642,220,812,445
15150,8,Focused,0.984,275,217,488,442
15150,9,Focused,0.975,1509,393,1915,756
15150,3,Focused,0.984,909,197,1027,353
15150,23,Focused,0.9,767,537,982,722
15150,26,Focused,0.961,155,790,364,1043
15150,25,Focused,0.972,767,253,1018,475
15180,12,Focused,0.981,482,309,776,660
15180,6,Focused,0.923,1252,227,1400,477
15180,2,Focused,0.981,1554,243,1810,488
15180,1,Focused,0.978,1037,341,1421,753
15180,11,Focused,0.975,0,323,216,621
15180,13,Focused,0.98,1103,190,1279,371
15180,4,Focused,0.984,643,217,813,445
15180,8,Focused,0.978,283,219,489,443
15180,3,Focused,0.983,910,200,1034,376
15180,9,Focused,0.967,1481,413,1915,745
15180,23,Focused,0.611,767,537,982,722
15180,26,Focused,0.972,153,788,363,1073
15210,12,Focused,0.983,480,308,776,660
15210,2,Focused,0.982,1553,242,1808,486
15210,1,Focused,0.979,1039,340,1420,758
15210,6,Focused,0.953,1252,226,1406,480
15210,13,Focused,0.98,1103,191,1281,362
15210,11,Focused,0.975,0,324,216,621
15210,4,Focused,0.983,646,219,814,445
15210,8,Focused,0.984,280,219,492,443
15210,3,Focused,0.986,902,191,1039,373
15210,9,Focused,0.968,1478,413,1917,745
15210,26,Focused,0.94,166,790,365,1072
15210,23,Focused,0.979,767,537,982,722
15210,25,Focused,0.943,768,267,1046,490
15240,12,Focused,0.976,480,306,776,660
15240,2,Focused,0.98,1552,245,1807,487
15240,6,Focused,0.961,1246,227,1400,478
15240,1,Focused,0.98,1036,343,1420,753
15240,11,Focused,0.977,0,327,217,621
15240,4,Focused,0.981,648,217,814,444
15240,13,Focused,0.983,1101,190,1278,361
15240,8,Focused,0.986,281,219,490,443
15240,3,Focused,0.986,918,197,1035,377
15240,9,Focused,0.976,1478,412,1915,745
15240,23,Focused,0.974,766,538,984,721
15240,26,Focused,0.964,157,790,363,1074
15240,25,Focused,0.979,767,268,1046,490
15270,12,Focused,0.984,479,306,777,660
15270,1,Focused,0.981,1074,340,1416,754
15270,2,Focused,0.978,1553,242,1806,486
15270,13,Focused,0.979,1112,190,1279,378
15270,4,Focused,0.985,647,217,815,444
15270,11,Focused,0.977,0,327,215,621
15270,8,Focused,0.984,281,220,493,443
15270,6,Focused,0.968,1250,224,1397,420
15270,3,Focused,0.984,887,200,1024,360
15270,9,Focused,0.975,1480,412,1915,751
15270,26,Focused,0.928,159,790,367,1072
15270,23,Focused,0.985,767,537,983,722
15270,25,Focused,0.933,765,263,1045,490
15300,12,Focused,0.983,477,306,777,660
15300,1,Focused,0.977,1074,348,1420,753
15300,2,Focused,0.975,1554,242,1807,484
15300,13,Focused,0.983,1101,190,1277,375
15300,6,Focused,0.966,1235,229,1396,416
15300,11,Focused,0.977,0,327,216,621
15300,4,Focused,0.984,648,218,812,446
15300,3,Focused,0.983,931,199,1032,372
15300,9,Focused,0.977,1478,439,1911,747
15300,8,Focused,0.985,281,221,466,440
15300,25,Focused,0.837,765,258,1020,480
15300,26,Focused,0.938,157,789,367,1074
15300,23,Focused,0.98,767,537,981,720
15330,12,Focused,0.978,479,307,776,660
15330,1,Focused,0.978,1073,343,1422,762
15330,2,Focused,0.976,1553,242,1806,484
15330,11,Focused,0.977,0,328,215,620
15330,6,Focused,0.95,1245,224,1397,416
15330,13,Focused,0.98,1102,192,1280,371
15330,4,Focused,0.976,651,220,818,447
15330,8,Focused,0.981,283,222,493,443
15330,9,Focused,0.98,1474,421,1893,745
15330,3,Focused,0.982,913,200,1030,371
15330,23,Focused,0.984,767,537,983,721
15330,26,Focused,0.91,155,789,370,1074
15360,1,Focused,0.974,1074,343,1422,764
15360,12,Focused,0.976,458,319,766,661
15360,2,Focused,0.973,1555,240,1812,489
15360,6,Focused,0.971,1239,224,1400,416
15360,11,Focused,0.976,0,331,218,621
15360,4,Focused,0.967,637,219,817,453
15360,8,Focused,0.983,288,224,491,443
15360,9,Focused,0.981,1477,396,1894,744
15360,3,Focused,0.985,915,199,1031,371
15360,13,Focused,0.977,1122,195,1279,371
15360,23,Focused,0.984,765,537,982,722
15360,25,Focused,0.964,764,273,1020,478
15360,26,Focused,0.959,161,789,336,1075
15390,1,Focused,0.97,1074,343,1423,763
15390,12,Focused,0.971,461,321,766,661
15390,2,Focused,0.977,1553,243,1810,488
15390,13,Focused,0.972,1101,189,1267,379
15390,4,Focused,0.907,635,219,818,455
15390,8,Focused,0.978,287,224,491,442
15390,6,Focused,0.976,1234,223,1419,474
15390,9,Focused,0.981,1488,395,1903,743
15390,11,Focused,0.976,5,338,259,633
15390,3,Focused,0.986,910,197,1030,367
15390,26,Focused,0.965,166,790,358,1064
15390,23,Focused,0.978,764,537,983,723
15390,25,Focused,0.988,770,269,1049,492
15420,1,Focused,0.958,1073,344,1422,764
15420,12,Focused,0.972,455,318,764,660
15420,2,Focused,0.98,1554,241,1807,486
15420,6,Focused,0.977,1235,222,1391,416
15420,13,Focused,0.977,1087,192,1272,377
15420,4,Focused,0.835,634,217,816,455
15420,8,Focused,0.964,287,223,491,443
15420,3,Focused,0.984,912,194,1034,369
15420,9,Focused,0.981,1480,414,1907,742
15420,26,Focused,0.969,168,789,357,1065
15420,23,Focused,0.945,765,537,985,720
15450,1,Focused,0.965,1072,336,1417,760
15450,12,Focused,0.978,465,311,776,660
15450,11,Focused,0.973,0,328,214,621
15450,9,Focused,0.971,1492,353,1805,731
15450,6,Focused,0.978,1241,225,1393,416
15450,8,Focused,0.984,259,212,484,442
15450,4,Focused,0.877,664,215,817,446
15450,2,Focused,0.979,1660,240,1809,420
15450,13,Focused,0.978,1076,195,1278,373
15450,3,Focused,0.983,911,194,1037,366
15450,23,Focused,0.966,766,537,983,720
15480,12,Focused,0.961,463,312,777,660
15480,1,Focused,0.964,1114,341,1420,706
15480,6,Focused,0.975,1226,226,1391,416
15480,8,Focused,0.977,267,211,477,450
15480,2,Focused,0.98,1553,242,1807,484
15480,11,Focused,0.975,0,332,217,621
15480,13,Focused,0.97,1087,190,1281,377
15480,9,Focused,0.971,1490,398,1873,752
15480,4,Focused,0.959,660,219,817,446
15480,3,Focused,0.98,906,196,1036,365
15480,24,Focused,0.914,1057,432,1200,618
15480,23,Focused,0.337,767,536,983,721
15480,26,Focused,0.904,169,793,419,1075
15510,11,Focused,0.978,0,335,215,620
15510,12,Focused,0.961,465,307,779,660
15510,13,Focused,0.974,1092,192,1278,377
15510,9,Focused,0.974,1485,391,1809,758
15510,1,Focused,0.908,1039,372,1462,701
15510,4,Focused,0.961,660,210,791,440
15510,6,Focused,0.97,1231,224,1392,415
15510,2,Focused,0.978,1608,240,1813,412
15510,3,Focused,0.975,908,201,1036,377
15510,8,Focused,0.981,279,215,428,435
15510,23,Focused,0.642,766,537,983,721
15540,12,Focused,0.971,468,309,786,662
15540,1,Focused,0.976,1066,346,1443,704
15540,11,Focused,0.98,0,347,217,622
15540,9,Focused,0.98,1485,387,1824,759
15540,13,Focused,0.973,1085,192,1278,378
15540,4,Focused,0.976,660,210,796,436
15540,3,Focused,0.984,908,194,1037,346
15540,6,Focused,0.976,1225,228,1394,415
15540,2,Focused,0.981,1641,240,1788,415
15540,8,Focused,0.986,247,216,430,435
15540,23,Focused,0.947,767,536,983,724
15570,1,Focused,0.973,1073,342,1441,701
15570,12,Focused,0.98,453,302,772,702
15570,13,Focused,0.982,1090,190,1267,377
15570,9,Focused,0.98,1483,384,1801,726
15570,6,Focused,0.976,1218,223,1356,398
15570,2,Focused,0.981,1613,257,1812,414
15570,25,Focused,0.983,798,199,1046,466
15570,11,Focused,0.976,0,355,217,622
15570,4,Focused,0.986,660,215,782,449
15570,26,Focused,0.713,185,792,414,1070
15570,8,Focused,0.98,235,216,427,435
15570,23,Focused,0.984,766,536,985,721
15600,1,Focused,0.973,1068,348,1439,702
15600,12,Focused,0.983,468,297,774,661
15600,6,Focused,0.975,1237,222,1399,418
15600,2,Focused,0.979,1584,258,1810,491
15600,13,Focused,0.985,1093,190,1279,376
15600,4,Focused,0.984,663,215,784,444
15600,9,Focused,0.981,1483,396,1849,757
15600,3,Focused,0.983,895,196,1030,347
15600,8,Focused,0.984,237,216,428,435
15600,11,Focused,0.976,0,361,215,622
15600,26,Focused,0.93,189,793,435,1073
15600,23,Focused,0.985,767,536,981,721
15630,12,Focused,0.981,456,304,774,661
15630,1,Focused,0.975,1078,348,1437,702
15630,2,Focused,0.98,1560,253,1809,485
15630,13,Focused,0.984,1094,192,1279,377
15630,9,Focused,0.981,1480,408,1839,778
15630,3,Focused,0.982,894,188,1040,354
15630,6,Focused,0.974,1232,229,1382,384
15630,11,Focused,0.977,0,356,213,624
15630,4,Focused,0.98,659,215,778,438
15630,8,Focused,0.984,236,216,428,435
15630,26,Focused,0.974,196,794,403,1072
15630,23,Focused,0.981,766,537,981,719
15630,25,Focused,0.782,784,267,1049,491
15660,12,Focused,0.983,450,311,770,661
15660,2,Focused,0.979,1563,246,1802,488
15660,13,Focused,0.979,1093,190,1282,379
15660,8,Focused,0.979,216,219,460,444
15660,1,Focused,0.969,1065,338,1441,703
15660,9,Focused,0.981,1481,414,1840,777
15660,4,Focused,0.98,651,213,813,450
15660,6,Focused,0.971,1173,224,1396,475
15660,3,Focused,0.979,907,190,1022,350
15660,11,Focused,0.981,0,362,216,622
15660,23,Focused,0.944,766,538,981,721
15660,25,Focused,0.949,780,249,1048,490
15660,26,Focused,0.965,200,794,422,1073
15690,1,Focused,0.97,1102,363,1430,702
15690,12,Focused,0.981,463,323,772,660
15690,2,Focused,0.972,1563,247,1803,485
15690,3,Focused,0.971,899,206,1039,379
15690,9,Focused,0.981,1480,384,1838,755
15690,6,Focused,0.969,1236,234,1391,418
15690,13,Focused,0.98,1061,191,1279,378
15690,11,Focused,0.876,0,348,219,623
15690,8,Focused,0.98,298,222,498,440
15690,4,Focused,0.983,633,215,812,446
15690,23,Focused,0.535,765,536,982,723
15690,25,Focused,0.983,781,249,1043,490
15690,26,Focused,0.951,193,794,374,1071
15720,1,Focused,0.966,1061,339,1439,702
15720,12,Focused,0.974,460,310,771,661
15720,13,Focused,0.98,1092,191,1277,378
15720,2,Focused,0.976,1563,248,1803,485
15720,11,Focused,0.848,0,339,232,622
15720,3,Focused,0.968,879,204,1043,373
15720,8,Focused,0.968,295,221,503,441
15720,4,Focused,0.98,665,218,814,443
15720,9,Focused,0.98,1472,405,1874,734
15720,6,Focused,0.976,1216,224,1387,399
15720,25,Focused,0.983,761,301,1057,490
15720,23,Focused,0.951,771,534,981,744
15750,12,Focused,0.974,460,307,770,660
15750,2,Focused,0.981,1564,242,1804,486
15750,6,Focused,0.979,1206,228,1388,465
15750,4,Focused,0.98,672,218,806,450
15750,13,Focused,0.981,1053,190,1281,378
15750,11,Focused,0.913,0,357,232,641
15750,9,Focused,0.981,1475,402,1873,775
15750,8,Focused,0.983,296,222,502,441
15750,1,Focused,0.963,1068,366,1459,704
15750,23,Focused,0.982,767,538,988,743
15750,3,Focused,0.972,864,191,980,336
15750,25,Focused,0.958,793,209,1093,464
15780,12,Focused,0.949,462,316,771,661
15780,3,Focused,0.977,904,194,1044,380
15780,13,Focused,0.982,1093,191,1287,379
15780,9,Focused,0.981,1491,381,1792,739
15780,1,Focused,0.961,1063,355,1448,702
15780,6,Focused,0.976,1179,224,1388,473
15780,4,Focused,0.974,641,218,824,452
15780,8,Focused,0.985,295,221,503,441
15780,11,Focused,0.881,3,323,241,623
15780,2,Focused,0.981,1574,245,1807,416
15780,23,Focused,0.977,764,534,946,743
15780,25,Focused,0.98,794,200,969,460
15810,12,Focused,0.956,440,312,770,661
15810,2,Focused,0.977,1565,244,1791,484
15810,1,Focused,0.965,990,373,1418,706
15810,13,Focused,0.984,1092,192,1288,368
15810,4,Focused,0.983,653,219,820,465
15810,6,Focused,0.977,1241,230,1393,475
15810,8,Focused,0.981,294,223,502,440
15810,3,Focused,0.984,921,196,1013,376
15810,9,Focused,0.981,1478,414,1828,742
15810,26,Focused,0.904,208,794,392,1033
15810,25,Focused,0.984,824,220,989,461
15810,23,Focused,0.92,765,536,957,731
15840,12,Focused,0.982,471,312,776,662
15840,13,Focused,0.979,1093,194,1280,379
15840,2,Focused,0.978,1547,242,1807,476
15840,1,Focused,0.952,996,371,1417,704
15840,8,Focused,0.983,293,222,502,441
15840,3,Focused,0.978,898,195,1038,375
15840,4,Focused,0.985,671,220,821,452
15840,6,Focused,0.973,1236,226,1415,416
15840,9,Focused,0.981,1480,401,1829,745
15840,26,Focused,0.97,208,794,399,1036
15840,25,Focused,0.688,790,241,985,460
15840,23,Focused,0.973,765,535,958,731
15840,11,Focused,0.91,22,334,252,621
15870,12,Focused,0.976,467,314,773,661
15870,2,Focused,0.98,1557,242,1808,487
15870,13,Focused,0.978,1093,191,1282,378
15870,1,Focused,0.977,1041,361,1444,708
15870,4,Focused,0.985,662,218,824,451
15870,3,Focused,0.981,957,208,1067,374
15870,9,Focused,0.978,1477,410,1834,748
15870,8,Focused,0.981,293,222,501,440
15870,6,Focused,0.896,1237,231,1397,417
15870,26,Focused,0.941,202,793,373,1037
15870,23,Focused,0.982,766,535,956,732
15870,25,Focused,0.934,841,215,1003,459
15900,12,Focused,0.984,458,310,780,661
15900,2,Focused,0.978,1556,241,1805,487
15900,13,Focused,0.982,1093,192,1283,368
15900,1,Focused,0.962,1009,357,1436,703
15900,9,Focused,0.981,1476,378,1831,745
15900,26,Focused,0.956,203,794,386,1040
15900,6,Focused,0.909,1246,236,1404,465
15900,8,Focused,0.983,294,222,502,440
15900,3,Focused,0.982,930,195,1020,378
15900,4,Focused,0.985,672,222,829,446
15900,25,Focused,0.842,824,225,997,456
15900,23,Focused,0.978,764,535,955,733
15930,12,Focused,0.982,457,312,778,661
15930,1,Focused,0.962,1053,343,1443,706
15930,2,Focused,0.977,1555,240,1805,488
15930,3,Focused,0.953,905,215,1040,383
15930,13,Focused,0.983,1091,190,1279,364
15930,26,Focused,0.975,202,794,384,1039
15930,4,Focused,0.984,662,216,821,450
15930,8,Focused,0.977,294,222,502,441
15930,9,Focused,0.98,1477,388,1832,744
15930,6,Focused,0.929,1249,228,1395,427
15930,25,Chatting,0.456,825,225,998,456
15930,23,Using Phone,0.44,765,534,958,730
15960,12,Focused,0.98,457,311,775,661
15960,1,Focused,0.934,1098,342,1442,702
15960,2,Focused,0.982,1558,240,1805,487
15960,4,Focused,0.981,645,217,821,451
15960,26,Focused,0.909,204,794,379,1040
15960,13,Focused,0.975,1092,191,1280,369
15960,6,Focused,0.965,1244,227,1402,417
15960,3,Focused,0.983,931,201,1047,377
15960,9,Focused,0.976,1477,389,1828,741
15960,8,Focused,0.981,288,223,484,438
15960,25,Focused,0.385,827,224,997,456
15960,23,Focused,0.58,764,534,959,730
15990,12,Focused,0.981,457,316,774,662
15990,1,Focused,0.968,1094,338,1395,706
15990,13,Focused,0.982,1109,194,1275,377
15990,2,Focused,0.983,1558,240,1808,484
15990,6,Focused,0.968,1245,229,1407,417
15990,8,Focused,0.966,290,222,499,440
15990,4,Focused,0.982,652,219,825,452
15990,3,Focused,0.974,915,190,1040,375
15990,9,Focused,0.974,1477,416,1894,742
15990,25,Focused,0.739,826,223,997,457
15990,26,Focused,0.924,204,794,367,1040
15990,11,Focused,0.947,19,330,238,621
15990,23,Focused,0.897,765,533,963,730
16020,1,Focused,0.932,1076,338,1406,701
16020,12,Focused,0.981,457,325,758,661
16020,4,Focused,0.986,620,218,843,452
16020,13,Focused,0.984,1109,195,1276,375
16020,2,Focused,0.982,1561,239,1811,485
16020,3,Focused,0.983,910,193,1035,389
16020,6,Focused,0.942,1250,229,1399,418
16020,8,Focused,0.973,288,223,486,435
16020,9,Focused,0.974,1477,417,1881,743
16020,26,Focused,0.934,203,794,365,1041
16020,25,Focused,0.931,816,236,997,458
16020,11,Focused,0.978,28,327,252,621
16020,23,Focused,0.969,763,535,960,736
16050,12,Focused,0.98,458,306,768,660
16050,1,Focused,0.963,1075,340,1445,703
16050,2,Focused,0.982,1557,241,1808,486
16050,13,Focused,0.982,1110,194,1277,377
16050,4,Focused,0.986,634,216,830,452
16050,6,Focused,0.934,1247,231,1394,417
16050,3,Focused,0.984,911,190,1059,374
16050,9,Focused,0.976,1480,406,1890,749
16050,8,Focused,0.967,289,223,504,440
16050,11,Focused,0.978,22,327,227,621
16050,25,Focused,0.957,820,231,999,460
16050,26,Focused,0.924,204,794,351,1042
16050,23,Focused,0.583,764,534,958,731
16080,1,Focused,0.97,1049,344,1436,709
16080,12,Focused,0.982,460,307,769,660
16080,13,Focused,0.984,1110,193,1278,377
16080,2,Focused,0.982,1557,241,1806,485
16080,4,Focused,0.973,643,218,833,452
16080,6,Focused,0.973,1232,230,1394,417
16080,3,Focused,0.982,922,190,1016,374
16080,26,Focused,0.957,217,795,378,1040
16080,9,Focused,0.978,1476,376,1900,748
16080,8,Focused,0.955,288,223,505,441
16080,25,Focused,0.982,812,226,997,458
16080,11,Focused,0.977,0,327,212,620
16080,23,Focused,0.543,764,534,959,731
16110,1,Focused,0.966,1062,341,1439,714
16110,12,Focused,0.983,467,306,770,661
16110,2,Focused,0.982,1540,242,1806,486
16110,13,Focused,0.981,1111,192,1275,378
16110,6,Focused,0.971,1240,238,1435,418
16110,4,Focused,0.972,637,217,784,452
16110,3,Focused,0.979,937,194,1018,373
16110,11,Focused,0.978,0,326,213,621
16110,9,Focused,0.981,1480,403,1861,743
16110,8,Focused,0.971,290,222,510,441
16110,26,Focused,0.89,218,795,408,1040
16110,25,Focused,0.85,816,221,1002,461
16110,23,Using Phone,0.682,764,534,960,731
16140,12,Focused,0.984,456,305,772,660
16140,1,Focused,0.961,1065,337,1438,717
16140,2,Focused,0.98,1539,241,1807,489
16140,11,Focused,0.978,0,321,210,622
16140,8,Focused,0.964,210,225,468,456
16140,13,Focused,0.981,1110,193,1281,378
16140,6,Focused,0.974,1244,224,1396,416
16140,4,Focused,0.967,645,218,778,453
16140,25,Focused,0.928,818,229,1031,479
16140,9,Focused,0.978,1498,394,1899,759
16140,3,Focused,0.976,916,204,1013,358
16140,23,Focused,0.738,765,534,964,732
16170,12,Focused,0.98,453,308,768,660
16170,1,Focused,0.951,1045,334,1420,746
16170,2,Focused,0.981,1539,241,1806,486
16170,11,Focused,0.974,0,320,237,618
16170,8,Focused,0.957,220,226,469,457
16170,25,Focused,0.904,817,227,1025,478
16170,6,Focused,0.98,1249,221,1393,454
16170,13,Focused,0.981,1112,192,1279,376
16170,9,Focused,0.968,1525,396,1906,745
16170,4,Focused,0.97,637,212,786,433
16170,3,Focused,0.974,906,193,1013,338
16170,23,Focused,0.975,765,534,968,734
16200,1,Focused,0.944,1052,332,1420,752
16200,12,Focused,0.98,458,309,768,659
16200,11,Focused,0.973,0,321,207,621
16200,2,Focused,0.98,1563,239,1812,484
16200,4,Focused,0.97,624,214,773,453
16200,8,Focused,0.969,215,224,458,454
16200,13,Focused,0.981,1111,191,1280,378
16200,6,Focused,0.981,1252,229,1391,458
16200,3,Focused,0.979,921,201,1015,373
16200,25,Focused,0.858,816,222,997,462
16200,9,Focused,0.965,1510,399,1905,758
16230,12,Focused,0.977,459,311,767,660
16230,11,Focused,0.974,0,320,218,621
16230,1,Focused,0.953,1047,334,1420,744
16230,6,Focused,0.979,1245,232,1389,459
16230,8,Focused,0.973,218,226,464,454
16230,13,Focused,0.981,1112,190,1280,377
16230,2,Focused,0.982,1607,239,1813,414
16230,9,Focused,0.967,1517,372,1918,718
16230,25,Focused,0.769,820,227,1001,461
16230,3,Focused,0.955,909,204,1039,374
16230,4,Focused,0.981,613,216,785,448
16260,12,Focused,0.981,458,310,766,659
16260,1,Focused,0.961,1052,336,1420,741
16260,8,Focused,0.98,209,229,452,448
16260,2,Focused,0.982,1546,241,1816,480
16260,6,Focused,0.976,1251,228,1394,463
16260,13,Focused,0.978,1099,191,1276,376
16260,11,Focused,0.975,7,331,220,620
16260,25,Focused,0.762,821,227,1002,462
16260,3,Focused,0.691,925,201,1006,373
16260,4,Focused,0.987,634,217,768,452
16260,9,Focused,0.933,1467,418,1909,749
16290,1,Focused,0.962,1052,316,1426,717
16290,12,Focused,0.979,459,308,766,659
16290,8,Focused,0.931,228,223,467,456
16290,11,Focused,0.968,0,341,179,621
16290,13,Focused,0.977,1101,191,1269,378
16290,2,Focused,0.979,1550,240,1807,488
16290,25,Focused,0.556,820,225,1001,461
16290,3,Focused,0.878,879,186,1001,370
16290,4,Focused,0.986,636,216,771,452
16290,9,Focused,0.973,1465,416,1905,747
16290,6,Focused,0.834,1263,223,1384,460
16320,12,Focused,0.98,459,304,766,659
16320,1,Focused,0.979,1121,362,1433,711
16320,11,Focused,0.968,0,331,174,618
16320,13,Focused,0.981,1100,191,1277,378
16320,8,Focused,0.985,230,216,488,436
16320,2,Focused,0.979,1594,249,1810,433
16320,6,Focused,0.975,1231,224,1390,397
16320,3,Focused,0.959,921,192,1016,373
16320,4,Focused,0.98,627,216,771,452
16320,25,Focused,0.971,820,228,1001,461
16320,9,Focused,0.967,1466,419,1903,741
16320,24,Focused,0.97,1049,434,1218,623
16350,12,Focused,0.981,459,304,767,659
16350,1,Focused,0.977,1080,348,1433,709
16350,11,Focused,0.925,0,319,197,621
16350,13,Focused,0.981,1100,191,1276,378
16350,6,Focused,0.952,1234,225,1389,417
16350,4,Focused,0.97,655,221,786,454
16350,8,Focused,0.984,269,220,505,442
16350,2,Focused,0.976,1567,241,1809,477
16350,3,Focused,0.965,916,198,1004,373
16350,9,Focused,0.98,1471,405,1901,750
16350,25,Focused,0.972,816,234,998,461
16380,12,Focused,0.983,459,307,770,660
16380,1,Focused,0.977,1090,342,1431,709
16380,2,Focused,0.977,1575,241,1811,488
16380,13,Focused,0.983,1102,190,1278,377
16380,6,Focused,0.901,1231,226,1392,416
16380,4,Focused,0.981,653,222,784,453
16380,25,Focused,0.984,822,229,1002,461
16380,11,Focused,0.96,0,333,170,616
16380,3,Focused,0.961,922,199,999,368
16380,8,Focused,0.98,268,226,503,442
16380,9,Focused,0.981,1477,398,1898,745
16410,12,Focused,0.982,459,305,771,660
16410,1,Focused,0.973,1049,340,1433,716
16410,2,Focused,0.977,1555,240,1812,488
16410,4,Focused,0.967,645,218,836,451
16410,13,Focused,0.978,1100,190,1271,377
16410,6,Focused,0.906,1227,227,1385,370
16410,9,Focused,0.982,1481,403,1831,785
16410,3,Focused,0.984,924,203,1001,368
16410,8,Focused,0.977,269,225,501,442
16410,11,Focused,0.812,0,338,164,615
16410,25,Focused,0.892,821,226,1001,461
16440,1,Focused,0.961,1074,337,1431,716
16440,12,Focused,0.981,458,304,770,660
16440,4,Focused,0.939,648,218,833,451
16440,11,Focused,0.949,0,337,161,622
16440,2,Focused,0.975,1558,240,1812,470
16440,13,Focused,0.978,1101,191,1274,377
16440,3,Focused,0.927,925,202,1001,372
16440,8,Focused,0.955,269,225,502,442
16440,9,Focused,0.981,1479,413,1830,756
16440,6,Focused,0.939,1229,223,1387,403
16440,25,Focused,0.961,820,223,998,462
16470,12,Focused,0.979,458,305,771,661
16470,1,Focused,0.941,1079,328,1436,713
16470,4,Focused,0.775,651,219,835,451
16470,2,Focused,0.974,1564,241,1817,485
16470,11,Focused,0.964,0,337,199,623
16470,13,Focused,0.981,1103,191,1269,377
16470,9,Focused,0.979,1478,384,1828,764
16470,8,Using Phone,0.592,274,226,501,442
16470,25,Focused,0.959,821,227,1001,460
16470,3,Focused,0.975,921,200,999,359
16470,6,Focused,0.964,1225,222,1388,416
16500,12,Focused,0.979,458,303,770,660
16500,11,Focused,0.978,0,329,198,620
16500,1,Focused,0.919,1128,328,1429,707
16500,2,Focused,0.958,1565,241,1817,489
16500,13,Focused,0.981,1102,189,1265,378
16500,9,Focused,0.743,1477,384,1821,764
16500,8,Using Phone,0.71,273,224,502,442
16500,25,Focused,0.573,817,229,997,459
16500,3,Focused,0.458,918,196,994,368
16500,4,Using Phone,0.488,657,217,834,455
16500,6,Focused,0.972,1221,221,1388,430
16500,24,Focused,0.978,1047,432,1228,630
16530,12,Focused,0.931,459,303,770,661
16530,1,Focused,0.384,1125,325,1430,707
16530,2,Focused,0.974,1566,241,1817,486
16530,11,Using Phone,0.517,0,333,185,619
16530,13,Focused,0.984,1092,200,1265,378
16530,9,Looking Away,0.497,1476,398,1824,789
16530,8,Looking Away,0.921,271,224,501,442
16530,4,Using Phone,0.376,653,218,818,425
16530,3,Using Phone,0.622,917,196,993,370
16530,6,Focused,0.941,1223,221,1387,416
16530,25,Focused,0.461,780,230,997,458
16530,24,Focused,0.981,1049,433,1216,629
16560,12,Focused,0.979,458,302,770,661
16560,1,Focused,0.784,1098,330,1422,709
16560,11,Focused,0.948,0,334,194,620
16560,2,Looking Away,0.474,1565,241,1817,485
16560,3,Focused,0.735,899,202,1018,379
16560,9,Looking Away,0.803,1475,385,1817,790
16560,8,Looking Away,0.986,271,225,502,442
16560,13,Focused,0.979,1100,190,1262,377
16560,25,Focused,0.639,778,225,1000,458
16560,6,Focused,0.708,1222,223,1387,454
16560,4,Using Phone,0.674,657,220,800,431
16590,12,Focused,0.979,457,302,770,660
16590,1,Focused,0.981,1099,342,1432,709
16590,6,Focused,0.971,1225,226,1390,417
16590,11,Focused,0.96,0,336,191,620
16590,13,Focused,0.981,1101,191,1277,377
16590,9,Focused,0.981,1469,411,1901,778
16590,8,Focused,0.974,271,224,501,442
16590,2,Focused,0.978,1563,242,1806,484
16590,3,Focused,0.676,912,201,1034,340
16590,4,Focused,0.822,689,244,834,454
16590,25,Focused,0.976,815,233,999,460
16590,24,Focused,0.981,1057,432,1202,620
16620,1,Focused,0.975,1098,338,1431,709
16620,12,Focused,0.982,457,304,768,660
16620,11,Focused,0.971,0,335,195,620
16620,13,Focused,0.981,1092,241,1242,382
16620,9,Focused,0.981,1471,392,1803,757
16620,6,Focused,0.977,1228,225,1390,417
16620,4,Focused,0.983,677,221,810,452
16620,8,Focused,0.961,272,223,502,443
16620,2,Focused,0.98,1571,240,1810,420
16620,3,Focused,0.666,927,207,998,346
16620,25,Focused,0.979,769,234,1038,471
16620,24,Focused,0.981,1053,433,1197,618
16650,1,Focused,0.975,1120,341,1429,707
16650,12,Focused,0.983,458,303,770,660
16650,11,Focused,0.974,0,336,193,620
16650,13,Focused,0.981,1101,194,1260,375
16650,2,Focused,0.979,1560,241,1809,483
16650,9,Focused,0.98,1470,415,1822,751
16650,8,Focused,0.976,271,222,502,442
16650,4,Focused,0.977,635,218,782,453
16650,6,Focused,0.976,1223,225,1387,382
16650,3,Focused,0.855,932,210,1018,354
16650,23,Focused,0.955,795,539,999,774
16650,24,Focused,0.978,1052,434,1195,620
16680,1,Focused,0.979,1118,340,1428,708
16680,12,Focused,0.983,457,305,771,660
16680,11,Focused,0.977,0,335,191,620
16680,2,Focused,0.972,1560,241,1809,483
16680,13,Focused,0.98,1097,189,1266,380
16680,6,Focused,0.98,1223,229,1391,416
16680,9,Focused,0.981,1467,407,1841,750
16680,8,Focused,0.973,269,222,511,437
16680,23,Focused,0.908,794,539,997,774
16680,4,Focused,0.984,634,223,778,453
16680,3,Focused,0.964,928,205,1003,344
16680,24,Focused,0.969,1051,434,1189,621
16710,12,Focused,0.982,457,305,769,660
16710,1,Focused,0.916,1111,331,1431,708
16710,2,Focused,0.979,1561,241,1808,484
16710,11,Focused,0.974,0,334,189,619
16710,13,Focused,0.981,1091,187,1268,375
16710,9,Focused,0.98,1465,407,1837,752
16710,4,Focused,0.98,662,221,780,453
16710,8,Focused,0.968,272,224,501,442
16710,3,Focused,0.972,894,208,1011,386
16710,6,Focused,0.973,1236,229,1391,416
16710,25,Focused,0.983,783,201,993,464
16710,23,Focused,0.978,771,535,962,771
16710,24,Focused,0.97,1053,434,1186,621
16740,12,Focused,0.982,457,305,771,660
16740,1,Focused,0.912,1106,332,1434,709
16740,11,Focused,0.976,0,336,201,621
16740,13,Focused,0.981,1080,191,1263,378
16740,9,Focused,0.981,1464,402,1836,758
16740,6,Focused,0.968,1223,222,1392,416
16740,2,Focused,0.98,1569,243,1818,481
16740,8,Focused,0.98,271,224,501,442
16740,4,Focused,0.982,650,227,782,457
16740,3,Focused,0.975,927,205,998,354
16740,25,Focused,0.982,833,221,1022,472
16740,24,Focused,0.975,1050,432,1220,621
16740,23,Focused,0.967,772,533,976,767
16770,12,Focused,0.98,457,305,771,661
16770,1,Focused,0.764,1145,336,1424,707
16770,11,Focused,0.973,0,339,196,620
16770,13,Focused,0.98,1092,189,1259,377
16770,2,Focused,0.973,1569,241,1817,480
16770,6,Focused,0.929,1217,224,1389,417
16770,9,Focused,0.981,1463,415,1838,758
16770,8,Focused,0.979,271,224,501,442
16770,4,Focused,0.831,656,225,782,456
16770,3,Focused,0.962,927,187,1007,370
16770,24,Focused,0.976,1048,434,1209,620
16770,25,Focused,0.659,837,222,999,472
16770,23,Focused,0.975,773,533,975,766
16800,1,Focused,0.904,1128,332,1425,707
16800,11,Focused,0.975,0,337,190,620
16800,12,Focused,0.976,443,303,778,661
16800,13,Focused,0.981,1097,188,1262,377
16800,2,Focused,0.978,1569,242,1819,481
16800,6,Focused,0.971,1221,221,1388,417
16800,8,Focused,0.981,271,222,501,442
16800,9,Focused,0.981,1463,417,1839,758
16800,4,Focused,0.974,674,220,785,453
16800,3,Focused,0.979,929,202,1003,350
16800,24,Focused,0.515,1048,433,1218,622
16800,25,Focused,0.929,836,224,1006,473
16800,23,Focused,0.981,778,533,974,768
16830,1,Focused,0.967,1123,330,1424,707
16830,12,Focused,0.975,456,304,786,662
16830,11,Focused,0.974,0,337,190,619
16830,2,Focused,0.982,1570,242,1818,481
16830,13,Focused,0.982,1094,189,1261,377
16830,8,Focused,0.979,272,223,500,442
16830,9,Focused,0.982,1463,417,1836,759
16830,6,Focused,0.962,1221,222,1388,416
16830,4,Focused,0.985,661,216,783,434
16830,3,Focused,0.981,921,193,1000,354
16830,24,Focused,0.845,1049,433,1203,621
16830,25,Focused,0.972,839,224,1004,472
16830,23,Focused,0.911,778,533,976,769
16860,1,Focused,0.974,1125,338,1423,704
16860,12,Focused,0.943,458,305,786,662
16860,11,Focused,0.977,0,339,217,622
16860,9,Focused,0.982,1458,435,1807,757
16860,13,Focused,0.983,1094,187,1266,373
16860,6,Focused,0.98,1222,224,1377,376
16860,8,Focused,0.983,271,223,501,442
16860,2,Focused,0.983,1567,240,1807,456
16860,4,Focused,0.985,656,216,782,436
16860,3,Focused,0.969,924,194,1000,369
16860,24,Using Phone,0.648,1048,434,1202,622
16860,25,Focused,0.878,841,224,999,472
16890,1,Focused,0.979,1056,323,1426,766
16890,12,Focused,0.975,458,304,782,661
16890,2,Focused,0.981,1562,242,1799,486
16890,11,Focused,0.978,0,336,207,621
16890,13,Focused,0.98,1094,188,1269,377
16890,8,Focused,0.987,275,223,500,442
16890,9,Focused,0.976,1462,411,1839,759
16890,4,Focused,0.984,646,216,783,446
16890,3,Focused,0.984,913,194,1001,351
16890,25,Focused,0.979,790,263,1054,483
16890,6,Focused,0.982,1282,228,1400,417
16920,1,Focused,0.976,1080,334,1425,764
16920,12,Focused,0.983,458,302,784,661
16920,11,Focused,0.981,0,336,191,620
16920,2,Focused,0.983,1563,242,1799,485
16920,13,Focused,0.983,1092,188,1272,372
16920,8,Focused,0.986,275,223,500,442
16920,9,Focused,0.983,1461,425,1838,758
16920,6,Focused,0.98,1232,229,1402,417
16920,4,Focused,0.982,650,216,782,437
16920,3,Focused,0.984,914,195,1001,355
16920,25,Focused,0.97,789,254,1042,495
16920,23,Focused,0.791,780,532,975,765
16950,1,Focused,0.975,1072,324,1437,701
16950,12,Focused,0.981,460,301,783,661
16950,2,Focused,0.984,1563,241,1798,488
16950,11,Focused,0.981,0,337,209,622
16950,13,Focused,0.985,1099,191,1270,374
16950,8,Focused,0.985,273,224,500,442
16950,9,Focused,0.982,1480,385,1881,754
16950,3,Focused,0.976,922,197,1001,356
16950,6,Focused,0.978,1293,233,1403,418
16950,4,Focused,0.977,635,219,781,438
16950,25,Focused,0.984,786,237,1040,496
16950,23,Focused,0.936,779,531,976,765
16980,1,Focused,0.973,1094,334,1428,706
16980,12,Focused,0.981,459,305,789,665
16980,11,Focused,0.978,0,337,215,622
16980,2,Focused,0.981,1554,241,1802,476
16980,13,Focused,0.984,1096,196,1274,380
16980,6,Focused,0.972,1231,230,1403,418
16980,8,Focused,0.978,271,222,500,442
16980,3,Focused,0.979,925,206,1003,342
16980,23,Focused,0.965,790,536,993,755
16980,9,Focused,0.982,1463,404,1880,736
16980,4,Focused,0.981,600,217,721,380
17010,12,Focused,0.981,459,303,785,664
17010,1,Focused,0.978,1051,320,1424,743
17010,11,Focused,0.979,0,338,214,622
17010,13,Focused,0.981,1081,191,1271,368
17010,8,Focused,0.984,272,223,499,442
17010,2,Focused,0.982,1532,241,1802,448
17010,6,Focused,0.976,1280,230,1403,456
17010,9,Focused,0.982,1460,408,1872,753
17010,3,Focused,0.978,919,207,1005,348
17010,4,Focused,0.981,626,220,779,436
17010,23,Focused,0.982,788,536,993,755
17040,1,Focused,0.981,1047,319,1421,764
17040,11,Focused,0.98,0,338,216,622
17040,12,Focused,0.981,421,308,787,664
17040,13,Focused,0.982,1096,190,1268,372
17040,4,Focused,0.982,601,221,778,438
17040,9,Focused,0.982,1457,412,1851,756
17040,8,Focused,0.985,273,222,499,442
17040,6,Focused,0.98,1271,225,1390,452
17040,2,Focused,0.982,1579,241,1808,427
17040,3,Focused,0.98,924,206,1004,347
17040,23,Focused,0.976,789,536,995,756
17070,12,Focused,0.977,455,303,789,663
17070,1,Focused,0.884,1108,321,1423,715
17070,11,Focused,0.979,0,338,215,623
17070,13,Focused,0.981,1094,189,1273,374
17070,2,Focused,0.982,1551,242,1805,483
17070,8,Focused,0.984,274,223,499,442
17070,9,Focused,0.981,1455,390,1826,752
17070,4,Focused,0.982,657,220,777,437
17070,6,Focused,0.98,1262,223,1404,418
17070,3,Focused,0.976,924,205,1005,348
17070,23,Focused,0.783,789,536,996,755
17070,24,Focused,0.635,1055,433,1208,620
17100,1,Focused,0.977,1073,324,1426,707
17100,12,Focused,0.98,458,304,788,663
17100,11,Focused,0.978,0,336,212,621
17100,2,Focused,0.981,1539,241,1804,484
17100,8,Focused,0.981,273,223,498,442
17100,9,Focused,0.981,1456,405,1854,765
17100,13,Focused,0.98,1097,188,1273,376
17100,6,Focused,0.974,1277,228,1412,417
17100,4,Focused,0.981,646,215,778,437
17100,3,Focused,0.976,926,211,1009,347
17100,23,Focused,0.95,789,536,996,755
17130,1,Focused,0.98,1090,323,1428,709
17130,11,Focused,0.979,0,335,215,621
17130,12,Focused,0.979,456,302,790,664
17130,13,Focused,0.98,1095,189,1274,372
17130,2,Focused,0.982,1553,240,1811,486
17130,8,Focused,0.981,275,223,497,442
17130,3,Focused,0.979,916,195,1011,336
17130,9,Focused,0.981,1485,408,1860,748
17130,6,Focused,0.971,1256,224,1398,418
17130,4,Focused,0.981,602,217,778,439
17130,23,Focused,0.975,790,535,1002,754
17130,25,Focused,0.745,816,223,1035,489
17160,1,Focused,0.973,1104,329,1430,709
17160,12,Focused,0.979,456,304,790,665
17160,11,Focused,0.977,0,336,209,620
17160,9,Focused,0.98,1518,367,1866,747
17160,13,Focused,0.981,1096,190,1270,374
17160,2,Focused,0.982,1548,240,1812,487
17160,6,Focused,0.97,1234,223,1392,417
17160,8,Focused,0.981,276,225,499,442
17160,3,Focused,0.98,920,197,1004,337
17160,23,Focused,0.963,789,536,1002,756
17160,4,Focused,0.981,641,218,779,435
17160,24,Using Phone,0.508,1054,433,1206,621
17190,1,Focused,0.954,1105,336,1431,708
17190,12,Focused,0.98,457,303,789,666
17190,11,Focused,0.975,0,338,216,620
17190,13,Focused,0.981,1090,190,1273,376
17190,2,Focused,0.98,1547,241,1811,456
17190,8,Focused,0.918,276,224,498,442
17190,6,Focused,0.915,1231,231,1401,416
17190,9,Focused,0.981,1492,398,1893,754
17190,4,Focused,0.975,645,216,784,441
17190,3,Focused,0.974,916,199,1004,341
17190,23,Focused,0.98,789,536,1002,756
17190,24,Focused,0.968,1057,432,1221,621
17220,1,Focused,0.945,1117,327,1426,759
17220,12,Focused,0.982,458,303,790,665
17220,11,Focused,0.975,0,334,211,618
17220,2,Focused,0.982,1555,241,1814,488
17220,13,Focused,0.982,1093,190,1271,375
17220,9,Focused,0.981,1491,399,1847,754
17220,8,Focused,0.975,276,224,498,442
17220,4,Focused,0.982,586,222,723,379
17220,3,Focused,0.977,915,200,1005,343
17220,6,Focused,0.966,1230,224,1402,415
17220,23,Focused,0.982,789,536,1002,754
17220,24,Focused,0.976,1055,434,1201,622
17250,11,Focused,0.973,0,338,211,621
17250,1,Focused,0.782,1140,329,1446,707
17250,12,Focused,0.981,457,304,791,666
17250,2,Focused,0.983,1561,241,1813,489
17250,13,Focused,0.982,1094,188,1272,374
17250,8,Focused,0.978,275,224,498,442
17250,9,Focused,0.982,1491,409,1849,757
17250,6,Focused,0.973,1231,224,1409,417
17250,3,Focused,0.977,918,199,1006,341
17250,23,Focused,0.985,790,536,1002,755
17250,24,Focused,0.584,1054,434,1199,619
17250,4,Focused,0.982,615,216,779,437
17280,12,Focused,0.982,458,306,790,665
17280,1,Focused,0.962,1128,337,1432,707
17280,11,Focused,0.974,0,338,184,618
17280,6,Focused,0.978,1231,225,1409,418
17280,2,Focused,0.983,1577,240,1813,483
17280,13,Focused,0.981,1093,191,1270,377
17280,9,Focused,0.983,1491,389,1851,756
17280,8,Focused,0.966,275,224,498,442
17280,3,Focused,0.97,918,210,1008,343
17280,4,Focused,0.98,633,218,780,436
17280,23,Focused,0.984,789,536,1003,755
17280,24,Focused,0.92,1056,434,1219,621
17310,1,Focused,0.972,1117,336,1434,709
17310,11,Focused,0.976,0,339,208,621
17310,6,Focused,0.976,1228,223,1443,416
17310,12,Focused,0.981,458,303,792,665
17310,2,Focused,0.985,1579,242,1817,487
17310,8,Focused,0.975,275,222,498,442
17310,13,Focused,0.981,1110,192,1270,377
17310,9,Focused,0.984,1489,393,1867,751
17310,3,Focused,0.975,917,202,1006,343
17310,23,Focused,0.983,792,537,1004,755
17310,4,Focused,0.981,601,224,722,378
17310,24,Focused,0.955,1053,434,1218,621
17340,1,Focused,0.961,1122,326,1432,707
17340,11,Focused,0.976,0,337,211,622
17340,12,Focused,0.981,458,304,792,669
17340,13,Focused,0.982,1097,192,1269,377
17340,2,Focused,0.981,1578,240,1815,478
17340,9,Focused,0.981,1490,385,1843,751
17340,8,Focused,0.981,276,221,460,435
17340,3,Focused,0.975,918,200,1007,343
17340,6,Focused,0.971,1230,224,1406,412
17340,4,Focused,0.981,641,221,781,434
17340,23,Focused,0.976,792,536,1002,755
17340,24,Focused,0.929,1055,434,1210,621
17370,11,Focused,0.977,0,336,208,622
17370,1,Focused,0.946,1108,323,1451,712
17370,12,Focused,0.98,458,304,792,669
17370,13,Focused,0.982,1096,190,1273,377
17370,2,Focused,0.981,1580,241,1816,486
17370,8,Focused,0.983,279,226,461,439
17370,9,Focused,0.981,1493,401,1860,752
17370,3,Focused,0.979,916,200,1007,344
17370,6,Focused,0.978,1230,227,1411,418
17370,4,Focused,0.981,644,222,780,436
17370,23,Focused,0.931,792,536,1003,755
17370,24,Focused,0.932,1054,433,1214,621
17400,1,Focused,0.974,1087,325,1451,712
17400,11,Focused,0.977,0,337,209,621
17400,12,Focused,0.981,458,306,793,669
17400,2,Focused,0.978,1580,242,1815,484
17400,13,Focused,0.98,1102,189,1272,377
17400,6,Focused,0.978,1236,225,1411,417
17400,9,Focused,0.981,1488,399,1857,747
17400,3,Focused,0.978,918,200,1007,342
17400,8,Focused,0.977,280,226,500,437
17400,23,Focused,0.936,793,536,1002,755
17400,4,Focused,0.981,626,220,780,433
17430,11,Focused,0.978,0,339,210,622
17430,1,Focused,0.974,1131,337,1428,706
17430,12,Focused,0.982,466,308,792,669
17430,9,Focused,0.98,1512,372,1836,757
17430,13,Focused,0.981,1097,187,1268,379
17430,2,Focused,0.98,1624,240,1816,414
17430,8,Focused,0.975,281,225,465,439
17430,4,Focused,0.981,638,222,780,434
17430,23,Focused,0.971,792,537,1003,755
17430,6,Focused,0.97,1226,220,1382,374
17430,24,Focused,0.971,1056,434,1204,620
17430,3,Focused,0.975,906,218,1002,351
17460,1,Focused,0.975,1150,327,1413,704
17460,12,Focused,0.982,463,308,794,669
17460,11,Focused,0.978,0,339,209,621
17460,13,Focused,0.981,1096,188,1271,380
17460,2,Focused,0.98,1586,242,1816,484
17460,9,Focused,0.981,1518,402,1862,801
17460,3,Focused,0.973,899,221,1028,370
17460,4,Focused,0.982,602,224,781,435
17460,23,Focused,0.978,795,537,1003,755
17460,8,Focused,0.98,284,226,464,439
17460,6,Focused,0.942,1246,224,1400,353
17460,24,Focused,0.979,1053,434,1199,620
17490,11,Focused,0.978,0,339,210,621
17490,1,Focused,0.981,1151,336,1419,706
17490,13,Focused,0.981,1097,187,1272,380
17490,2,Focused,0.981,1573,239,1812,482
17490,12,Focused,0.981,475,309,796,669
17490,6,Focused,0.968,1232,224,1396,418
17490,4,Focused,0.981,636,226,780,434
17490,3,Focused,0.975,899,221,1028,370
17490,9,Focused,0.981,1508,407,1865,799
17490,23,Focused,0.974,796,536,1002,756
17490,8,Focused,0.983,282,224,453,440
17490,24,Focused,0.976,1053,434,1202,619
17520,12,Focused,0.981,455,302,789,668
17520,1,Focused,0.967,1140,327,1422,705
17520,11,Focused,0.977,0,339,192,620
17520,13,Focused,0.981,1097,186,1271,379
17520,2,Focused,0.981,1578,243,1820,486
17520,6,Focused,0.951,1234,225,1392,368
17520,9,Focused,0.981,1502,395,1862,795
17520,8,Focused,0.975,281,221,458,439
17520,4,Focused,0.981,641,225,782,438
17520,3,Focused,0.913,899,222,1028,369
17520,24,Focused,0.975,1054,433,1230,619
17520,23,Focused,0.979,805,536,992,755
17550,1,Focused,0.955,1149,334,1428,702
17550,12,Focused,0.981,461,306,792,672
17550,11,Focused,0.978,0,341,196,620
17550,13,Focused,0.981,1097,187,1271,379
17550,8,Focused,0.981,277,221,459,439
17550,6,Focused,0.974,1241,228,1402,419
17550,2,Focused,0.981,1578,243,1826,472
17550,9,Focused,0.981,1493,394,1849,749
17550,23,Focused,0.96,796,537,1003,756
17550,4,Focused,0.981,640,227,781,435
17550,3,Focused,0.72,901,221,1028,370
17550,24,Focused,0.977,1055,433,1220,618
17580,1,Focused,0.969,1136,345,1445,707
17580,12,Focused,0.981,462,307,792,671
17580,11,Focused,0.979,0,342,197,621
17580,13,Focused,0.981,1095,188,1274,377
17580,8,Focused,0.968,275,221,459,439
17580,9,Focused,0.981,1490,392,1849,752
17580,6,Focused,0.971,1236,225,1394,394
17580,4,Focused,0.981,636,226,781,434
17580,23,Focused,0.857,796,537,1004,756
17580,3,Focused,0.941,902,211,1028,371
17580,2,Focused,0.98,1597,243,1823,454
17580,24,Focused,0.972,1056,434,1216,620
17610,12,Focused,0.981,460,308,791,668
17610,1,Focused,0.974,1135,341,1443,707
17610,11,Focused,0.981,0,343,197,620
17610,6,Focused,0.977,1233,225,1396,418
17610,13,Focused,0.982,1128,190,1272,381
17610,8,Focused,0.979,276,220,457,438
17610,2,Focused,0.981,1589,243,1823,489
17610,23,Focused,0.957,796,536,1003,756
17610,4,Focused,0.981,635,226,781,435
17610,9,Focused,0.981,1492,417,1855,796
17610,3,Focused,0.977,903,209,1029,372
17610,24,Focused,0.873,1053,434,1202,620
17640,12,Focused,0.976,461,308,790,668
17640,1,Focused,0.971,1134,339,1443,707
17640,13,Focused,0.98,1127,192,1270,380
17640,6,Focused,0.977,1241,227,1399,417
17640,11,Focused,0.977,0,343,195,620
17640,2,Focused,0.979,1580,244,1823,485
17640,8,Focused,0.977,276,221,458,437
17640,4,Focused,0.981,637,227,781,433
17640,23,Focused,0.979,795,536,1003,756
17640,9,Focused,0.981,1490,410,1858,771
17640,3,Focused,0.978,886,193,1017,360
17640,24,Focused,0.919,1054,434,1201,619
17670,1,Focused,0.948,1122,341,1446,707
17670,12,Focused,0.979,460,309,791,668
17670,11,Focused,0.978,0,307,215,622
17670,13,Focused,0.981,1127,193,1269,381
17670,6,Focused,0.974,1232,236,1398,417
17670,2,Focused,0.981,1595,243,1818,490
17670,4,Focused,0.981,633,224,779,436
17670,3,Focused,0.983,931,203,1025,355
17670,9,Focused,0.981,1493,414,1859,797
17670,23,Focused,0.953,796,537,1002,756
17670,8,Focused,0.983,277,220,501,439
17670,24,Focused,0.861,1054,434,1223,620
17700,1,Focused,0.973,1125,335,1444,707
17700,12,Focused,0.972,462,310,791,670
17700,13,Focused,0.981,1128,193,1269,381
17700,2,Focused,0.982,1579,243,1818,479
17700,11,Focused,0.979,0,319,168,618
17700,9,Focused,0.981,1491,417,1900,783
17700,4,Focused,0.981,634,227,779,435
17700,23,Focused,0.975,795,536,1003,755
17700,8,Focused,0.981,276,220,460,439
17700,3,Focused,0.984,932,201,1020,355
17700,6,Focused,0.972,1233,232,1395,401
17700,24,Focused,0.964,1054,433,1221,621
17730,12,Focused,0.969,462,309,791,669
17730,1,Focused,0.977,1125,333,1442,722
17730,13,Focused,0.98,1128,191,1269,380
17730,2,Focused,0.981,1592,246,1819,485
17730,11,Focused,0.98,0,337,188,620
17730,8,Focused,0.982,277,219,459,438
17730,9,Focused,0.98,1487,408,1884,783
17730,4,Focused,0.982,665,219,786,438
17730,6,Focused,0.981,1228,225,1422,404
17730,3,Focused,0.98,930,201,1019,356
17730,23,Focused,0.986,796,537,1002,756
17730,24,Focused,0.975,1053,434,1209,622
17760,1,Focused,0.97,1147,337,1442,707
17760,12,Focused,0.97,462,309,790,668
17760,13,Focused,0.98,1128,191,1270,381
17760,2,Focused,0.979,1592,245,1818,486
17760,11,Focused,0.97,0,340,190,620
17760,6,Focused,0.976,1232,224,1396,420
17760,9,Focused,0.979,1489,406,1886,791
17760,4,Focused,0.982,657,219,783,437
17760,23,Focused,0.984,795,536,1003,755
17760,8,Focused,0.962,251,215,425,434
17760,3,Focused,0.96,930,197,1014,356
17760,24,Focused,0.978,1053,434,1199,619
17790,12,Focused,0.978,462,306,791,667
17790,1,Focused,0.96,1139,328,1443,707
17790,11,Focused,0.973,0,340,192,620
17790,2,Focused,0.98,1594,245,1818,488
17790,13,Focused,0.98,1127,192,1270,381
17790,4,Focused,0.982,633,217,807,437
17790,6,Focused,0.961,1251,226,1403,417
17790,9,Focused,0.98,1493,403,1888,783
17790,3,Focused,0.942,922,196,1016,367
17790,23,Focused,0.981,794,537,1002,755
17790,8,Focused,0.906,258,221,424,436
17790,24,Focused,0.981,1055,434,1204,619
17820,1,Focused,0.894,1149,328,1444,707
17820,12,Focused,0.983,461,308,791,667
17820,13,Focused,0.981,1082,192,1277,378
17820,11,Focused,0.973,0,343,194,621
17820,2,Focused,0.98,1597,244,1819,490
17820,4,Focused,0.981,672,218,811,438
17820,9,Focused,0.978,1491,406,1891,795
17820,23,Focused,0.975,796,538,1002,755
17820,3,Focused,0.92,926,195,1016,362
17820,6,Focused,0.847,1252,229,1399,418
17820,8,Focused,0.955,247,221,425,437
17820,24,Focused,0.98,1054,434,1216,619
17850,12,Focused,0.981,459,308,790,669
17850,1,Focused,0.903,1125,332,1445,709
17850,11,Focused,0.974,0,340,197,621
17850,13,Focused,0.98,1122,202,1276,379
17850,2,Focused,0.978,1596,243,1820,487
17850,6,Focused,0.945,1246,224,1398,418
17850,4,Focused,0.977,667,215,811,435
17850,9,Focused,0.975,1491,412,1887,795
17850,23,Focused,0.984,794,537,1002,755
17850,3,Focused,0.875,921,194,1010,357
17850,8,Focused,0.982,252,220,425,436
17850,24,Focused,0.977,1054,434,1221,622
17880,12,Focused,0.981,458,304,791,668
17880,1,Focused,0.917,1126,335,1443,707
17880,11,Focused,0.977,0,343,196,621
17880,13,Focused,0.98,1090,189,1271,379
17880,6,Focused,0.979,1242,226,1399,415
17880,2,Focused,0.98,1595,244,1820,486
17880,9,Focused,0.976,1491,415,1887,794
17880,4,Focused,0.98,664,219,811,439
17880,23,Focused,0.984,794,537,1002,755
17880,3,Focused,0.963,923,198,1013,363
17880,8,Focused,0.98,238,218,424,436
17880,24,Focused,0.979,1056,434,1212,622
17910,1,Focused,0.962,1122,326,1442,707
17910,11,Focused,0.976,0,344,197,621
17910,13,Focused,0.978,1092,189,1269,380
17910,12,Focused,0.984,481,301,792,668
17910,2,Focused,0.978,1590,244,1819,487
17910,9,Focused,0.979,1488,400,1887,784
17910,6,Focused,0.971,1243,225,1398,417
17910,4,Focused,0.978,670,218,811,441
17910,3,Focused,0.965,923,197,1012,363
17910,8,Focused,0.983,235,218,424,436
17910,23,Focused,0.98,795,537,1002,755
17910,24,Focused,0.975,1054,434,1216,622
17940,1,Focused,0.924,1129,332,1444,707
17940,13,Focused,0.978,1091,188,1271,377
17940,6,Focused,0.954,1229,223,1398,418
17940,11,Focused,0.976,0,345,197,621
17940,2,Focused,0.979,1591,244,1819,487
17940,12,Focused,0.974,467,310,785,665
17940,9,Focused,0.98,1488,408,1889,782
17940,8,Focused,0.98,275,212,506,446
17940,4,Focused,0.979,669,224,810,447
17940,23,Focused,0.948,789,537,1002,757
17940,3,Focused,0.943,917,203,1004,350
17940,24,Focused,0.966,1055,433,1223,621
17970,1,Focused,0.974,1124,356,1456,730
17970,2,Focused,0.971,1553,256,1780,486
17970,13,Focused,0.964,1089,188,1265,379
17970,11,Focused,0.975,0,345,198,621
17970,6,Focused,0.908,1228,225,1386,391
17970,12,Focused,0.967,547,305,786,664
17970,4,Focused,0.98,662,226,810,445
17970,23,Focused,0.887,789,537,1002,759
17970,8,Focused,0.954,222,223,436,451
17970,3,Focused,0.877,928,221,1016,365
17970,9,Focused,0.98,1471,387,1867,742
17970,24,Focused,0.949,1054,433,1227,621
18000,12,Focused,0.984,454,307,770,661
18000,1,Focused,0.969,1088,326,1450,766
18000,4,Focused,0.979,616,240,810,452
18000,11,Focused,0.977,0,345,196,621
18000,2,Focused,0.979,1593,241,1855,497
18000,13,Focused,0.98,1076,187,1273,379
18000,8,Focused,0.979,225,222,436,453
18000,6,Focused,0.968,1228,225,1393,417
18000,3,Focused,0.97,963,216,1011,323
18000,9,Focused,0.982,1470,412,1911,742
18000,25,Focused,0.978,812,210,1046,482
18000,23,Focused,0.972,772,535,986,758
18030,12,Focused,0.982,458,311,775,659
18030,1,Focused,0.962,1141,340,1450,707
18030,6,Focused,0.975,1233,223,1394,458
18030,11,Focused,0.976,0,343,197,621
18030,2,Focused,0.981,1594,239,1855,494
18030,13,Focused,0.981,1102,180,1277,378
18030,8,Focused,0.966,236,227,442,446
18030,4,Focused,0.975,580,240,819,451
18030,3,Focused,0.969,944,198,1035,374
18030,9,Focused,0.982,1483,403,1901,743
18030,23,Focused,0.886,778,535,986,758
18030,24,Focused,0.971,1056,433,1226,611
18030,25,Focused,0.979,792,226,1043,483
18060,12,Focused,0.982,460,305,780,661
18060,1,Focused,0.916,1098,330,1454,772
18060,13,Focused,0.981,1095,190,1266,379
18060,11,Focused,0.974,0,343,197,622
18060,8,Focused,0.979,236,230,442,445
18060,6,Focused,0.979,1231,227,1397,416
18060,9,Focused,0.982,1488,420,1881,756
18060,3,Focused,0.974,897,192,1039,379
18060,2,Focused,0.982,1597,241,1863,496
18060,4,Focused,0.979,623,234,805,447
18060,25,Focused,0.977,769,250,1039,490
18060,23,Focused,0.974,787,538,993,764
18090,1,Focused,0.959,1158,351,1455,709
18090,12,Focused,0.983,460,303,781,661
18090,13,Focused,0.981,1097,190,1271,378
18090,11,Focused,0.972,0,344,192,620
18090,6,Focused,0.977,1230,226,1392,387
18090,8,Focused,0.949,236,230,442,449
18090,2,Focused,0.983,1583,240,1862,499
18090,3,Focused,0.973,909,193,1033,380
18090,23,Focused,0.957,789,537,989,765
18090,9,Focused,0.982,1484,408,1854,748
18090,24,Focused,0.976,1067,435,1229,629
18090,4,Focused,0.983,647,213,813,438
18120,1,Focused,0.975,1158,345,1457,708
18120,12,Focused,0.984,460,308,781,662
18120,2,Focused,0.983,1639,240,1860,496
18120,11,Focused,0.973,0,345,197,621
18120,13,Focused,0.982,1097,190,1271,378
18120,6,Focused,0.964,1231,227,1398,399
18120,8,Focused,0.985,230,214,465,436
18120,3,Focused,0.975,833,191,1018,362
18120,23,Focused,0.798,786,536,993,765
18120,24,Focused,0.97,1068,435,1228,632
18120,4,Focused,0.986,569,218,805,410
18120,9,Focused,0.982,1483,412,1852,740
18150,12,Focused,0.983,460,307,783,662
18150,1,Focused,0.978,1160,365,1462,709
18150,11,Focused,0.973,0,344,195,621
18150,13,Focused,0.984,1100,190,1272,377
18150,2,Focused,0.985,1592,240,1865,496
18150,6,Focused,0.963,1233,226,1393,468
18150,8,Focused,0.984,227,222,441,447
18150,23,Focused,0.952,785,537,990,766
18150,9,Focused,0.985,1484,412,1852,744
18150,24,Focused,0.95,1066,435,1226,632
18150,4,Focused,0.987,568,219,805,409
18150,3,Focused,0.974,850,195,1022,369
18180,12,Focused,0.981,461,305,783,663
18180,1,Focused,0.977,1160,355,1460,709
18180,11,Focused,0.974,0,342,196,621
18180,13,Focused,0.981,1100,190,1272,378
18180,2,Focused,0.983,1604,240,1864,501
18180,8,Focused,0.984,228,217,441,439
18180,6,Focused,0.956,1232,228,1396,407
18180,3,Focused,0.972,839,191,1036,371
18180,23,Focused,0.682,783,538,993,766
18180,24,Focused,0.473,1067,435,1230,632
18180,9,Focused,0.67,1484,410,1852,740
18180,4,Focused,0.978,570,218,805,403
18210,12,Focused,0.981,460,304,784,661
18210,1,Focused,0.953,1181,353,1468,712
18210,11,Focused,0.977,0,344,196,621
18210,13,Focused,0.981,1099,190,1272,378
18210,2,Focused,0.978,1603,239,1855,498
18210,6,Focused,0.976,1233,229,1400,471
18210,8,Focused,0.986,228,233,439,446
18210,3,Focused,0.978,902,195,1018,373
18210,9,Focused,0.692,1484,412,1852,749
18210,24,Focused,0.784,1069,435,1222,630
18210,4,Focused,0.971,572,212,715,380
18210,25,Focused,0.976,819,192,964,455
18240,12,Focused,0.979,460,309,786,660
18240,1,Focused,0.924,1179,346,1462,711
18240,13,Focused,0.979,1100,189,1273,378
18240,11,Focused,0.976,0,345,193,620
18240,6,Focused,0.971,1229,229,1399,400
18240,8,Focused,0.986,286,210,509,444
18240,3,Focused,0.986,889,194,1019,375
18240,4,Focused,0.974,561,219,792,435
18240,2,Focused,0.981,1561,238,1857,500
18240,9,Focused,0.643,1484,415,1849,747
18240,24,Focused,0.938,1068,435,1225,631
18240,25,Focused,0.955,789,199,957,461
18240,23,Focused,0.901,769,530,947,769
18270,12,Focused,0.981,460,305,786,660
18270,1,Focused,0.957,1180,344,1461,711
18270,13,Focused,0.981,1100,189,1273,378
18270,11,Focused,0.976,0,346,195,621
18270,2,Focused,0.984,1594,240,1859,500
18270,3,Focused,0.982,878,193,1018,373
18270,6,Focused,0.854,1229,228,1391,398
18270,8,Focused,0.985,290,218,497,442
18270,4,Focused,0.977,577,212,781,450
18270,24,Focused,0.966,1069,434,1225,632
18270,9,Focused,0.707,1484,413,1850,747
18270,25,Focused,0.967,783,206,959,461
18270,23,Focused,0.984,768,530,946,770
18300,12,Focused,0.98,461,303,786,660
18300,1,Focused,0.97,1092,324,1450,763
18300,13,Focused,0.981,1100,191,1273,380
18300,11,Focused,0.977,0,344,194,621
18300,2,Focused,0.98,1601,239,1847,490
18300,6,Focused,0.98,1241,224,1394,416
18300,3,Focused,0.983,877,196,1019,373
18300,8,Focused,0.983,289,218,496,443
18300,9,Focused,0.621,1485,413,1908,746
18300,24,Focused,0.823,1068,434,1213,625
18300,23,Focused,0.973,771,530,948,771
18300,25,Focused,0.92,764,213,963,460
18300,4,Focused,0.973,573,217,764,437
18330,12,Focused,0.981,461,302,782,660
18330,11,Focused,0.977,0,345,196,621
18330,1,Focused,0.974,1087,325,1447,754
18330,13,Focused,0.981,1099,191,1274,381
18330,2,Focused,0.984,1600,241,1843,493
18330,6,Focused,0.977,1242,225,1394,416
18330,25,Focused,0.981,825,198,1077,477
18330,8,Focused,0.986,288,218,496,443
18330,4,Focused,0.977,581,217,712,379
18330,9,Focused,0.96,1485,413,1909,744
18360,12,Focused,0.982,460,301,787,664
18360,11,Focused,0.979,0,344,198,622
18360,13,Focused,0.981,1101,190,1275,380
18360,1,Focused,0.977,1090,325,1447,751
18360,4,Focused,0.981,578,220,691,379
18360,2,Focused,0.977,1602,240,1860,499
18360,8,Focused,0.982,287,218,493,443
18360,3,Focused,0.987,921,196,1016,346
18360,6,Focused,0.982,1240,228,1411,418
18360,9,Focused,0.986,1486,412,1908,738
18360,24,Focused,0.949,1071,434,1225,605
18360,23,Focused,0.977,813,539,1006,753
18390,12,Focused,0.981,460,302,788,664
18390,1,Focused,0.978,1095,332,1449,754
18390,13,Focused,0.982,1101,190,1274,380
18390,2,Focused,0.981,1599,240,1862,499
18390,6,Focused,0.974,1228,225,1396,417
18390,11,Focused,0.98,0,348,234,620
18390,8,Focused,0.982,287,218,494,443
18390,4,Focused,0.981,580,218,772,444
18390,3,Focused,0.986,921,192,1018,361
18390,23,Focused,0.976,814,536,1008,756
18390,9,Focused,0.983,1486,411,1912,743
18390,24,Focused,0.969,1070,434,1226,618
18420,12,Focused,0.981,460,317,787,663
18420,1,Focused,0.975,1088,327,1451,714
18420,13,Focused,0.981,1113,190,1272,380
18420,11,Focused,0.972,0,348,219,622
18420,2,Focused,0.978,1600,239,1865,499
18420,4,Focused,0.979,603,218,771,439
18420,6,Focused,0.941,1230,225,1392,375
18420,8,Focused,0.95,286,218,491,443
18420,3,Focused,0.984,920,193,1018,364
18420,9,Focused,0.979,1488,406,1911,743
18420,23,Using Phone,0.651,818,538,1007,756
18420,24,Focused,0.855,1065,435,1213,602
18450,1,Focused,0.967,1185,345,1455,714
18450,13,Focused,0.981,1098,190,1271,378
18450,11,Focused,0.966,0,349,220,623
18450,4,Focused,0.981,577,217,771,457
18450,2,Focused,0.979,1608,240,1864,497
18450,12,Focused,0.981,433,314,721,657
18450,6,Focused,0.898,1225,222,1385,388
18450,8,Focused,0.887,287,217,462,441
18450,23,Focused,0.565,812,539,1006,756
18450,3,Focused,0.977,896,191,1011,344
18450,24,Focused,0.956,1067,435,1226,618
18450,9,Focused,0.976,1488,383,1915,743
18480,12,Focused,0.981,488,299,740,660
18480,1,Focused,0.975,1162,343,1446,710
18480,9,Focused,0.977,1493,385,1843,752
18480,6,Focused,0.578,1228,225,1389,381
18480,11,Focused,0.958,0,343,221,621
18480,3,Focused,0.977,888,196,1020,373
18480,4,Focused,0.982,615,220,776,453
18480,2,Focused,0.981,1598,240,1859,496
18480,8,Focused,0.929,281,214,495,442
18480,23,Focused,0.969,804,537,1006,756
18480,13,Focused,0.981,1117,188,1267,379
18480,24,Focused,0.956,1066,435,1217,619
18510,1,Focused,0.973,1155,329,1442,709
18510,12,Focused,0.982,495,300,755,660
18510,13,Focused,0.98,1096,190,1275,382
18510,2,Focused,0.982,1605,240,1860,498
18510,3,Focused,0.978,881,193,1018,372
18510,11,Focused,0.974,0,322,232,620
18510,4,Focused,0.983,636,224,773,452
18510,23,Focused,0.985,803,538,1006,757
18510,8,Focused,0.968,279,218,494,444
18510,9,Focused,0.98,1502,401,1858,754
18510,6,Focused,0.978,1245,224,1393,414
18510,24,Focused,0.972,1067,435,1203,618
18540,1,Focused,0.866,1159,331,1445,708
18540,12,Focused,0.983,475,304,778,663
18540,13,Focused,0.98,1096,189,1276,381
18540,2,Focused,0.982,1618,241,1860,495
18540,8,Focused,0.976,284,209,490,435
18540,11,Focused,0.982,0,328,175,615
18540,4,Focused,0.984,647,221,772,441
18540,6,Focused,0.984,1229,225,1379,371
18540,3,Focused,0.978,882,191,1031,372
18540,9,Focused,0.981,1500,409,1856,756
18540,24,Focused,0.974,1067,435,1222,619
18540,23,Focused,0.985,803,536,1007,756
18570,12,Focused,0.971,473,309,781,664
18570,2,Focused,0.985,1616,241,1858,495
18570,13,Focused,0.978,1098,191,1276,382
18570,11,Focused,0.981,0,351,180,617
18570,8,Focused,0.977,283,214,471,439
18570,3,Focused,0.978,920,195,1087,373
18570,1,Focused,0.63,1123,322,1459,702
18570,9,Focused,0.981,1500,415,1855,755
18570,6,Focused,0.984,1235,226,1389,362
18570,23,Focused,0.98,806,535,1006,756
18570,4,Focused,0.983,648,218,772,436
18570,24,Focused,0.973,1067,434,1209,617
18600,12,Focused,0.985,469,305,784,664
18600,1,Focused,0.964,1128,329,1449,709
18600,2,Focused,0.978,1613,242,1860,496
18600,13,Focused,0.98,1096,196,1273,384
18600,11,Focused,0.98,0,357,184,617
18600,8,Focused,0.982,204,228,458,447
18600,6,Focused,0.979,1227,225,1385,367
18600,4,Focused,0.986,656,215,782,432
18600,3,Focused,0.976,916,193,1028,378
18600,23,Focused,0.972,806,537,1007,757
18600,9,Focused,0.984,1499,418,1855,755
18600,24,Focused,0.969,1067,434,1224,621
18630,1,Focused,0.954,1115,325,1458,715
18630,2,Focused,0.981,1610,242,1860,497
18630,13,Focused,0.982,1094,192,1274,380
18630,11,Focused,0.98,0,355,183,617
18630,12,Focused,0.985,483,307,784,666
18630,3,Focused,0.974,914,192,1052,368
18630,8,Focused,0.978,276,214,465,448
18630,4,Focused,0.982,643,219,779,433
18630,9,Focused,0.982,1500,417,1855,755
18630,6,Focused,0.974,1227,221,1386,376
18630,23,Focused,0.87,807,536,1007,757
18630,24,Focused,0.917,1068,434,1234,619
18660,1,Focused,0.936,1130,325,1460,713
18660,12,Focused,0.982,467,309,783,665
18660,2,Focused,0.984,1602,241,1858,497
18660,13,Focused,0.982,1095,193,1277,383
18660,11,Focused,0.987,0,359,185,617
18660,6,Focused,0.964,1242,224,1396,365
18660,4,Focused,0.98,642,221,779,436
18660,3,Focused,0.962,911,190,1019,367
18660,9,Focused,0.984,1500,398,1857,755
18660,8,Focused,0.979,237,220,425,438
18660,23,Focused,0.982,807,536,1008,756
18660,24,Focused,0.966,1067,434,1229,618
18690,12,Focused,0.982,467,308,784,667
18690,1,Focused,0.875,1106,324,1468,704
18690,13,Focused,0.982,1094,195,1277,384
18690,2,Focused,0.985,1613,237,1861,498
18690,11,Focused,0.986,0,360,178,617
18690,6,Focused,0.973,1240,222,1393,367
18690,4,Focused,0.981,642,221,779,446
18690,9,Focused,0.977,1500,416,1863,756
18690,8,Focused,0.986,277,211,483,439
18690,23,Focused,0.985,809,536,1013,757
18690,24,Focused,0.974,1067,435,1221,617
18690,25,Focused,0.984,813,193,1040,482
18720,12,Focused,0.982,484,308,785,670
18720,1,Focused,0.963,1134,327,1451,708
18720,13,Focused,0.982,1094,193,1278,378
18720,2,Focused,0.986,1604,241,1860,499
18720,11,Focused,0.985,0,352,181,615
18720,6,Focused,0.935,1238,224,1394,366
18720,8,Focused,0.978,271,221,478,442
18720,4,Focused,0.981,644,225,780,444
18720,9,Focused,0.975,1499,413,1861,755
18720,25,Focused,0.982,822,186,1063,461
18720,24,Focused,0.925,1070,434,1228,617
18750,12,Focused,0.982,472,309,783,669
18750,1,Focused,0.958,1139,331,1452,708
18750,2,Focused,0.985,1604,240,1859,497
18750,13,Focused,0.982,1095,197,1269,378
18750,11,Focused,0.986,0,333,177,615
18750,8,Focused,0.985,271,221,476,442
18750,4,Focused,0.982,657,219,778,449
18750,6,Focused,0.866,1227,223,1387,374
18750,9,Focused,0.974,1500,414,1867,755
18750,24,Focused,0.939,1068,434,1215,620
18750,23,Focused,0.984,797,538,1004,782
18750,25,Focused,0.979,798,194,1047,461
18780,12,Focused,0.982,466,310,780,661
18780,1,Focused,0.968,1148,329,1459,709
18780,2,Focused,0.983,1605,240,1857,497
18780,13,Focused,0.982,1094,191,1276,380
18780,6,Focused,0.975,1231,224,1390,369
18780,11,Focused,0.985,0,330,179,615
18780,4,Focused,0.981,640,224,778,435
18780,8,Focused,0.987,270,221,477,442
18780,3,Focused,0.973,913,189,993,311
18780,9,Focused,0.962,1500,409,1863,754
18780,24,Focused,0.961,1065,434,1216,618
18780,23,Focused,0.983,812,537,1000,769
18810,12,Focused,0.982,465,307,775,661
18810,1,Focused,0.945,1143,328,1459,708
18810,9,Focused,0.98,1507,395,1868,764
18810,13,Focused,0.981,1095,190,1276,378
18810,11,Focused,0.985,0,328,181,616
18810,2,Focused,0.985,1624,241,1846,487
18810,4,Focused,0.981,643,221,778,450
18810,6,Focused,0.971,1234,225,1398,367
18810,8,Focused,0.973,269,221,477,443
18810,3,Focused,0.974,913,193,1040,372
18810,23,Focused,0.975,807,536,1007,769
18810,24,Focused,0.908,1068,434,1218,620
18840,1,Focused,0.945,1126,335,1459,711
18840,12,Focused,0.983,464,302,776,660
18840,13,Focused,0.982,1094,189,1276,379
18840,11,Focused,0.978,0,340,190,617
18840,2,Focused,0.987,1643,243,1862,498
18840,6,Focused,0.975,1228,223,1390,372
18840,3,Focused,0.974,908,186,1014,354
18840,9,Focused,0.981,1501,392,1859,754
18840,8,Focused,0.981,268,221,477,443
18840,4,Focused,0.983,633,218,783,446
18840,24,Focused,0.962,1069,435,1219,623
18840,23,Focused,0.947,806,535,1006,770
18870,12,Focused,0.979,463,304,776,661
18870,1,Focused,0.965,1149,325,1440,729
18870,13,Focused,0.982,1093,189,1269,378
18870,2,Focused,0.986,1622,241,1860,494
18870,4,Focused,0.986,633,218,782,447
18870,11,Focused,0.977,0,344,179,614
18870,6,Focused,0.98,1229,225,1393,374
18870,9,Focused,0.976,1498,412,1863,793
18870,3,Focused,0.977,913,191,1007,350
18870,8,Focused,0.983,266,220,479,443
18870,23,Focused,0.786,806,536,1006,769
18870,24,Focused,0.942,1069,435,1233,623
18900,12,Focused,0.984,463,305,775,661
18900,1,Focused,0.963,1165,338,1440,708
18900,9,Focused,0.984,1493,391,1840,772
18900,2,Focused,0.984,1657,244,1862,498
18900,11,Focused,0.969,0,344,190,618
18900,13,Focused,0.982,1096,193,1275,376
18900,6,Focused,0.92,1232,226,1394,376
18900,8,Focused,0.985,266,219,478,443
18900,3,Focused,0.979,913,189,1004,348
18900,4,Focused,0.984,655,225,790,451
18900,23,Focused,0.967,806,536,1007,770
18900,24,Focused,0.977,1068,435,1213,619
18930,1,Focused,0.961,1164,337,1442,708
18930,12,Focused,0.983,464,303,775,661
18930,11,Focused,0.975,0,344,192,619
18930,13,Focused,0.981,1095,193,1271,374
18930,9,Focused,0.985,1497,407,1851,766
18930,2,Focused,0.985,1627,245,1854,482
18930,4,Focused,0.983,655,228,790,450
18930,23,Focused,0.985,807,536,1006,769
18930,8,Focused,0.982,265,220,478,442
18930,3,Focused,0.98,914,195,1008,351
18930,6,Focused,0.972,1226,221,1382,373
18930,24,Focused,0.98,1069,435,1212,621
18960,12,Focused,0.982,462,304,776,661
18960,1,Focused,0.94,1150,341,1445,736
18960,2,Focused,0.984,1623,243,1855,489
18960,13,Focused,0.981,1094,193,1271,375
18960,11,Focused,0.98,0,341,187,617
18960,4,Focused,0.979,657,223,789,449
18960,8,Focused,0.982,265,221,479,442
18960,23,Focused,0.97,807,536,1006,769
18960,6,Focused,0.98,1225,223,1387,383
18960,3,Focused,0.975,916,195,1012,356
18960,24,Focused,0.982,1070,435,1211,621
18960,9,Focused,0.983,1496,409,1855,735
18990,12,Focused,0.984,462,302,773,660
18990,1,Focused,0.973,1155,334,1434,708
18990,2,Focused,0.985,1648,241,1854,488
18990,11,Focused,0.983,0,343,187,616
18990,13,Focused,0.982,1095,191,1276,376
18990,6,Focused,0.979,1233,224,1395,420
18990,4,Focused,0.983,651,224,789,452
18990,8,Focused,0.983,263,221,476,442
18990,3,Focused,0.978,921,194,1016,357
18990,23,Focused,0.983,805,537,1006,769
18990,24,Focused,0.982,1069,435,1202,622
18990,9,Focused,0.977,1494,403,1847,727
19020,12,Focused,0.984,462,303,776,661
19020,1,Focused,0.974,1153,352,1440,707
19020,2,Focused,0.985,1627,241,1854,488
19020,11,Focused,0.983,0,344,180,615
19020,6,Focused,0.977,1241,227,1399,416
19020,3,Focused,0.976,906,194,1012,355
19020,4,Focused,0.985,657,223,788,446
19020,8,Focused,0.981,264,221,477,442
19020,24,Focused,0.979,1068,435,1200,620
19020,23,Focused,0.958,807,536,1005,768
19020,13,Focused,0.981,1095,193,1276,374
19020,9,Focused,0.983,1483,419,1851,737
19050,12,Focused,0.981,464,302,776,661
19050,1,Focused,0.964,1129,344,1442,707
19050,2,Focused,0.985,1619,242,1856,492
19050,6,Focused,0.977,1248,226,1397,417
19050,4,Focused,0.981,649,224,789,452
19050,11,Focused,0.982,0,341,183,616
19050,13,Focused,0.981,1096,189,1276,377
19050,8,Focused,0.984,266,221,477,442
19050,3,Focused,0.967,918,194,1014,355
19050,23,Focused,0.984,806,536,1007,769
19050,9,Focused,0.984,1494,400,1864,721
19050,24,Focused,0.974,1068,435,1198,620
19080,12,Focused,0.982,466,301,775,661
19080,1,Focused,0.965,1127,348,1442,707
19080,2,Focused,0.983,1654,242,1855,489
19080,6,Focused,0.976,1228,228,1395,420
19080,9,Focused,0.982,1512,392,1858,762
19080,13,Focused,0.98,1111,192,1258,378
19080,11,Focused,0.98,0,342,190,617
19080,3,Focused,0.973,908,197,1013,357
19080,4,Focused,0.981,657,223,788,442
19080,8,Focused,0.984,266,221,474,443
19080,23,Focused,0.987,805,536,1006,769
19080,24,Focused,0.974,1067,435,1213,631
19110,12,Focused,0.983,466,303,773,661
19110,1,Focused,0.961,1139,341,1441,707
19110,11,Focused,0.98,0,342,193,618
19110,2,Focused,0.985,1621,244,1855,494
19110,13,Focused,0.977,1097,189,1269,379
19110,6,Focused,0.973,1232,229,1394,418
19110,3,Focused,0.975,904,191,1014,366
19110,4,Focused,0.983,664,223,789,449
19110,8,Focused,0.982,265,220,475,442
19110,23,Focused,0.983,805,536,1006,769
19110,9,Focused,0.973,1510,400,1860,745
19110,24,Focused,0.962,1068,435,1204,621
19140,12,Focused,0.982,465,303,776,660
19140,1,Focused,0.927,1135,337,1443,713
19140,13,Focused,0.979,1098,190,1272,380
19140,11,Focused,0.966,0,343,188,617
19140,2,Focused,0.985,1616,244,1854,498
19140,6,Focused,0.933,1232,226,1397,419
19140,4,Focused,0.981,665,222,791,444
19140,8,Focused,0.981,266,220,476,443
19140,3,Focused,0.969,906,191,1016,369
19140,23,Focused,0.976,806,536,1005,769
19140,24,Focused,0.748,1067,435,1214,622
19140,9,Focused,0.984,1502,402,1859,749
19170,12,Focused,0.986,454,303,774,660
19170,1,Focused,0.975,1156,338,1444,708
19170,2,Focused,0.984,1621,242,1853,490
19170,13,Focused,0.978,1095,189,1273,380
19170,11,Focused,0.978,0,344,192,618
19170,6,Focused,0.98,1232,227,1399,417
19170,4,Focused,0.984,659,218,790,446
19170,3,Focused,0.975,904,203,1002,353
19170,8,Focused,0.982,265,219,473,442
19170,23,Focused,0.849,805,536,1005,770
19170,24,Focused,0.404,1067,435,1226,620
19170,9,Focused,0.984,1492,420,1857,743
19200,12,Focused,0.983,478,304,775,660
19200,1,Focused,0.967,1147,331,1446,791
19200,2,Focused,0.981,1621,245,1853,490
19200,11,Focused,0.98,0,343,192,619
19200,6,Focused,0.981,1246,228,1397,416
19200,4,Focused,0.983,658,224,790,453
19200,13,Focused,0.98,1128,190,1267,379
19200,3,Focused,0.97,911,203,1008,348
19200,8,Focused,0.982,269,221,476,443
19200,24,Focused,0.708,1066,435,1213,618
19200,23,Focused,0.909,806,536,1006,769
19200,9,Focused,0.98,1492,425,1860,744
19230,12,Focused,0.983,470,303,775,660
19230,2,Focused,0.979,1617,245,1854,490
19230,1,Focused,0.969,1092,328,1440,731
19230,11,Focused,0.983,0,343,193,619
19230,13,Focused,0.982,1130,190,1270,378
19230,6,Focused,0.973,1229,225,1395,380
19230,4,Focused,0.973,658,222,789,450
19230,3,Focused,0.971,909,202,1032,356
19230,8,Focused,0.979,267,220,473,444
19230,23,Focused,0.983,804,535,1007,770
19230,9,Focused,0.981,1493,423,1859,745
19260,12,Focused,0.977,485,313,769,659
19260,1,Focused,0.979,1151,327,1448,773
19260,2,Focused,0.982,1621,242,1851,488
19260,13,Focused,0.983,1133,191,1279,386
19260,11,Focused,0.984,0,344,191,617
19260,6,Focused,0.977,1242,223,1396,417
19260,4,Focused,0.974,647,217,789,452
19260,8,Focused,0.982,266,220,474,443
19260,3,Focused,0.974,911,202,1028,357
19260,23,Focused,0.95,805,535,1007,769
19260,9,Focused,0.982,1493,418,1860,746
19260,24,Focused,0.851,1067,435,1221,620
19290,12,Focused,0.983,456,304,777,662
19290,1,Focused,0.981,1129,327,1440,700
19290,11,Focused,0.983,0,342,193,619
19290,2,Focused,0.984,1620,244,1865,496
19290,13,Focused,0.985,1132,191,1280,385
19290,4,Focused,0.98,654,220,791,450
19290,8,Focused,0.986,266,221,476,443
19290,3,Focused,0.975,902,197,1010,351
19290,6,Focused,0.981,1239,227,1396,417
19290,23,Focused,0.985,806,536,1007,770
19290,9,Focused,0.972,1493,419,1859,745
19290,24,Focused,0.678,1067,434,1223,621
19320,12,Focused,0.981,459,306,780,662
19320,1,Focused,0.978,1136,344,1449,709
19320,11,Focused,0.983,0,346,184,617
19320,6,Focused,0.977,1218,243,1398,416
19320,2,Focused,0.985,1638,242,1849,488
19320,13,Focused,0.983,1131,190,1278,384
19320,3,Focused,0.974,907,202,1008,354
19320,4,Focused,0.984,645,223,789,438
19320,8,Focused,0.986,265,220,474,443
19320,23,Focused,0.942,805,536,1007,770
19320,24,Focused,0.909,1068,435,1215,620
19320,9,Focused,0.65,1492,415,1859,746
19350,12,Focused,0.979,459,305,781,662
19350,1,Focused,0.977,1139,334,1450,709
19350,11,Focused,0.983,0,350,200,619
19350,2,Focused,0.983,1610,245,1863,497
19350,4,Focused,0.983,647,218,787,432
19350,3,Focused,0.97,842,186,974,349
19350,13,Focused,0.984,1131,191,1281,386
19350,8,Focused,0.987,265,221,477,442
19350,6,Focused,0.985,1237,228,1394,420
19350,24,Focused,0.959,1064,434,1230,621
19350,23,Focused,0.986,805,536,1005,770
19350,9,Focused,0.906,1492,401,1857,745
19380,12,Focused,0.978,394,293,702,712
19380,2,Focused,0.986,1548,238,1811,489
19380,1,Focused,0.977,1141,334,1449,709
19380,11,Focused,0.982,8,347,271,647
19380,8,Focused,0.985,241,224,473,437
19380,4,Focused,0.98,602,221,783,453
19380,13,Focused,0.98,1133,191,1282,385
19380,23,Focused,0.983,805,536,1006,770
19380,6,Focused,0.975,1268,223,1425,419
19380,3,Focused,0.972,910,197,1001,349
19380,24,Focused,0.965,1068,436,1189,619
19380,9,Focused,0.94,1492,400,1857,745
19410,4,Focused,0.983,604,213,803,456
19410,1,Focused,0.972,1143,344,1447,710
19410,2,Focused,0.985,1543,219,1788,496
19410,13,Focused,0.98,1109,192,1291,379
19410,3,Focused,0.945,823,183,1005,355
19410,6,Focused,0.653,1300,241,1439,413
19410,8,Focused,0.985,250,204,451,435
19410,11,Focused,0.975,25,341,256,621
19410,23,Focused,0.979,805,537,1008,769
19410,12,Focused,0.983,332,294,678,692
19410,24,Focused,0.974,1063,435,1214,634
19410,9,Focused,0.983,1489,408,1860,741
19440,2,Focused,0.98,1544,222,1809,496
19440,4,Focused,0.983,564,209,768,466
19440,1,Focused,0.978,1139,348,1446,710
19440,13,Focused,0.982,1037,215,1241,384
19440,8,Focused,0.986,231,230,458,438
19440,3,Focused,0.961,898,218,1011,359
19440,23,Focused,0.977,805,537,1007,770
19440,6,Focused,0.96,1308,243,1441,412
19440,12,Focused,0.981,336,328,686,687
19440,9,Focused,0.983,1491,397,1853,749
19470,1,Focused,0.983,1125,333,1448,709
19470,2,Focused,0.981,1547,252,1780,496
19470,4,Focused,0.984,565,224,761,468
19470,13,Focused,0.984,1030,196,1257,384
19470,3,Focused,0.977,898,218,1011,357
19470,6,Focused,0.981,1308,248,1439,412
19470,8,Focused,0.982,266,214,454,436
19470,23,Focused,0.902,765,540,1002,787
19470,9,Focused,0.983,1490,399,1852,739
19470,12,Focused,0.982,342,331,686,679
19470,11,Focused,0.974,32,326,286,624
19470,27,Unknown,0.0,4,775,252,1017
19500,1,Focused,0.977,1069,334,1445,765
19500,2,Focused,0.976,1565,253,1780,485
19500,11,Focused,0.981,2,338,268,627
19500,4,Focused,0.94,586,209,765,454
19500,6,Focused,0.977,1303,247,1439,411
19500,23,Focused,0.971,765,539,1002,795
19500,13,Focused,0.98,1047,188,1264,384
19500,8,Focused,0.952,269,215,449,439
19500,3,Focused,0.979,893,218,1011,361
19500,9,Focused,0.981,1476,413,1844,746
19500,12,Focused,0.964,329,333,686,679
19500,28,Unknown,0.0,287,802,578,1078
19530,1,Focused,0.982,1068,329,1443,762
19530,11,Focused,0.984,2,332,257,634
19530,13,Focused,0.981,1035,186,1251,372
19530,4,Focused,0.915,575,220,752,464
19530,23,Focused,0.966,765,540,1002,803
19530,8,Focused,0.961,269,215,449,436
19530,6,Focused,0.978,1297,244,1438,411
19530,9,Focused,0.981,1472,411,1843,736
19530,12,Focused,0.966,337,333,686,681
19530,2,Focused,0.969,1580,254,1780,465
19530,3,Focused,0.979,889,221,1011,363
19530,28,Unknown,0.0,293,802,577,1078
19560,1,Focused,0.966,1058,329,1438,714
19560,11,Focused,0.984,9,325,263,637
19560,2,Focused,0.812,1551,252,1778,495
19560,13,Focused,0.981,1038,194,1242,384
19560,4,Focused,0.973,574,225,750,462
19560,3,Focused,0.98,888,220,1011,361
19560,8,Focused,0.925,269,215,447,437
19560,23,Focused,0.962,765,540,1002,799
19560,6,Focused,0.98,1305,247,1439,411
19560,12,Focused,0.982,347,330,685,665
19560,9,Focused,0.981,1465,430,1850,744
19590,1,Focused,0.983,1054,330,1422,706
19590,11,Focused,0.982,6,332,263,634
19590,4,Focused,0.976,570,226,752,463
19590,13,Focused,0.984,1038,194,1240,380
19590,6,Focused,0.984,1301,246,1440,411
19590,23,Focused,0.967,765,540,1002,799
19590,8,Focused,0.922,269,215,448,438
19590,9,Focused,0.98,1462,419,1836,745
19590,2,Focused,0.976,1579,255,1780,471
19590,12,Focused,0.902,340,329,686,664
19590,25,Focused,0.981,820,219,1011,368
19590,3,Focused,0.98,888,221,1011,360
19590,28,Unknown,0.0,291,801,575,1077
19620,11,Focused,0.921,5,318,255,633
19620,1,Focused,0.882,1050,328,1422,707
19620,13,Focused,0.979,1038,194,1239,381
19620,4,Focused,0.977,572,226,753,463
19620,6,Focused,0.982,1298,248,1437,412
19620,23,Focused,0.978,765,540,1003,799
19620,8,Focused,0.949,270,214,455,436
19620,25,Focused,0.981,821,209,1011,365
19620,9,Focused,0.98,1462,430,1832,747
19620,12,Focused,0.963,352,328,683,666
19620,2,Focused,0.978,1578,254,1782,456
19620,28,Unknown,0.0,292,802,574,1077
19650,11,Focused,0.95,10,311,271,638
19650,1,Focused,0.972,1050,327,1421,707
19650,13,Focused,0.98,1039,194,1240,383
19650,2,Focused,0.978,1546,251,1780,492
19650,4,Focused,0.978,578,228,748,464
19650,6,Focused,0.984,1297,247,1436,410
19650,8,Focused,0.97,268,213,458,434
19650,23,Focused,0.959,764,540,1002,799
19650,9,Focused,0.981,1462,416,1831,745
19650,12,Focused,0.979,350,324,685,666
19650,3,Focused,0.982,895,199,1024,378
19650,28,Focused,0.828,293,801,568,1077
19650,25,Focused,0.981,828,200,1024,376
19680,11,Focused,0.976,10,317,267,634
19680,1,Focused,0.978,1064,329,1445,717
19680,13,Focused,0.929,1038,202,1257,390
19680,4,Focused,0.963,575,229,751,462
19680,2,Focused,0.973,1550,253,1823,496
19680,6,Focused,0.978,1297,248,1435,411
19680,23,Focused,0.984,766,540,1002,798
19680,8,Focused,0.954,269,213,457,436
19680,12,Focused,0.974,345,328,685,676
19680,9,Focused,0.981,1463,425,1830,747
19680,25,Focused,0.981,814,212,1024,376
19710,1,Focused,0.977,1048,329,1431,788
19710,11,Focused,0.984,8,333,264,639
19710,4,Focused,0.973,574,228,753,463
19710,6,Focused,0.971,1298,251,1435,411
19710,13,Focused,0.971,1076,168,1250,378
19710,8,Focused,0.982,275,213,453,438
19710,23,Focused,0.847,765,541,1001,791
19710,9,Focused,0.981,1463,429,1833,749
19710,2,Focused,0.976,1576,253,1778,472
19710,12,Focused,0.981,350,330,685,671
19710,25,Focused,0.979,814,212,1024,377
19740,11,Focused,0.981,12,319,264,636
19740,1,Focused,0.94,1060,328,1422,707
19740,13,Focused,0.972,1077,170,1251,385
19740,4,Focused,0.965,575,228,753,463
19740,6,Focused,0.973,1292,246,1435,411
19740,8,Focused,0.979,277,215,451,436
19740,9,Focused,0.981,1462,421,1833,748
19740,23,Focused,0.968,763,539,1003,777
19740,25,Focused,0.977,813,213,1024,378
19740,2,Focused,0.975,1576,253,1780,472
19740,12,Focused,0.978,349,325,683,663
19770,11,Focused,0.981,15,313,264,639
19770,4,Focused,0.874,574,230,753,466
19770,13,Focused,0.964,1031,205,1259,392
19770,2,Focused,0.953,1572,255,1779,466
19770,8,Focused,0.965,277,216,452,436
19770,6,Focused,0.974,1289,245,1437,411
19770,23,Focused,0.974,764,539,1004,792
19770,1,Focused,0.969,1069,334,1419,728
19770,12,Focused,0.975,344,327,684,665
19770,25,Focused,0.976,818,195,1024,376
19770,9,Focused,0.979,1448,417,1834,738
19770,28,Focused,0.969,290,801,582,1078
19770,3,Focused,0.984,898,194,1025,377
19800,11,Focused,0.983,15,328,263,637
19800,1,Focused,0.974,1078,325,1412,703
19800,4,Focused,0.884,576,228,753,461
19800,2,Focused,0.968,1575,245,1776,480
19800,13,Focused,0.974,1031,205,1255,390
19800,6,Focused,0.976,1296,248,1436,411
19800,23,Focused,0.982,765,539,1004,799
19800,8,Focused,0.956,277,216,442,448
19800,9,Focused,0.981,1487,408,1836,748
19800,25,Focused,0.964,809,215,1020,375
19800,12,Focused,0.979,344,330,658,652
19800,28,Focused,0.951,292,802,577,1078
19830,11,Focused,0.983,16,323,257,640
19830,13,Focused,0.958,1041,197,1252,392
19830,1,Focused,0.968,1072,326,1413,711
19830,6,Focused,0.979,1298,247,1434,411
19830,8,Focused,0.976,278,215,451,445
19830,23,Focused,0.939,766,539,1005,791
19830,9,Focused,0.981,1464,419,1830,758
19830,4,Focused,0.828,563,227,754,464
19830,25,Focused,0.974,808,213,1021,376
19830,12,Focused,0.98,349,328,689,665
19830,2,Focused,0.978,1576,254,1779,470
19830,28,Focused,0.916,291,802,580,1078
19860,11,Focused,0.982,14,317,260,632
19860,1,Focused,0.972,1083,332,1413,705
19860,13,Focused,0.977,1041,194,1251,395
19860,4,Focused,0.938,566,224,752,464
19860,23,Focused,0.981,765,539,1004,799
19860,6,Focused,0.979,1293,248,1434,411
19860,9,Focused,0.981,1463,419,1830,759
19860,8,Focused,0.982,278,215,454,437
19860,2,Focused,0.977,1578,257,1779,466
19860,25,Focused,0.973,809,213,1023,379
19860,12,Focused,0.985,349,328,689,664
19860,28,Focused,0.894,291,802,580,1077
19890,11,Focused,0.983,14,313,268,639
19890,1,Focused,0.98,1080,332,1411,705
19890,4,Focused,0.898,566,202,759,458
19890,13,Focused,0.979,1041,196,1250,387
19890,2,Focused,0.978,1576,256,1777,473
19890,23,Focused,0.983,766,538,1004,782
19890,6,Focused,0.981,1295,247,1436,411
19890,9,Focused,0.98,1463,413,1833,758
19890,8,Focused,0.981,279,215,456,436
19890,25,Focused,0.972,808,213,1022,378
19890,12,Focused,0.984,352,328,680,664
19890,28,Focused,0.941,293,802,578,1077
19920,11,Focused,0.984,18,311,268,639
19920,1,Focused,0.981,1079,336,1414,706
19920,4,Focused,0.937,556,215,761,458
19920,13,Focused,0.979,1041,196,1253,394
19920,2,Focused,0.977,1595,217,1813,482
19920,23,Focused,0.978,765,539,1005,799
19920,6,Focused,0.98,1295,247,1436,411
19920,8,Focused,0.976,278,215,455,437
19920,25,Focused,0.979,808,213,1023,379
19920,9,Focused,0.98,1456,411,1834,737
19920,12,Focused,0.983,345,328,683,664
19920,28,Focused,0.973,293,802,576,1078
19950,1,Focused,0.977,1076,329,1412,708
19950,4,Focused,0.965,559,237,756,459
19950,11,Focused,0.984,30,311,287,630
19950,13,Focused,0.98,1041,186,1247,384
19950,2,Focused,0.979,1577,229,1789,468
19950,6,Focused,0.98,1299,249,1436,411
19950,9,Focused,0.98,1456,427,1831,758
19950,23,Focused,0.682,765,539,1003,787
19950,8,Focused,0.983,278,215,456,438
19950,25,Focused,0.974,808,213,1022,379
19950,12,Focused,0.982,350,327,685,663
19980,1,Focused,0.969,1075,329,1413,728
19980,2,Focused,0.978,1563,234,1784,478
19980,4,Focused,0.956,560,242,756,460
19980,13,Focused,0.979,1041,202,1254,392
19980,11,Focused,0.98,41,312,299,624
19980,6,Focused,0.979,1294,246,1435,411
19980,23,Focused,0.951,765,539,1003,798
19980,9,Focused,0.98,1455,430,1830,758
19980,8,Focused,0.98,279,215,455,439
19980,25,Focused,0.968,809,213,1022,379
19980,12,Focused,0.965,351,326,685,664
19980,28,Focused,0.977,288,802,581,1077
20010,1,Focused,0.927,1082,330,1413,706
20010,4,Focused,0.974,580,209,788,454
20010,2,Focused,0.979,1567,231,1786,450
20010,11,Focused,0.98,33,309,279,624
20010,13,Focused,0.98,1041,200,1252,395
20010,23,Focused,0.951,765,539,1003,797
20010,6,Focused,0.978,1296,246,1434,411
20010,9,Focused,0.98,1456,416,1830,757
20010,8,Focused,0.983,278,215,457,438
20010,25,Focused,0.977,808,213,1022,378
20010,12,Focused,0.605,353,325,683,665
20010,28,Focused,0.962,290,802,580,1077
20040,11,Focused,0.98,49,327,288,625
20040,1,Focused,0.964,1062,334,1417,706
20040,13,Focused,0.981,1040,199,1258,395
20040,4,Focused,0.774,559,227,757,456
20040,2,Focused,0.976,1566,236,1788,440
20040,8,Focused,0.978,278,216,453,448
20040,6,Focused,0.978,1296,247,1435,412
20040,23,Focused,0.966,765,539,1003,797
20040,25,Focused,0.974,809,192,1010,369
20040,9,Focused,0.977,1455,408,1833,738
20040,28,Focused,0.966,289,802,578,1077
20040,12,Focused,0.798,342,331,683,667
20070,11,Focused,0.981,30,323,268,639
20070,1,Focused,0.912,1102,328,1415,706
20070,4,Focused,0.972,563,232,767,458
20070,13,Focused,0.963,1036,204,1254,394
20070,8,Focused,0.964,227,224,446,446
20070,2,Focused,0.973,1563,236,1779,471
20070,6,Focused,0.977,1298,247,1435,411
20070,23,Focused,0.799,765,540,1003,798
20070,9,Focused,0.98,1455,419,1835,754
20070,25,Focused,0.975,808,212,1021,375
20070,12,Focused,0.958,345,331,683,666
20070,28,Focused,0.968,289,802,579,1077
20100,11,Focused,0.981,18,318,258,639
20100,1,Focused,0.968,1098,332,1413,706
20100,4,Focused,0.983,560,234,770,456
20100,13,Focused,0.977,1036,203,1254,393
20100,3,Focused,0.979,879,213,1021,379
20100,23,Focused,0.976,766,539,1005,798
20100,9,Focused,0.981,1452,386,1872,741
20100,6,Focused,0.979,1293,245,1435,411
20100,8,Focused,0.973,275,218,451,437
20100,2,Focused,0.979,1578,236,1777,416
20100,28,Focused,0.948,289,802,580,1077
20100,12,Focused,0.971,350,331,683,665
20130,11,Focused,0.982,24,320,255,639
20130,1,Focused,0.961,1098,336,1415,706
20130,2,Focused,0.98,1557,235,1785,485
20130,4,Focused,0.981,560,236,770,457
20130,13,Focused,0.98,1036,202,1256,396
20130,6,Focused,0.979,1300,249,1434,412
20130,8,Focused,0.98,266,217,452,437
20130,23,Focused,0.986,766,539,1004,798
20130,25,Focused,0.973,808,213,1021,377
20130,9,Focused,0.981,1453,414,1895,728
20130,28,Focused,0.866,291,802,582,1077
20130,12,Focused,0.977,344,331,683,666
20160,11,Focused,0.983,25,320,254,638
20160,1,Focused,0.978,1095,333,1410,705
20160,4,Focused,0.958,563,237,771,457
20160,2,Focused,0.981,1553,247,1785,492
20160,13,Focused,0.979,1035,202,1253,380
20160,23,Focused,0.983,765,539,1005,797
20160,6,Focused,0.975,1298,248,1434,411
20160,8,Focused,0.967,268,216,457,437
20160,9,Focused,0.981,1452,422,1891,726
20160,25,Focused,0.974,808,213,1021,378
20160,28,Focused,0.87,291,802,580,1077
20160,12,Focused,0.958,337,340,649,655
20190,11,Focused,0.984,36,312,266,631
20190,1,Focused,0.981,1113,329,1412,705
20190,13,Focused,0.98,1035,203,1255,385
20190,2,Focused,0.982,1576,248,1778,471
20190,4,Focused,0.966,574,237,770,458
20190,6,Focused,0.976,1299,248,1434,412
20190,8,Focused,0.968,275,215,452,438
20190,23,Focused,0.865,765,540,1005,798
20190,25,Focused,0.974,808,213,1021,373
20190,9,Focused,0.982,1452,420,1889,725
20190,28,Focused,0.873,289,802,579,1078
20190,12,Focused,0.956,335,332,648,652
20220,11,Focused,0.981,36,306,270,636
20220,1,Focused,0.971,1108,331,1411,705
20220,4,Focused,0.964,569,237,769,458
20220,13,Focused,0.979,1035,203,1253,381
20220,6,Focused,0.979,1297,249,1433,411
20220,2,Focused,0.983,1576,251,1778,478
20220,23,Focused,0.951,766,539,1004,787
20220,8,Focused,0.973,278,215,460,437
20220,25,Focused,0.978,809,210,1006,370
20220,9,Focused,0.981,1452,425,1890,725
20220,12,Focused,0.957,341,331,656,655
20220,28,Focused,0.967,293,802,573,1078
20250,1,Focused,0.949,1121,335,1412,706
20250,11,Focused,0.981,26,320,257,634
20250,4,Focused,0.977,570,239,770,458
20250,13,Focused,0.98,1036,204,1256,383
20250,6,Focused,0.98,1298,249,1435,412
20250,8,Focused,0.982,276,214,457,442
20250,23,Focused,0.984,765,540,1004,797
20250,2,Focused,0.985,1575,254,1778,466
20250,9,Focused,0.98,1452,420,1889,725
20250,25,Focused,0.978,808,214,1024,378
20250,12,Focused,0.977,339,331,657,655
20250,28,Focused,0.938,291,802,576,1077
20280,11,Focused,0.981,26,318,256,639
20280,1,Focused,0.96,1117,337,1415,705
20280,4,Focused,0.967,567,237,781,458
20280,13,Focused,0.979,1036,202,1258,391
20280,3,Focused,0.98,879,214,1023,370
20280,9,Focused,0.983,1529,351,1852,728
20280,6,Focused,0.98,1301,250,1435,411
20280,8,Focused,0.981,278,214,456,447
20280,23,Focused,0.976,765,539,1004,797
20280,12,Focused,0.935,346,330,657,655
20280,28,Focused,0.944,292,801,577,1077
20310,11,Focused,0.981,32,323,264,633
20310,1,Focused,0.974,1120,333,1420,707
20310,2,Focused,0.981,1576,256,1777,490
20310,13,Focused,0.978,1036,201,1258,392
20310,4,Focused,0.941,566,238,770,457
20310,23,Focused,0.978,765,539,1005,796
20310,8,Focused,0.977,277,215,455,441
20310,6,Focused,0.975,1291,248,1436,410
20310,9,Focused,0.982,1486,408,1862,740
20310,28,Focused,0.778,293,802,580,1077
20310,3,Focused,0.98,881,216,1024,379
20310,12,Focused,0.805,345,330,656,655
20340,11,Focused,0.981,44,312,274,640
20340,1,Focused,0.842,1128,335,1434,708
20340,4,Focused,0.967,567,242,767,461
20340,13,Focused,0.979,1040,201,1261,393
20340,2,Focused,0.976,1577,253,1777,481
20340,8,Focused,0.982,279,217,456,442
20340,23,Focused,0.978,765,539,1004,795
20340,6,Focused,0.975,1296,249,1434,411
20340,25,Focused,0.978,808,215,1024,378
20340,9,Focused,0.981,1486,416,1859,743
20340,28,Focused,0.887,294,803,580,1078
20340,12,Focused,0.962,340,332,656,655
20370,4,Focused,0.965,564,233,768,457
20370,1,Focused,0.835,1128,331,1431,707
20370,11,Focused,0.981,40,315,282,636
20370,2,Focused,0.977,1563,253,1775,479
20370,13,Focused,0.979,1036,204,1255,393
20370,6,Focused,0.977,1300,250,1434,411
20370,8,Focused,0.983,279,216,454,440
20370,23,Focused,0.953,766,538,1005,795
20370,9,Focused,0.981,1486,409,1859,743
20370,25,Focused,0.974,807,216,1024,378
20370,12,Focused,0.969,342,330,658,654
20370,28,Focused,0.937,292,803,577,1077
20400,1,Focused,0.947,1128,335,1432,707
20400,4,Focused,0.927,559,231,769,457
20400,11,Focused,0.98,41,313,236,623
20400,2,Focused,0.98,1564,252,1777,484
20400,13,Focused,0.976,1036,207,1256,393
20400,8,Focused,0.977,279,216,452,441
20400,23,Focused,0.943,766,538,1005,790
20400,6,Focused,0.975,1296,247,1435,411
20400,25,Focused,0.976,809,216,1023,379
20400,9,Focused,0.981,1485,400,1860,729
20400,12,Focused,0.935,347,327,698,664
20400,28,Focused,0.755,292,802,582,1077
20430,1,Focused,0.943,1125,333,1431,708
20430,4,Focused,0.902,552,244,755,459
20430,11,Focused,0.98,33,360,248,624
20430,2,Focused,0.979,1564,251,1776,479
20430,13,Focused,0.977,1035,206,1256,388
20430,23,Focused,0.912,765,539,1005,799
20430,8,Focused,0.983,255,215,438,439
20430,6,Focused,0.975,1296,246,1436,411
20430,9,Focused,0.978,1483,405,1858,740
20430,25,Focused,0.979,808,216,1023,374
20430,28,Focused,0.903,293,802,581,1077
20430,12,Focused,0.805,350,332,701,657
20460,1,Focused,0.978,1123,333,1430,707
20460,11,Focused,0.98,40,318,237,623
20460,2,Focused,0.98,1565,254,1775,485
20460,4,Focused,0.673,559,221,772,460
20460,13,Focused,0.977,1036,206,1257,396
20460,8,Focused,0.973,263,221,443,450
20460,23,Focused,0.67,764,539,1005,799
20460,6,Focused,0.978,1292,245,1435,411
20460,25,Focused,0.97,808,216,1024,374
20460,9,Focused,0.979,1476,415,1859,735
20460,12,Focused,0.591,350,334,702,657
20460,28,Focused,0.962,292,802,576,1077
20490,11,Focused,0.98,43,324,274,640
20490,1,Focused,0.971,1115,331,1432,708
20490,2,Focused,0.984,1566,255,1778,482
20490,13,Focused,0.977,1037,205,1255,397
20490,4,Focused,0.763,565,250,774,458
20490,8,Focused,0.974,265,223,446,452
20490,9,Focused,0.971,1485,402,1859,801
20490,6,Focused,0.978,1296,247,1435,411
20490,23,Focused,0.866,765,540,1005,799
20490,25,Focused,0.974,807,215,1024,375
20490,28,Focused,0.945,292,802,580,1077
20490,12,Focused,0.696,355,329,691,664
20520,11,Focused,0.981,18,321,255,644
20520,1,Focused,0.968,1116,332,1433,708
20520,4,Focused,0.854,568,241,775,457
20520,13,Focused,0.977,1037,205,1256,398
20520,2,Focused,0.984,1578,255,1780,485
20520,6,Focused,0.98,1298,248,1433,411
20520,23,Focused,0.916,765,540,1005,798
20520,8,Focused,0.967,267,220,454,435
20520,9,Focused,0.575,1474,412,1858,740
20520,12,Focused,0.912,352,326,694,662
20520,25,Focused,0.964,808,215,1024,377
20520,28,Focused,0.952,291,802,580,1077
20550,11,Focused,0.949,21,320,255,639
20550,1,Focused,0.97,1110,335,1432,709
20550,4,Focused,0.895,567,242,775,458
20550,13,Focused,0.977,1037,205,1258,398
20550,6,Focused,0.981,1298,247,1433,412
20550,2,Focused,0.987,1578,255,1778,487
20550,23,Focused,0.972,764,539,1005,799
20550,8,Focused,0.955,268,220,454,437
20550,9,Focused,0.869,1473,418,1863,740
20550,28,Focused,0.915,293,802,579,1077
20550,12,Focused,0.937,352,328,693,663
20550,25,Focused,0.97,809,215,1022,377
20550,3,Focused,0.981,881,215,1024,380
20580,11,Focused,0.983,22,313,258,640
20580,1,Focused,0.978,1112,333,1432,709
20580,13,Focused,0.978,1035,210,1255,400
20580,4,Focused,0.859,564,243,775,457
20580,2,Focused,0.987,1577,254,1778,484
20580,6,Focused,0.98,1298,248,1435,412
20580,23,Focused,0.928,765,539,1005,801
20580,8,Focused,0.939,269,220,452,437
20580,25,Focused,0.928,808,216,1023,377
20580,9,Focused,0.849,1473,418,1859,739
20580,12,Focused,0.856,354,328,691,665
20580,28,Focused,0.88,293,802,577,1077
20610,11,Focused,0.972,24,316,257,641
20610,1,Focused,0.981,1109,332,1432,709
20610,13,Focused,0.978,1036,208,1254,383
20610,4,Focused,0.853,560,244,774,458
20610,2,Focused,0.982,1577,254,1778,484
20610,8,Focused,0.962,273,216,449,437
20610,6,Focused,0.98,1298,247,1435,412
20610,23,Focused,0.983,765,539,1005,800
20610,12,Focused,0.926,355,328,685,663
20610,25,Focused,0.97,807,216,1024,376
20610,9,Focused,0.968,1473,420,1859,740
20610,28,Focused,0.948,291,802,581,1077
20640,11,Focused,0.984,24,312,259,637
20640,1,Focused,0.973,1108,327,1433,709
20640,13,Focused,0.979,1036,207,1253,399
20640,2,Focused,0.979,1577,254,1779,485
20640,4,Focused,0.941,564,242,774,457
20640,8,Focused,0.981,281,215,452,437
20640,6,Focused,0.978,1295,245,1435,411
20640,23,Focused,0.973,766,538,1005,782
20640,9,Focused,0.98,1473,410,1857,735
20640,25,Focused,0.973,808,216,1024,377
20640,12,Focused,0.978,354,325,688,664
20640,28,Focused,0.973,293,802,580,1077
20670,11,Focused,0.98,22,315,255,646
20670,1,Focused,0.979,1107,323,1433,708
20670,13,Focused,0.98,1036,208,1253,400
20670,4,Focused,0.951,565,240,772,457
20670,6,Focused,0.979,1298,248,1434,412
20670,23,Focused,0.976,765,539,1004,797
20670,2,Focused,0.98,1577,254,1779,480
20670,8,Focused,0.981,280,215,453,436
20670,25,Focused,0.974,809,216,1024,378
20670,28,Focused,0.973,293,803,580,1078
20670,9,Focused,0.978,1473,419,1855,741
20670,12,Focused,0.98,352,327,689,663
20700,11,Focused,0.98,22,318,254,638
20700,1,Focused,0.976,1123,331,1433,709
20700,4,Focused,0.872,566,240,772,458
20700,2,Focused,0.978,1559,254,1781,483
20700,13,Focused,0.979,1035,206,1235,385
20700,6,Focused,0.979,1294,245,1434,411
20700,23,Focused,0.827,765,540,1005,798
20700,8,Focused,0.967,280,215,453,437
20700,25,Focused,0.955,809,217,1024,379
20700,9,Focused,0.98,1474,419,1857,742
20700,12,Focused,0.973,356,327,690,663
20700,28,Focused,0.945,293,803,582,1078
20730,1,Focused,0.971,1123,334,1431,708
20730,11,Focused,0.981,24,316,258,643
20730,4,Focused,0.811,564,238,771,456
20730,2,Focused,0.977,1551,253,1777,497
20730,13,Focused,0.976,1034,207,1235,382
20730,23,Focused,0.981,764,540,1004,795
20730,6,Focused,0.971,1298,248,1435,412
20730,8,Focused,0.953,279,215,453,437
20730,9,Focused,0.98,1473,423,1873,742
20730,25,Focused,0.964,808,216,1024,375
20730,28,Focused,0.915,294,802,581,1077
20730,12,Focused,0.963,354,329,691,663
20760,1,Focused,0.977,1123,332,1432,709
20760,11,Focused,0.981,25,316,256,636
20760,2,Focused,0.977,1550,252,1776,497
20760,4,Focused,0.92,564,240,771,458
20760,23,Focused,0.981,765,539,1002,801
20760,13,Focused,0.976,1035,208,1234,387
20760,8,Focused,0.973,281,214,453,436
20760,6,Focused,0.972,1292,248,1436,411
20760,9,Focused,0.979,1473,420,1875,742
20760,25,Focused,0.972,808,217,1024,378
20760,12,Focused,0.93,347,331,691,665
20760,28,Focused,0.932,294,803,580,1077
20790,11,Focused,0.981,22,316,254,641
20790,1,Focused,0.98,1125,333,1432,709
20790,4,Focused,0.952,563,244,770,457
20790,2,Focused,0.979,1554,257,1778,484
20790,13,Focused,0.977,1036,207,1255,389
20790,6,Focused,0.977,1304,249,1435,411
20790,23,Focused,0.852,765,539,1005,798
20790,8,Focused,0.979,281,214,453,436
20790,9,Focused,0.98,1474,414,1866,749
20790,25,Focused,0.963,808,216,1024,378
20790,12,Focused,0.939,344,329,690,664
20790,28,Focused,0.973,293,803,580,1077
20820,1,Focused,0.972,1121,329,1432,709
20820,11,Focused,0.983,23,315,255,637
20820,4,Focused,0.783,562,240,770,456
20820,13,Focused,0.75,1036,207,1254,392
20820,2,Focused,0.974,1548,254,1777,496
20820,23,Focused,0.97,764,539,1005,798
20820,8,Focused,0.938,281,214,453,436
20820,6,Focused,0.97,1299,248,1436,412
20820,9,Focused,0.979,1472,419,1862,748
20820,25,Focused,0.903,808,216,1024,378
20820,12,Focused,0.782,352,328,687,665
20820,28,Focused,0.925,293,802,580,1077
20850,1,Focused,0.972,1121,331,1433,709
20850,11,Focused,0.984,26,318,258,640
20850,13,Focused,0.782,1036,206,1253,392
20850,2,Focused,0.974,1577,253,1777,483
20850,4,Focused,0.842,564,242,769,458
20850,6,Focused,0.968,1298,247,1436,412
20850,8,Focused,0.965,283,214,455,436
20850,23,Focused,0.98,765,538,1004,790
20850,9,Focused,0.977,1473,407,1864,746
20850,25,Focused,0.879,808,217,1024,376
20850,12,Focused,0.934,353,328,686,664
20850,28,Focused,0.949,293,803,578,1078
20880,11,Focused,0.981,19,323,260,642
20880,1,Focused,0.978,1125,342,1432,708
20880,13,Focused,0.958,1035,207,1257,392
20880,4,Focused,0.845,579,234,775,456
20880,6,Focused,0.961,1298,248,1435,411
20880,9,Focused,0.979,1481,396,1842,737
20880,23,Focused,0.951,765,539,1005,793
20880,2,Focused,0.977,1580,254,1778,417
20880,8,Focused,0.97,281,214,454,436
20880,12,Focused,0.94,354,325,690,664
20880,25,Focused,0.946,808,216,1024,378
20880,28,Focused,0.901,292,802,579,1077
20910,1,Focused,0.981,1123,335,1432,709
20910,11,Focused,0.981,42,318,268,639
20910,13,Focused,0.978,1035,206,1256,393
20910,4,Focused,0.829,569,238,769,457
20910,3,Focused,0.982,879,216,1024,377
20910,23,Focused,0.98,765,539,1005,790
20910,8,Focused,0.969,282,214,457,436
20910,6,Focused,0.976,1300,249,1435,411
20910,9,Focused,0.981,1474,402,1854,743
20910,2,Focused,0.978,1575,254,1782,453
20910,28,Focused,0.943,292,802,578,1077
20910,12,Focused,0.949,353,330,687,664
20940,1,Focused,0.953,1121,334,1432,708
20940,11,Focused,0.982,42,315,268,641
20940,4,Focused,0.943,556,224,760,458
20940,13,Focused,0.977,1035,206,1253,383
20940,23,Focused,0.975,764,539,1005,796
20940,6,Focused,0.973,1300,249,1435,411
20940,8,Focused,0.974,281,214,452,437
20940,2,Focused,0.977,1578,254,1781,476
20940,9,Focused,0.981,1515,400,1859,720
20940,12,Focused,0.949,354,331,688,665
20940,28,Focused,0.914,292,802,575,1077
20940,25,Focused,0.967,810,215,1021,371
20970,1,Focused,0.971,1121,338,1431,709
20970,11,Focused,0.985,40,312,268,640
20970,4,Focused,0.961,562,233,768,455
20970,13,Focused,0.979,1041,205,1256,393
20970,6,Focused,0.979,1299,248,1435,412
20970,23,Focused,0.972,765,539,1005,796
20970,8,Focused,0.982,282,214,453,437
20970,9,Focused,0.981,1498,400,1852,755
20970,25,Focused,0.978,808,213,1024,377
20970,2,Focused,0.978,1576,254,1781,476
20970,28,Focused,0.966,290,802,579,1077
20970,12,Focused,0.974,354,325,694,674
21000,1,Focused,0.732,1120,339,1433,709
21000,11,Focused,0.985,39,312,268,632
21000,13,Focused,0.981,1036,206,1256,392
21000,4,Focused,0.978,543,245,761,456
21000,6,Focused,0.978,1300,249,1434,411
21000,9,Focused,0.981,1498,378,1893,751
21000,8,Focused,0.985,282,215,457,437
21000,23,Focused,0.962,764,538,1005,797
21000,2,Focused,0.981,1584,254,1779,409
21000,3,Focused,0.982,879,216,1024,379
21000,28,Focused,0.976,296,803,583,1077
21000,12,Focused,0.986,353,324,693,676
21030,1,Focused,0.684,1120,340,1432,708
21030,11,Focused,0.985,37,314,263,631
21030,4,Focused,0.982,570,235,771,457
21030,9,Focused,0.981,1495,389,1884,751
21030,13,Focused,0.982,1035,206,1255,381
21030,6,Focused,0.978,1301,248,1434,411
21030,8,Focused,0.984,283,214,457,436
21030,23,Focused,0.947,765,538,1005,795
21030,2,Focused,0.982,1581,254,1779,412
21030,28,Focused,0.977,297,802,584,1077
21030,3,Focused,0.981,882,216,1024,379
21030,12,Focused,0.985,351,322,691,673
21030,25,Focused,0.977,809,216,1023,377
21060,1,Focused,0.931,1123,346,1431,708
21060,11,Focused,0.983,39,320,262,635
21060,4,Focused,0.969,567,237,769,456
21060,13,Focused,0.982,1036,205,1256,380
21060,6,Focused,0.975,1301,250,1435,412
21060,8,Focused,0.98,283,214,455,436
21060,9,Focused,0.981,1496,400,1912,756
21060,23,Focused,0.982,764,538,1005,796
21060,2,Focused,0.98,1576,255,1781,479
21060,28,Focused,0.975,297,803,584,1077
21060,3,Focused,0.981,881,216,1025,380
21060,12,Focused,0.98,351,322,689,656
21090,1,Focused,0.92,1120,338,1431,708
21090,11,Focused,0.98,42,315,258,636
21090,4,Focused,0.693,569,237,768,457
21090,13,Focused,0.977,1035,206,1254,380
21090,9,Focused,0.98,1494,396,1867,750
21090,6,Focused,0.976,1299,248,1433,411
21090,8,Focused,0.974,283,214,457,436
21090,2,Focused,0.98,1580,255,1780,419
21090,23,Focused,0.985,765,539,1005,796
21090,28,Focused,0.977,297,802,582,1077
21090,3,Focused,0.98,882,216,1024,379
21090,25,Focused,0.976,809,216,1023,377
21120,1,Focused,0.947,1132,332,1434,708
21120,11,Focused,0.98,43,315,261,636
21120,4,Focused,0.904,569,237,767,456
21120,13,Focused,0.978,1039,203,1252,387
21120,8,Focused,0.979,282,215,457,437
21120,6,Focused,0.976,1302,251,1434,412
21120,9,Focused,0.98,1486,387,1894,723
21120,28,Focused,0.975,297,803,583,1077
21120,23,Focused,0.956,765,538,1006,796
21120,2,Focused,0.981,1575,254,1779,459
21120,3,Focused,0.978,881,216,1024,380
21120,12,Focused,0.984,352,326,655,655
21150,1,Focused,0.959,1132,349,1435,709
21150,11,Focused,0.98,41,314,266,635
21150,13,Focused,0.98,1036,206,1261,391
21150,4,Focused,0.958,567,237,768,457
21150,2,Focused,0.981,1578,254,1779,485
21150,8,Focused,0.981,283,215,457,440
21150,6,Focused,0.979,1290,246,1435,412
21150,3,Focused,0.981,879,217,1024,379
21150,9,Focused,0.981,1489,404,1891,746
21150,23,Focused,0.981,765,538,998,785
21150,28,Focused,0.977,297,802,583,1077
21150,12,Focused,0.981,352,326,654,655
21180,1,Focused,0.934,1138,340,1437,707
21180,11,Focused,0.981,44,313,268,624
21180,4,Focused,0.956,576,237,773,457
21180,13,Focused,0.979,1037,205,1259,395
21180,6,Focused,0.979,1276,249,1435,411
21180,8,Focused,0.98,283,215,459,441
21180,2,Focused,0.979,1578,254,1781,483
21180,25,Focused,0.973,808,216,1024,373
21180,23,Focused,0.976,764,538,1005,795
21180,9,Focused,0.981,1487,420,1888,747
21180,28,Focused,0.974,296,802,583,1077
21180,12,Focused,0.927,347,326,655,655
21210,1,Focused,0.87,1145,343,1438,706
21210,11,Focused,0.981,44,313,268,625
21210,13,Focused,0.98,1035,205,1260,394
21210,4,Focused,0.97,574,238,772,456
21210,2,Focused,0.98,1578,254,1778,484
21210,8,Focused,0.981,283,215,460,439
21210,9,Focused,0.981,1486,424,1888,747
21210,28,Focused,0.977,297,802,582,1077
21210,23,Focused,0.981,764,538,1005,794
21210,6,Focused,0.975,1292,251,1432,412
21210,25,Focused,0.972,808,216,1024,374
21240,1,Focused,0.923,1128,338,1437,707
21240,11,Focused,0.98,45,313,271,628
21240,13,Focused,0.978,1035,206,1258,395
21240,4,Focused,0.968,573,237,768,458
21240,3,Focused,0.98,879,216,1024,379
21240,8,Focused,0.981,232,217,461,439
21240,6,Focused,0.974,1278,260,1426,411
21240,9,Focused,0.981,1486,425,1848,747
21240,28,Focused,0.969,297,803,583,1077
21240,23,Focused,0.981,764,539,1005,795
21240,2,Focused,0.98,1579,254,1781,463
21270,1,Focused,0.972,1137,336,1435,706
21270,11,Focused,0.981,44,313,275,626
21270,13,Focused,0.978,1035,206,1256,395
21270,4,Focused,0.977,571,239,770,461
21270,8,Focused,0.983,284,216,458,441
21270,6,Focused,0.981,1286,251,1433,411
21270,9,Focused,0.981,1484,423,1851,747
21270,23,Focused,0.967,764,539,1005,795
21270,28,Focused,0.971,298,802,582,1077
21270,2,Focused,0.98,1577,254,1779,481
21270,3,Focused,0.98,882,216,1024,379
21270,25,Focused,0.978,809,216,1022,376
21300,1,Focused,0.942,1137,325,1435,708
21300,13,Focused,0.977,1035,206,1254,392
21300,4,Focused,0.979,565,238,772,459
21300,11,Focused,0.98,56,321,240,623
21300,8,Focused,0.984,284,214,454,443
21300,9,Focused,0.981,1485,414,1852,746
21300,2,Focused,0.98,1577,254,1779,477
21300,23,Focused,0.934,764,537,1005,795
21300,28,Focused,0.972,297,802,584,1077
21300,25,Focused,0.975,809,217,1023,374
21300,6,Focused,0.982,1297,251,1436,411
21300,12,Focused,0.95,353,325,702,657
21330,1,Focused,0.841,1132,331,1436,708
21330,4,Focused,0.981,562,240,771,457
21330,13,Focused,0.978,1037,206,1252,393
21330,11,Focused,0.98,55,317,239,622
21330,2,Focused,0.979,1578,256,1779,482
21330,6,Focused,0.976,1298,250,1433,411
21330,8,Focused,0.983,285,215,452,440
21330,9,Focused,0.981,1487,415,1858,753
21330,23,Focused,0.95,764,539,1005,795
21330,28,Focused,0.972,297,802,584,1077
21330,12,Focused,0.986,351,324,697,657
21330,25,Focused,0.971,809,217,1023,376
21330,3,Focused,0.978,877,216,1024,379
21360,1,Focused,0.855,1132,339,1436,708
21360,13,Focused,0.966,1035,206,1258,391
21360,11,Focused,0.98,55,325,240,623
21360,4,Focused,0.985,562,244,772,458
21360,8,Focused,0.98,285,214,455,442
21360,6,Focused,0.974,1296,248,1432,411
21360,2,Focused,0.973,1578,255,1779,478
21360,9,Focused,0.98,1486,409,1855,750
21360,23,Focused,0.974,764,538,1005,795
21360,28,Focused,0.958,299,803,584,1077
21360,25,Focused,0.963,809,217,1022,377
21360,3,Focused,0.976,872,216,1024,378
21360,12,Focused,0.952,353,326,696,657
21390,1,Focused,0.932,1126,335,1436,708
21390,4,Focused,0.984,563,241,771,456
21390,13,Focused,0.973,1035,206,1253,391
21390,2,Focused,0.973,1578,254,1779,485
21390,11,Focused,0.98,55,318,241,623
21390,8,Focused,0.978,284,216,456,441
21390,6,Focused,0.978,1299,251,1432,411
21390,9,Focused,0.98,1486,407,1861,754
21390,23,Focused,0.984,764,536,1005,794
21390,3,Focused,0.968,880,217,1024,379
21390,28,Focused,0.963,297,803,584,1077
21390,12,Focused,0.965,352,324,695,657
21420,1,Focused,0.884,1125,331,1436,709
21420,4,Focused,0.957,564,242,772,456
21420,13,Focused,0.977,1035,192,1250,384
21420,11,Focused,0.979,57,322,243,623
21420,2,Focused,0.979,1579,254,1778,483
21420,6,Focused,0.977,1298,251,1432,411
21420,8,Focused,0.982,288,215,455,434
21420,9,Focused,0.981,1485,411,1859,754
21420,28,Focused,0.959,299,803,583,1077
21420,23,Focused,0.983,764,537,1005,795
21420,25,Focused,0.937,809,218,1023,377
21450,1,Focused,0.972,1125,328,1436,708
21450,11,Focused,0.979,55,311,274,627
21450,4,Focused,0.93,559,242,775,458
21450,13,Focused,0.978,1034,216,1253,389
21450,8,Focused,0.982,286,215,453,436
21450,9,Focused,0.981,1485,402,1853,752
21450,6,Focused,0.977,1299,250,1432,413
21450,2,Focused,0.979,1577,254,1780,472
21450,25,Focused,0.975,809,217,1024,374
21450,28,Focused,0.953,297,802,584,1077
21450,23,Focused,0.864,764,538,1005,795
21450,12,Focused,0.982,354,326,699,658
21480,1,Focused,0.979,1128,335,1443,712
21480,11,Focused,0.98,49,313,275,628
21480,4,Focused,0.887,559,243,776,457
21480,13,Focused,0.978,1035,215,1262,392
21480,9,Focused,0.98,1485,401,1852,754
21480,8,Focused,0.978,287,216,454,441
21480,6,Focused,0.976,1298,249,1433,411
21480,2,Focused,0.977,1577,254,1781,465
21480,23,Focused,0.923,764,537,1005,795
21480,25,Focused,0.976,808,215,1023,374
21480,28,Focused,0.947,298,802,583,1077
21480,12,Focused,0.967,353,328,697,657
21510,1,Focused,0.969,1128,335,1443,722
21510,11,Focused,0.981,49,314,270,627
21510,4,Focused,0.922,559,242,774,457
21510,13,Focused,0.979,1034,215,1261,390
21510,6,Focused,0.979,1301,249,1434,411
21510,8,Focused,0.982,287,215,454,436
21510,3,Focused,0.977,912,184,1031,348
21510,9,Focused,0.981,1483,410,1855,751
21510,2,Focused,0.978,1581,253,1780,471
21510,23,Focused,0.981,765,538,1005,796
21510,28,Focused,0.956,298,803,583,1077
21510,12,Focused,0.912,354,329,696,658
21540,1,Focused,0.979,1125,328,1443,707
21540,11,Focused,0.981,50,313,274,631
21540,13,Focused,0.978,1033,215,1259,391
21540,8,Focused,0.982,201,242,445,438
21540,4,Focused,0.884,564,242,771,458
21540,3,Focused,0.98,896,190,1052,355
21540,9,Focused,0.981,1484,418,1851,750
21540,6,Focused,0.978,1277,253,1429,410
21540,23,Focused,0.963,764,538,1005,795
21540,28,Focused,0.945,297,802,584,1077
21540,2,Focused,0.978,1579,253,1775,477
21540,12,Focused,0.884,353,327,696,657
21570,1,Focused,0.97,1140,331,1443,707
21570,11,Focused,0.981,49,313,277,632
21570,4,Focused,0.967,563,244,770,459
21570,8,Focused,0.982,207,250,450,441
21570,13,Focused,0.98,1035,215,1252,386
21570,2,Focused,0.98,1577,252,1784,484
21570,6,Focused,0.98,1292,250,1433,412
21570,3,Focused,0.976,901,195,1054,371
21570,23,Focused,0.982,764,538,1005,796
21570,9,Focused,0.981,1483,417,1855,752
21570,28,Focused,0.971,297,802,584,1077
21570,12,Focused,0.929,354,326,695,658
21600,11,Focused,0.981,11,320,252,640
21600,1,Focused,0.957,1124,332,1443,709
21600,4,Focused,0.966,562,233,769,456
21600,13,Focused,0.974,1035,215,1260,391
21600,8,Focused,0.982,205,241,450,443
21600,3,Focused,0.978,893,206,1027,381
21600,2,Focused,0.98,1577,252,1783,487
21600,6,Focused,0.973,1292,248,1433,413
21600,9,Focused,0.981,1483,413,1860,753
21600,23,Focused,0.974,763,538,1005,797
21600,28,Focused,0.963,298,802,583,1077
21630,11,Focused,0.98,14,318,253,642
21630,1,Focused,0.957,1147,338,1442,707
21630,13,Focused,0.971,1034,216,1261,390
21630,4,Focused,0.927,556,234,743,460
21630,3,Focused,0.955,878,211,1018,372
21630,6,Focused,0.974,1294,246,1433,411
21630,2,Focused,0.963,1578,252,1780,485
21630,8,Focused,0.974,212,240,443,442
21630,9,Focused,0.979,1483,405,1857,754
21630,23,Focused,0.96,764,537,1005,796
21630,28,Focused,0.923,299,803,583,1077
21660,11,Focused,0.98,15,318,253,644
21660,1,Focused,0.943,1147,338,1442,707
21660,4,Focused,0.931,559,236,768,457
21660,13,Focused,0.974,1035,216,1262,391
21660,2,Focused,0.947,1578,251,1784,487
21660,8,Focused,0.926,232,238,441,440
21660,6,Focused,0.976,1291,249,1434,412
21660,9,Focused,0.977,1480,403,1854,747
21660,23,Focused,0.979,809,536,1005,759
21660,25,Focused,0.979,813,215,1026,379
21660,28,Focused,0.955,298,802,582,1077
21690,11,Focused,0.981,16,317,252,641
21690,1,Focused,0.945,1079,332,1444,707
21690,4,Focused,0.905,560,242,767,459
21690,13,Focused,0.973,1034,216,1259,392
21690,3,Focused,0.97,885,215,1026,382
21690,8,Focused,0.826,206,238,449,441
21690,6,Focused,0.978,1298,249,1433,412
21690,9,Focused,0.981,1480,399,1848,748
21690,2,Focused,0.976,1579,253,1786,440
21690,28,Focused,0.653,299,803,583,1077
21690,23,Focused,0.96,807,537,1005,758
21720,11,Focused,0.981,15,315,252,645
21720,1,Focused,0.915,1124,331,1439,709
21720,13,Focused,0.976,1034,215,1257,389
21720,4,Focused,0.962,559,235,770,458
21720,3,Focused,0.98,885,216,1026,381
21720,6,Focused,0.976,1298,249,1435,412
21720,8,Focused,0.937,205,239,440,441
21720,28,Focused,0.911,298,802,584,1077
21720,9,Focused,0.979,1477,396,1849,740
21720,23,Using Phone,0.377,810,536,1005,760
21720,2,Focused,0.98,1576,252,1785,479
21750,11,Focused,0.982,20,316,253,642
21750,13,Focused,0.963,1034,195,1251,382
21750,1,Focused,0.949,1074,340,1438,760
21750,4,Focused,0.931,557,238,769,458
21750,6,Focused,0.973,1299,248,1436,412
21750,8,Focused,0.954,204,241,430,440
21750,23,Using Phone,0.747,813,537,1005,758
21750,9,Focused,0.979,1463,395,1844,755
21750,2,Focused,0.981,1582,253,1785,479
21750,28,Focused,0.922,298,802,583,1077
21750,3,Focused,0.981,885,217,1027,376
21750,12,Focused,0.972,354,328,691,659
21750,25,Focused,0.959,811,217,1024,374
21780,11,Focused,0.983,0,333,267,624
21780,1,Focused,0.932,1034,332,1426,707
21780,13,Focused,0.976,1034,205,1234,381
21780,3,Focused,0.981,885,218,1027,374
21780,4,Focused,0.916,558,238,775,460
21780,6,Focused,0.975,1304,251,1434,411
21780,8,Focused,0.965,208,238,442,441
21780,9,Focused,0.975,1462,399,1845,753
21780,2,Focused,0.978,1581,252,1782,480
21780,28,Focused,0.945,298,802,583,1077
21780,23,Focused,0.562,812,537,1003,759
21780,12,Focused,0.958,356,327,692,662
21810,11,Focused,0.98,26,319,256,640
21810,4,Focused,0.774,555,238,775,463
21810,1,Focused,0.968,1045,328,1427,707
21810,2,Focused,0.978,1545,252,1788,494
21810,3,Focused,0.98,886,218,1027,376
21810,13,Focused,0.972,1034,206,1234,386
21810,6,Focused,0.978,1298,251,1434,412
21810,9,Focused,0.981,1467,391,1846,751
21810,8,Focused,0.958,209,237,438,440
21810,28,Focused,0.921,298,803,583,1077
21810,23,Focused,0.786,811,536,1005,759
21810,12,Focused,0.968,355,328,692,664
21840,1,Focused,0.948,1040,329,1444,762
21840,11,Focused,0.98,35,316,255,637
21840,2,Focused,0.976,1548,252,1779,496
21840,3,Focused,0.979,886,218,1027,377
21840,4,Focused,0.93,554,235,774,461
21840,13,Focused,0.97,1034,206,1234,384
21840,6,Focused,0.978,1296,248,1435,411
21840,28,Focused,0.574,299,803,583,1077
21840,8,Focused,0.97,233,234,435,441
21840,23,Using Phone,0.671,811,537,1006,759
21840,9,Focused,0.984,1498,400,1900,739
21870,11,Focused,0.981,45,323,271,638
21870,1,Focused,0.943,1048,334,1445,761
21870,2,Focused,0.973,1550,252,1783,495
21870,4,Focused,0.836,558,230,775,458
21870,8,Focused,0.927,210,245,447,441
21870,13,Focused,0.971,1035,206,1234,386
21870,6,Focused,0.979,1296,246,1434,411
21870,9,Focused,0.958,1482,407,1895,744
21870,23,Using Phone,0.589,811,537,1006,758
21870,28,Focused,0.502,304,803,585,1078
21870,25,Focused,0.979,810,218,1027,376
21870,3,Focused,0.98,886,218,1027,377
21900,11,Focused,0.983,42,322,270,639
21900,1,Focused,0.977,1085,335,1446,760
21900,4,Focused,0.857,559,241,777,458
21900,2,Focused,0.97,1549,251,1782,494
21900,13,Focused,0.827,1034,206,1234,388
21900,6,Focused,0.978,1301,251,1434,411
21900,8,Focused,0.945,205,246,434,441
21900,23,Focused,0.458,811,537,1005,758
21900,9,Focused,0.985,1481,411,1895,744
21900,3,Focused,0.979,887,217,1027,377
21900,28,Focused,0.582,302,803,585,1078
21900,12,Focused,0.969,344,327,688,666
21900,25,Focused,0.981,810,218,1024,375
21930,1,Focused,0.953,1083,329,1446,760
21930,11,Focused,0.978,38,320,269,641
21930,4,Focused,0.871,561,242,774,456
21930,3,Focused,0.98,885,219,1027,382
21930,2,Focused,0.912,1561,253,1787,484
21930,13,Focused,0.944,1034,207,1234,386
21930,6,Focused,0.97,1304,251,1433,411
21930,8,Focused,0.895,207,243,438,442
21930,23,Focused,0.895,810,537,1005,759
21930,9,Focused,0.984,1481,414,1896,744
21930,28,Focused,0.519,301,803,583,1078
21930,12,Focused,0.86,350,327,688,670
21960,1,Focused,0.974,1082,334,1446,761
21960,11,Focused,0.982,41,319,269,640
21960,4,Focused,0.702,558,236,772,457
21960,2,Focused,0.967,1550,249,1790,494
21960,8,Focused,0.715,212,241,449,442
21960,13,Focused,0.934,1034,207,1234,385
21960,6,Focused,0.973,1297,249,1433,411
21960,23,Focused,0.906,811,536,1006,758
21960,9,Focused,0.95,1481,417,1896,742
21960,28,Focused,0.732,301,803,585,1077
21960,25,Focused,0.975,811,217,1026,378
21960,3,Focused,0.978,886,218,1026,382
21990,11,Focused,0.746,46,319,273,641
21990,1,Focused,0.961,1046,340,1445,760
21990,4,Focused,0.908,560,238,770,456
21990,2,Focused,0.969,1548,255,1790,494
21990,13,Focused,0.938,1035,208,1234,386
21990,6,Focused,0.977,1297,250,1434,412
21990,8,Focused,0.873,208,240,447,441
21990,23,Focused,0.904,811,538,1005,759
21990,9,Focused,0.952,1485,412,1917,753
21990,28,Focused,0.855,303,803,585,1077
21990,25,Using Phone,0.554,811,217,1026,377
21990,3,Focused,0.976,887,219,1027,379
22020,11,Focused,0.865,47,321,272,641
22020,1,Focused,0.963,1057,329,1445,761
22020,2,Focused,0.974,1549,254,1786,494
22020,3,Focused,0.976,885,219,1027,381
22020,4,Focused,0.945,568,240,768,457
22020,13,Focused,0.959,1034,208,1234,386
22020,8,Focused,0.972,215,236,451,441
22020,6,Focused,0.978,1285,257,1427,412
22020,23,Focused,0.946,811,536,1006,761
22020,28,Focused,0.779,303,804,584,1077
22020,9,Focused,0.956,1482,397,1915,749
22050,11,Focused,0.899,46,315,273,640
22050,1,Focused,0.942,1057,342,1445,760
22050,2,Focused,0.974,1550,254,1785,494
22050,8,Focused,0.966,215,243,451,442
22050,4,Focused,0.952,560,238,759,457
22050,13,Focused,0.959,1034,208,1234,386
22050,6,Focused,0.98,1298,251,1433,412
22050,23,Focused,0.981,811,535,1005,759
22050,28,Focused,0.527,302,803,585,1077
22050,25,Focused,0.967,810,218,1026,375
22050,9,Focused,0.93,1482,407,1916,745
22080,2,Focused,0.963,1548,254,1778,494
22080,11,Focused,0.908,2,330,254,622
22080,4,Focused,0.811,556,241,755,458
22080,1,Focused,0.957,1061,337,1437,733
22080,8,Focused,0.847,213,245,446,442
22080,6,Focused,0.977,1296,247,1432,412
22080,3,Focused,0.974,885,219,1027,377
22080,13,Focused,0.952,1034,207,1235,384
22080,23,Focused,0.963,811,537,1005,759
22080,28,Using Phone,0.541,303,803,585,1077
22080,9,Focused,0.958,1481,406,1916,747
22110,11,Focused,0.981,26,329,257,623
22110,2,Focused,0.948,1548,254,1781,493
22110,1,Focused,0.892,1063,337,1438,736
22110,4,Focused,0.575,559,237,778,458
22110,13,Focused,0.918,1035,206,1230,388
22110,6,Focused,0.939,1298,249,1434,411
22110,8,Focused,0.827,238,236,438,442
22110,23,Focused,0.936,811,536,1005,759
22110,28,Using Phone,0.561,301,803,583,1077
22110,25,Focused,0.959,810,219,1026,372
22110,9,Focused,0.971,1481,408,1916,745
22140,11,Focused,0.984,28,341,259,625
22140,1,Focused,0.979,1065,337,1440,744
22140,2,Focused,0.966,1547,254,1779,494
22140,3,Focused,0.968,891,218,1027,375
22140,4,Focused,0.61,559,233,774,457
22140,13,Focused,0.758,1036,206,1229,389
22140,6,Focused,0.96,1297,248,1435,412
22140,8,Focused,0.653,234,236,436,441
22140,28,Using Phone,0.497,303,803,585,1077
22140,23,Focused,0.959,811,536,1006,759
22140,9,Focused,0.973,1481,419,1919,749
22170,11,Focused,0.981,30,337,260,625
22170,2,Focused,0.961,1549,254,1778,495
22170,1,Focused,0.978,1066,335,1441,744
22170,13,Focused,0.87,1035,205,1228,391
22170,4,Focused,0.875,558,235,775,459
22170,3,Focused,0.976,891,218,1027,377
22170,6,Focused,0.974,1298,251,1434,411
22170,8,Focused,0.714,205,236,448,442
22170,23,Focused,0.92,808,537,1006,759
22170,9,Focused,0.965,1482,420,1918,745
22170,28,Focused,0.636,304,804,584,1077
22170,12,Focused,0.898,351,330,689,669
22200,11,Focused,0.982,26,342,260,625
22200,4,Focused,0.926,562,238,769,457
22200,1,Focused,0.98,1064,337,1440,747
22200,2,Focused,0.965,1550,254,1778,495
22200,13,Focused,0.961,1034,204,1229,389
22200,6,Focused,0.98,1299,250,1433,411
22200,8,Focused,0.821,240,234,439,442
22200,23,Focused,0.839,811,536,1006,760
22200,28,Focused,0.718,303,803,585,1077
22200,3,Focused,0.978,888,219,1026,381
22200,9,Focused,0.971,1482,424,1918,744
22230,11,Focused,0.983,32,347,259,626
22230,2,Focused,0.962,1553,254,1777,494
22230,1,Focused,0.978,1065,334,1438,740
22230,4,Focused,0.92,564,233,768,457
22230,13,Focused,0.98,1034,205,1229,388
22230,6,Focused,0.98,1297,249,1433,411
22230,8,Focused,0.918,240,235,445,441
22230,3,Focused,0.979,888,219,1027,382
22230,28,Focused,0.849,303,803,585,1077
22230,23,Focused,0.899,810,535,1006,760
22230,9,Focused,0.973,1481,422,1918,744
22260,11,Focused,0.985,34,345,260,625
22260,4,Focused,0.937,560,236,768,460
22260,1,Focused,0.98,1065,333,1439,754
22260,2,Focused,0.966,1551,254,1778,494
22260,13,Focused,0.981,1034,206,1229,388
22260,8,Focused,0.96,214,237,447,443
22260,3,Focused,0.982,888,219,1026,382
22260,6,Focused,0.977,1297,249,1434,411
22260,23,Focused,0.851,810,536,1006,759
22260,28,Focused,0.752,303,803,585,1077
22260,9,Focused,0.834,1481,423,1918,746
22290,1,Focused,0.968,1078,340,1441,761
22290,4,Focused,0.893,560,237,767,459
22290,11,Focused,0.981,36,327,288,623
22290,2,Focused,0.953,1552,254,1778,497
22290,3,Focused,0.978,889,219,1026,381
22290,13,Focused,0.98,1034,206,1230,389
22290,6,Focused,0.979,1297,251,1434,411
22290,8,Focused,0.943,237,235,449,442
22290,23,Focused,0.932,811,537,1006,760
22290,9,Focused,0.921,1482,423,1918,744
22290,28,Focused,0.565,302,804,584,1077
22320,4,Focused,0.712,559,236,767,461
22320,11,Focused,0.983,36,328,283,623
22320,1,Focused,0.952,1079,337,1441,760
22320,2,Focused,0.937,1554,255,1777,496
22320,3,Focused,0.976,891,218,1027,378
22320,13,Focused,0.976,1034,207,1231,386
22320,6,Focused,0.978,1298,250,1434,411
22320,28,Focused,0.807,303,803,585,1077
22320,8,Focused,0.796,229,236,449,443
22320,23,Focused,0.716,812,536,1005,760
22320,9,Focused,0.964,1481,424,1918,746
22350,11,Focused,0.985,26,333,279,623
22350,4,Focused,0.826,553,237,768,462
22350,2,Focused,0.957,1553,254,1777,496
22350,1,Focused,0.967,1068,333,1440,743
22350,3,Focused,0.979,889,218,1027,376
22350,8,Focused,0.868,240,236,438,442
22350,13,Focused,0.975,1034,205,1231,387
22350,6,Focused,0.979,1298,248,1434,411
22350,23,Focused,0.884,810,536,1006,760
22350,28,Focused,0.927,302,803,586,1077
22350,9,Focused,0.974,1481,424,1918,745
22380,4,Focused,0.863,557,225,765,462
22380,1,Focused,0.971,1068,337,1440,761
22380,11,Focused,0.982,33,346,276,624
22380,2,Focused,0.976,1554,254,1778,495
22380,3,Focused,0.974,887,219,1027,378
22380,8,Focused,0.858,240,235,441,441
22380,13,Focused,0.974,1034,205,1231,388
22380,6,Focused,0.971,1298,249,1434,411
22380,23,Focused,0.91,811,536,1006,760
22380,9,Focused,0.968,1481,431,1918,743
22380,28,Focused,0.871,303,803,586,1077
22380,12,Focused,0.939,354,329,691,664
22410,1,Focused,0.977,1065,339,1440,760
22410,11,Focused,0.982,44,327,282,623
22410,3,Focused,0.978,885,220,1027,378
22410,2,Focused,0.946,1554,255,1777,495
22410,4,Focused,0.865,555,239,751,458
22410,8,Focused,0.898,208,244,444,443
22410,6,Focused,0.977,1294,250,1434,410
22410,13,Focused,0.95,1035,206,1231,386
22410,23,Focused,0.887,810,536,1006,760
22410,28,Focused,0.648,302,804,586,1077
22410,9,Focused,0.922,1481,429,1918,744
22440,1,Focused,0.98,1063,340,1440,761
22440,4,Focused,0.923,550,237,751,458
22440,11,Focused,0.982,41,331,280,623
22440,2,Focused,0.97,1552,254,1777,494
22440,3,Focused,0.981,885,220,1027,379
22440,8,Focused,0.869,211,244,442,442
22440,6,Focused,0.98,1301,250,1434,412
22440,13,Focused,0.958,1034,205,1229,389
22440,23,Focused,0.975,811,536,1006,760
22440,9,Focused,0.963,1481,430,1918,744
22440,28,Focused,0.934,299,803,582,1077
22440,12,Focused,0.924,356,328,689,664
22470,1,Focused,0.971,1066,338,1440,761
22470,11,Focused,0.982,39,329,277,623
22470,4,Focused,0.938,553,240,753,459
22470,2,Focused,0.974,1553,253,1773,495
22470,3,Focused,0.981,885,219,1026,379
22470,13,Focused,0.973,1034,205,1231,388
22470,6,Focused,0.981,1298,249,1433,412
22470,8,Focused,0.87,209,240,439,441
22470,23,Focused,0.964,811,536,1005,760
22470,28,Focused,0.939,304,803,585,1077
22470,9,Focused,0.961,1481,429,1918,744
22500,1,Focused,0.978,1078,338,1440,765
22500,11,Focused,0.982,41,329,279,623
22500,2,Focused,0.979,1552,254,1777,495
22500,4,Focused,0.877,552,241,753,458
22500,3,Focused,0.98,885,219,1026,378
22500,8,Focused,0.592,217,239,433,441
22500,13,Focused,0.954,1034,205,1230,386
22500,6,Focused,0.978,1296,251,1432,411
22500,23,Focused,0.79,811,537,1005,760
22500,9,Focused,0.977,1481,429,1918,744
22500,28,Focused,0.915,304,803,586,1077
22530,1,Focused,0.979,1081,334,1442,761
22530,4,Focused,0.937,555,244,752,458
22530,11,Focused,0.982,41,331,280,623
22530,2,Focused,0.979,1552,255,1776,494
22530,13,Focused,0.968,1035,205,1230,389
22530,8,Focused,0.648,215,238,438,441
22530,6,Focused,0.978,1301,251,1434,412
22530,23,Focused,0.944,810,537,1006,760
22530,9,Focused,0.964,1481,426,1919,747
22530,3,Focused,0.98,886,219,1026,377
22530,28,Focused,0.893,304,803,585,1077
22530,12,Focused,0.892,347,327,704,658
22530,25,Focused,0.95,810,218,1024,375
22560,1,Focused,0.977,1081,335,1442,761
22560,4,Focused,0.916,557,244,753,458
22560,11,Focused,0.981,41,329,279,623
22560,2,Focused,0.973,1553,254,1774,494
22560,8,Using Phone,0.506,216,238,447,442
22560,6,Focused,0.979,1294,251,1433,411
22560,13,Focused,0.972,1016,204,1174,383
22560,23,Focused,0.942,810,536,1006,760
22560,25,Focused,0.975,809,219,1023,373
22560,9,Focused,0.896,1481,426,1918,746
22560,28,Focused,0.815,303,803,584,1078
22560,12,Focused,0.947,353,327,703,658
22590,11,Focused,0.981,34,330,276,623
22590,1,Focused,0.977,1081,335,1442,760
22590,4,Focused,0.928,555,244,753,458
22590,2,Focused,0.978,1555,254,1775,495
22590,6,Focused,0.979,1293,251,1433,411
22590,13,Focused,0.971,1014,206,1196,382
22590,3,Focused,0.98,886,219,1022,370
22590,23,Focused,0.966,809,536,1006,761
22590,8,Focused,0.747,237,238,441,441
22590,28,Focused,0.701,304,804,585,1077
22590,9,Focused,0.95,1482,427,1918,747
22620,1,Focused,0.97,1082,335,1442,761
22620,11,Focused,0.982,36,329,279,623
22620,2,Focused,0.951,1554,255,1775,495
22620,4,Focused,0.899,556,246,752,458
22620,3,Focused,0.979,888,218,1027,379
22620,8,Focused,0.534,212,240,443,442
22620,13,Focused,0.975,1034,206,1193,387
22620,6,Focused,0.979,1293,251,1433,411
22620,28,Using Phone,0.574,300,803,584,1077
22620,23,Focused,0.981,808,536,1007,760
22620,9,Focused,0.929,1481,428,1918,743
22650,1,Focused,0.968,1081,335,1442,760
22650,2,Focused,0.95,1554,254,1775,494
22650,8,Focused,0.78,212,239,452,442
22650,11,Focused,0.981,40,331,282,623
22650,4,Focused,0.865,568,242,752,458
22650,3,Focused,0.979,891,218,1027,382
22650,13,Focused,0.976,1034,206,1193,391
22650,6,Focused,0.978,1296,249,1433,411
22650,23,Focused,0.966,810,537,1006,760
22650,28,Focused,0.785,304,804,585,1077
22650,9,Focused,0.737,1481,429,1918,744
22680,1,Focused,0.938,1065,336,1441,757
22680,4,Focused,0.874,551,245,753,458
22680,11,Focused,0.981,40,329,279,623
22680,2,Focused,0.937,1553,255,1781,495
22680,3,Focused,0.981,890,218,1027,379
22680,6,Focused,0.981,1299,250,1433,410
22680,13,Focused,0.978,1030,206,1175,389
22680,8,Focused,0.726,213,240,436,441
22680,23,Focused,0.877,809,537,1007,760
22680,9,Focused,0.846,1481,431,1918,743
22680,28,Focused,0.837,304,803,585,1078
22680,12,Focused,0.786,340,329,668,707
22710,4,Focused,0.856,550,231,769,458
22710,1,Focused,0.965,1065,336,1439,739
22710,11,Focused,0.981,39,330,279,623
22710,2,Focused,0.945,1552,255,1776,494
22710,3,Focused,0.98,890,218,1028,378
22710,6,Focused,0.98,1298,250,1434,411
22710,13,Focused,0.976,1028,206,1174,386
22710,8,Focused,0.786,215,236,434,440
22710,23,Focused,0.944,809,537,1008,760
22710,9,Focused,0.969,1480,432,1918,744
22710,28,Focused,0.798,193,805,470,1078
22740,11,Focused,0.981,41,329,279,623
22740,2,Focused,0.956,1553,254,1777,495
22740,4,Focused,0.9,557,238,766,456
22740,3,Focused,0.979,885,219,1027,376
22740,1,Focused,0.967,1065,334,1440,735
22740,6,Focused,0.979,1302,252,1433,412
22740,13,Focused,0.977,1035,205,1234,385
22740,8,Focused,0.839,216,236,441,440
22740,23,Focused,0.978,811,536,1007,760
22740,9,Focused,0.909,1480,425,1918,742
22740,28,Focused,0.7,142,801,546,1076
22770,2,Focused,0.943,1553,254,1777,497
22770,4,Focused,0.886,554,244,753,459
22770,1,Focused,0.936,1067,331,1440,740
22770,11,Focused,0.981,39,329,278,623
22770,3,Focused,0.978,885,219,1027,375
22770,8,Focused,0.857,212,245,437,443
22770,6,Focused,0.98,1301,252,1433,411
22770,13,Focused,0.975,1034,209,1231,386
22770,23,Focused,0.979,810,537,1006,760
22770,9,Focused,0.952,1481,430,1918,743
22770,28,Using Phone,0.565,142,801,548,1077
22800,2,Focused,0.954,1554,254,1777,495
22800,1,Focused,0.971,1070,337,1439,744
22800,4,Focused,0.786,564,247,754,458
22800,11,Focused,0.981,39,329,278,623
22800,8,Focused,0.689,221,237,449,441
22800,13,Focused,0.976,1034,209,1232,386
22800,6,Focused,0.98,1295,249,1433,411
22800,23,Focused,0.904,809,537,1007,760
22800,9,Focused,0.969,1481,430,1918,745
22800,3,Focused,0.977,886,220,1027,374
22800,28,Using Phone,0.515,117,803,544,1078
22800,25,Focused,0.971,811,219,1024,374
22830,4,Focused,0.709,560,234,776,456
22830,2,Focused,0.938,1553,254,1777,496
22830,1,Focused,0.973,1067,336,1438,731
22830,11,Focused,0.981,38,328,278,623
22830,3,Focused,0.979,885,219,1027,381
22830,8,Focused,0.731,210,237,448,443
22830,13,Focused,0.974,1033,209,1233,386
22830,6,Focused,0.98,1289,254,1431,411
22830,23,Focused,0.752,809,537,1007,760
22830,9,Focused,0.964,1481,430,1918,747
22830,28,Using Phone,0.481,117,803,543,1078
22860,2,Focused,0.886,1553,254,1777,496
22860,4,Focused,0.745,559,229,771,453
22860,1,Focused,0.924,1070,336,1438,744
22860,11,Focused,0.981,39,328,276,623
22860,3,Focused,0.979,885,219,1027,381
22860,8,Focused,0.742,209,241,450,443
22860,6,Focused,0.979,1270,251,1427,411
22860,13,Focused,0.525,1033,209,1233,386
22860,23,Focused,0.894,810,537,1007,760
22860,9,Focused,0.973,1481,430,1918,745
22860,28,Using Phone,0.653,119,802,548,1077
22890,1,Focused,0.952,1065,339,1439,748
22890,2,Focused,0.906,1553,255,1778,496
22890,11,Focused,0.981,40,329,277,623
22890,4,Focused,0.735,557,243,743,460
22890,3,Focused,0.979,883,214,1027,381
22890,6,Focused,0.978,1299,250,1433,412
22890,13,Focused,0.514,1034,209,1233,384
22890,8,Focused,0.685,211,235,445,441
22890,23,Focused,0.864,809,537,1007,759
22890,9,Focused,0.797,1488,421,1919,775
22890,28,Using Phone,0.55,116,802,547,1076
22920,1,Focused,0.971,1067,337,1440,758
22920,11,Focused,0.981,28,342,272,623
22920,2,Focused,0.945,1554,254,1777,495
22920,4,Focused,0.846,557,236,744,458
22920,13,Focused,0.701,1032,209,1234,383
22920,3,Focused,0.978,894,208,1005,347
22920,6,Focused,0.975,1304,252,1432,411
22920,23,Focused,0.921,810,536,1007,760
22920,8,Focused,0.723,206,239,445,441
22920,9,Focused,0.862,1477,429,1918,733
22920,28,Using Phone,0.408,125,803,548,1078
22950,1,Focused,0.973,1070,336,1441,756
22950,11,Focused,0.981,29,338,274,623
22950,2,Focused,0.969,1553,254,1774,495
22950,4,Focused,0.841,551,241,744,458
22950,6,Focused,0.973,1304,252,1431,411
22950,13,Focused,0.572,1032,209,1233,385
22950,8,Focused,0.616,211,237,440,441
22950,23,Focused,0.836,809,536,1007,760
22950,25,Focused,0.978,810,210,1004,370
22950,9,Focused,0.875,1476,428,1918,733
22950,28,Focused,0.491,112,802,551,1077
22980,1,Focused,0.978,1064,336,1441,749
22980,2,Focused,0.895,1553,254,1774,495
22980,11,Focused,0.981,32,337,276,623
22980,4,Focused,0.896,557,239,744,458
22980,13,Using Phone,0.495,1033,207,1234,387
22980,6,Focused,0.964,1297,251,1430,411
22980,3,Focused,0.978,885,212,1005,348
22980,23,Focused,0.76,809,538,1007,760
22980,8,Using Phone,0.537,208,236,448,441
22980,9,Focused,0.781,1477,428,1919,735
22980,28,Focused,0.59,116,803,551,1077
23010,1,Focused,0.973,1069,334,1439,748
23010,2,Focused,0.825,1553,254,1774,495
23010,11,Focused,0.981,34,334,277,623
23010,4,Focused,0.788,553,241,746,458
23010,6,Focused,0.978,1302,252,1431,412
23010,13,Using Phone,0.528,1032,208,1234,385
23010,8,Focused,0.724,240,235,443,441
23010,23,Focused,0.939,808,537,1008,760
23010,9,Focused,0.639,1478,427,1919,761
23010,25,Using Phone,0.646,812,211,1003,371
23010,28,Focused,0.443,119,801,547,1076
23040,1,Focused,0.959,1065,333,1440,742
23040,2,Focused,0.602,1552,254,1775,495
23040,11,Focused,0.981,43,367,286,624
23040,4,Focused,0.8,553,242,743,461
23040,6,Focused,0.976,1300,251,1431,412
23040,3,Focused,0.976,886,213,1006,351
23040,13,Focused,0.501,1033,208,1233,387
23040,8,Focused,0.77,210,238,437,443
23040,23,Focused,0.858,810,536,1006,761
23040,9,Using Phone,0.493,1477,428,1918,736
23040,28,Looking Away,0.379,113,802,545,1077
23070,1,Focused,0.976,1061,337,1441,756
23070,2,Focused,0.579,1553,254,1775,495
23070,11,Focused,0.981,39,372,285,624
23070,4,Focused,0.7,552,239,744,457
23070,8,Focused,0.715,233,234,442,441
23070,6,Focused,0.98,1299,251,1431,412
23070,3,Focused,0.961,885,213,1005,350
23070,13,Focused,0.509,1033,208,1233,386
23070,23,Focused,0.614,810,536,1007,760
23070,9,Using Phone,0.513,1476,430,1918,733
23070,28,Looking Away,0.504,117,802,548,1076
23100,1,Focused,0.976,1063,339,1441,756
23100,2,Focused,0.526,1554,254,1776,496
23100,11,Focused,0.98,39,368,287,624
23100,4,Focused,0.74,552,238,745,458
23100,13,Focused,0.555,1033,207,1227,387
23100,6,Focused,0.98,1299,251,1431,411
23100,3,Focused,0.933,885,213,1004,350
23100,8,Focused,0.758,211,241,438,442
23100,23,Focused,0.766,809,536,1006,761
23100,9,Using Phone,0.499,1489,424,1918,737
23100,28,Looking Away,0.354,117,802,553,1077
23130,1,Focused,0.975,1063,338,1441,756
23130,2,Focused,0.517,1578,254,1778,487
23130,11,Focused,0.978,35,335,280,623
23130,4,Focused,0.836,552,241,744,459
23130,13,Focused,0.634,1034,208,1231,388
23130,8,Focused,0.868,217,239,437,442
23130,6,Focused,0.981,1272,249,1430,411
23130,3,Focused,0.971,883,213,1005,352
23130,23,Focused,0.861,809,537,1007,760
23130,9,Using Phone,0.597,1487,427,1918,734
23130,28,Using Phone,0.447,110,801,542,1076
23160,1,Focused,0.97,1063,340,1441,756
23160,2,Focused,0.524,1551,255,1778,494
23160,11,Focused,0.98,44,357,281,624
23160,4,Focused,0.902,553,242,745,458
23160,8,Focused,0.895,213,247,442,442
23160,13,Focused,0.612,1033,209,1230,389
23160,3,Focused,0.96,885,213,1006,351
23160,6,Focused,0.979,1296,251,1433,412
23160,23,Focused,0.707,810,536,1007,760
23160,9,Using Phone,0.577,1488,425,1918,736
23160,28,Focused,0.436,113,802,547,1076
23190,1,Focused,0.976,1070,336,1442,761
23190,2,Focused,0.655,1553,254,1779,495
23190,4,Focused,0.936,557,241,744,458
23190,11,Focused,0.981,37,334,277,623
23190,8,Focused,0.899,212,238,445,442
23190,13,Focused,0.89,1033,209,1231,388
23190,6,Focused,0.977,1299,250,1433,412
23190,3,Focused,0.958,884,213,1005,350
23190,23,Focused,0.782,810,537,1006,761
23190,9,Using Phone,0.599,1487,426,1918,734
23190,28,Using Phone,0.497,114,802,548,1076
23220,1,Focused,0.964,1058,341,1442,752
23220,2,Focused,0.655,1552,254,1778,495
23220,4,Focused,0.928,561,242,745,457
23220,11,Focused,0.979,39,333,276,624
23220,13,Focused,0.965,1033,209,1230,388
23220,6,Focused,0.964,1297,251,1432,411
23220,8,Focused,0.844,214,237,447,441
23220,3,Focused,0.798,883,213,1005,351
23220,23,Focused,0.805,810,537,1006,760
23220,9,Using Phone,0.579,1514,404,1919,729
23220,28,Focused,0.631,107,802,549,1076
23250,1,Focused,0.973,1061,343,1442,745
23250,2,Focused,0.639,1553,254,1778,496
23250,11,Focused,0.98,39,334,276,623
23250,4,Focused,0.908,586,244,751,458
23250,13,Focused,0.971,1033,209,1230,389
23250,8,Focused,0.804,212,237,451,443
23250,6,Focused,0.944,1296,252,1432,412
23250,25,Focused,0.806,777,250,1040,490
23250,3,Focused,0.87,883,213,1005,353
23250,9,Using Phone,0.544,1516,408,1918,728
23250,28,Using Phone,0.552,208,808,560,1078
23280,4,Focused,0.946,576,243,756,458
23280,1,Focused,0.967,1058,341,1442,744
23280,2,Focused,0.754,1551,254,1778,496
23280,11,Focused,0.98,39,333,276,623
23280,8,Focused,0.932,206,241,452,442
23280,13,Focused,0.973,1032,195,1243,384
23280,6,Focused,0.969,1302,252,1432,413
23280,3,Focused,0.883,881,210,1005,353
23280,25,Focused,0.964,775,248,1040,489
23280,9,Focused,0.495,1516,411,1918,729
23280,28,Using Phone,0.524,128,804,554,1078
23310,1,Focused,0.975,1061,340,1442,751
23310,2,Focused,0.885,1558,259,1787,489
23310,11,Focused,0.979,39,334,277,623
23310,8,Focused,0.984,207,238,452,442
23310,6,Focused,0.971,1301,252,1432,412
23310,4,Focused,0.975,575,226,736,463
23310,25,Focused,0.747,767,191,1117,475
23310,13,Focused,0.975,1053,210,1244,395
23310,9,Focused,0.609,1514,412,1917,730
23310,28,Focused,0.634,133,804,554,1077
23340,1,Focused,0.978,1061,334,1443,745
23340,2,Focused,0.806,1563,256,1776,487
23340,11,Focused,0.978,38,333,278,623
23340,8,Focused,0.985,216,238,453,440
23340,6,Focused,0.872,1300,251,1432,412
23340,13,Focused,0.931,1074,212,1243,357
23340,4,Focused,0.977,579,229,734,463
23340,9,Focused,0.93,1515,412,1918,730
23340,25,Focused,0.961,707,206,1178,463
23340,28,Focused,0.518,138,805,555,1077
23370,11,Focused,0.98,38,330,283,623
23370,1,Focused,0.96,1062,342,1453,741
23370,2,Focused,0.591,1547,258,1773,496
23370,13,Focused,0.951,1034,212,1247,392
23370,25,Focused,0.968,783,228,1032,488
23370,8,Focused,0.923,212,234,453,442
23370,6,Focused,0.979,1299,251,1432,412
23370,4,Focused,0.91,577,230,736,463
23370,3,Focused,0.858,880,210,1005,341
23370,9,Focused,0.514,1514,414,1918,728
23370,28,Using Phone,0.587,141,805,554,1076
23400,1,Focused,0.976,1061,336,1454,751
23400,11,Focused,0.98,50,380,300,624
23400,2,Focused,0.679,1549,258,1773,498
23400,13,Focused,0.973,1034,212,1244,393
23400,8,Focused,0.943,207,236,452,443
23400,6,Focused,0.982,1302,252,1432,412
23400,3,Focused,0.961,886,210,1005,341
23400,25,Focused,0.962,784,231,1035,490
23400,4,Focused,0.934,576,229,737,464
23400,9,Focused,0.972,1514,415,1918,729
23400,28,Focused,0.503,136,805,554,1077
23430,1,Focused,0.977,1060,340,1442,764
23430,2,Focused,0.673,1551,261,1779,488
23430,11,Focused,0.979,50,337,289,624
23430,13,Focused,0.974,1034,212,1245,389
23430,6,Focused,0.981,1300,252,1431,412
23430,25,Focused,0.942,785,234,1035,491
23430,8,Focused,0.968,238,235,450,445
23430,3,Focused,0.969,886,210,1005,342
23430,4,Focused,0.957,572,228,737,463
23430,9,Focused,0.98,1527,403,1920,763
23430,28,Focused,0.497,144,805,550,1077
23460,11,Focused,0.98,50,337,288,624
23460,2,Focused,0.875,1547,261,1772,488
23460,1,Focused,0.976,1065,342,1438,732
23460,13,Focused,0.955,1034,212,1246,389
23460,8,Focused,0.908,210,235,451,444
23460,6,Focused,0.981,1300,252,1431,412
23460,4,Focused,0.664,570,234,739,464
23460,3,Focused,0.958,885,209,1005,342
23460,25,Focused,0.974,784,236,1034,490
23460,9,Focused,0.911,1512,409,1917,768
23460,28,Using Phone,0.595,144,805,554,1076
23490,11,Focused,0.98,51,334,288,623
23490,1,Focused,0.962,1064,339,1434,733
23490,8,Focused,0.941,213,236,451,443
23490,2,Focused,0.956,1541,263,1772,489
23490,13,Focused,0.974,1034,212,1244,388
23490,6,Focused,0.98,1299,251,1432,412
23490,4,Focused,0.696,568,233,738,466
23490,25,Focused,0.967,784,234,1034,490
23490,3,Focused,0.708,885,209,1004,341
23490,9,Focused,0.912,1558,409,1918,716
23490,28,Using Phone,0.553,133,805,556,1076
23520,1,Focused,0.972,1061,341,1436,753
23520,11,Focused,0.982,45,366,293,624
23520,13,Focused,0.976,1034,212,1246,392
23520,8,Focused,0.964,209,241,444,441
23520,2,Focused,0.953,1541,265,1773,492
23520,6,Focused,0.982,1298,251,1432,412
23520,3,Focused,0.96,885,208,1004,338
23520,4,Focused,0.811,563,233,740,464
23520,25,Focused,0.87,783,246,1041,488
23520,9,Focused,0.982,1504,415,1914,727
23520,28,Focused,0.575,143,805,546,1077
23550,1,Focused,0.97,1061,336,1453,735
23550,11,Focused,0.981,44,333,289,623
23550,2,Focused,0.947,1544,260,1775,499
23550,13,Focused,0.971,1034,212,1243,388
23550,6,Focused,0.98,1299,251,1432,412
23550,8,Focused,0.847,223,235,450,442
23550,25,Focused,0.972,779,242,1041,489
23550,4,Focused,0.866,574,228,738,465
23550,3,Focused,0.967,810,209,1005,370
23550,28,Focused,0.353,129,805,554,1077
23550,9,Focused,0.976,1495,418,1908,727
23580,1,Focused,0.957,1059,340,1452,745
23580,11,Focused,0.982,40,331,295,623
23580,4,Focused,0.966,570,226,741,460
23580,13,Focused,0.969,1034,212,1244,389
23580,2,Focused,0.738,1542,263,1775,500
23580,6,Focused,0.981,1298,251,1431,412
23580,8,Focused,0.819,212,235,447,442
23580,25,Focused,0.975,780,246,1042,491
23580,9,Focused,0.972,1494,418,1908,727
23580,28,Focused,0.41,144,806,528,1076
23580,3,Focused,0.959,810,209,1005,366
23610,1,Focused,0.965,1051,333,1451,745
23610,2,Focused,0.654,1544,260,1766,497
23610,4,Focused,0.608,561,228,740,463
23610,13,Focused,0.951,1034,212,1241,388
23610,6,Focused,0.979,1298,252,1431,412
23610,3,Focused,0.967,885,209,1005,349
23610,25,Focused,0.973,779,252,1042,492
23610,8,Focused,0.786,226,235,448,441
23610,9,Using Phone,0.546,1535,394,1919,719
23610,28,Focused,0.468,135,805,556,1077
23610,11,Focused,0.982,48,314,269,623
23640,1,Focused,0.962,1057,335,1435,753
23640,11,Focused,0.981,70,325,297,624
23640,13,Focused,0.951,1033,212,1244,388
23640,4,Focused,0.771,566,229,739,464
23640,2,Focused,0.78,1545,260,1777,498
23640,25,Focused,0.976,780,240,1036,489
23640,8,Focused,0.881,213,235,448,441
23640,6,Focused,0.978,1296,251,1432,412
23640,3,Focused,0.973,885,209,1005,346
23640,9,Using Phone,0.583,1493,414,1905,742
23640,28,Using Phone,0.557,135,805,556,1077
23670,11,Focused,0.981,50,342,277,644
23670,1,Focused,0.963,1057,329,1422,705
23670,13,Focused,0.936,1034,212,1244,391
23670,2,Focused,0.736,1545,259,1773,496
23670,8,Focused,0.963,250,223,443,438
23670,6,Focused,0.976,1297,250,1432,411
23670,4,Focused,0.907,563,230,740,466
23670,3,Focused,0.612,811,208,1002,373
23670,25,Focused,0.977,790,255,1043,484
23670,9,Using Phone,0.547,1492,435,1910,730
23670,28,Focused,0.561,134,805,557,1077
23700,11,Focused,0.982,49,341,275,643
23700,4,Focused,0.977,557,210,761,454
23700,1,Focused,0.962,1060,331,1423,708
23700,13,Focused,0.909,1034,212,1245,391
23700,6,Focused,0.973,1300,251,1432,412
23700,2,Focused,0.938,1551,266,1779,489
23700,8,Focused,0.979,247,222,431,436
23700,25,Focused,0.979,790,253,1044,484
23700,3,Focused,0.716,811,209,1002,373
23700,9,Focused,0.592,1492,427,1908,733
23730,1,Focused,0.951,1060,331,1424,708
23730,4,Focused,0.981,553,225,762,461
23730,2,Focused,0.886,1546,267,1776,489
23730,13,Focused,0.965,1034,212,1243,391
23730,6,Focused,0.974,1301,251,1432,411
23730,11,Focused,0.984,1,332,281,618
23730,8,Focused,0.952,244,224,422,435
23730,3,Focused,0.898,810,208,1003,373
23730,25,Focused,0.98,788,257,1044,488
23730,9,Focused,0.942,1492,422,1908,733
23730,28,Focused,0.561,142,805,557,1077
23760,1,Focused,0.917,1057,337,1421,707
23760,4,Focused,0.955,558,227,772,462
23760,13,Focused,0.971,1035,212,1244,390
23760,11,Focused,0.983,1,334,268,633
23760,6,Focused,0.977,1300,251,1431,412
23760,2,Focused,0.77,1544,265,1777,490
23760,8,Focused,0.957,221,224,423,435
23760,25,Focused,0.973,799,217,1048,473
23760,3,Focused,0.715,895,207,1000,313
23760,9,Focused,0.723,1491,424,1908,733
23790,4,Focused,0.91,555,224,769,462
23790,1,Focused,0.825,1038,329,1408,709
23790,11,Focused,0.933,2,338,263,628
23790,13,Focused,0.966,1034,212,1239,384
23790,6,Focused,0.979,1301,250,1432,412
23790,8,Focused,0.922,233,227,436,454
23790,2,Focused,0.837,1544,267,1772,489
23790,25,Focused,0.951,808,227,1039,474
23790,3,Focused,0.904,883,212,1001,323
23790,9,Focused,0.961,1492,430,1908,734
23820,1,Focused,0.94,1035,334,1404,708
23820,11,Focused,0.816,0,322,282,624
23820,4,Focused,0.871,554,235,763,458
23820,8,Focused,0.937,282,218,433,439
23820,13,Focused,0.971,1034,211,1241,384
23820,2,Focused,0.955,1544,265,1777,489
23820,6,Focused,0.98,1299,250,1431,412
23820,25,Focused,0.976,808,237,1039,473
23820,3,Focused,0.975,867,202,1020,345
23820,9,Focused,0.892,1492,420,1908,734
23850,1,Focused,0.974,1038,334,1404,708
23850,11,Focused,0.975,0,315,278,625
23850,4,Focused,0.86,555,229,764,458
23850,13,Focused,0.975,1034,212,1241,385
23850,6,Focused,0.979,1300,251,1432,412
23850,2,Focused,0.813,1544,264,1777,489
23850,8,Focused,0.979,279,224,442,437
23850,25,Focused,0.977,808,235,1039,472
23850,3,Focused,0.742,883,208,1019,342
23850,9,Focused,0.879,1491,422,1908,734
23850,28,Focused,0.907,146,805,464,1076
23880,1,Focused,0.977,1040,330,1405,708
23880,11,Focused,0.984,0,315,284,626
23880,4,Focused,0.913,576,213,771,459
23880,8,Focused,0.983,275,224,448,452
23880,2,Focused,0.939,1544,264,1776,491
23880,13,Focused,0.977,1035,212,1239,385
23880,3,Focused,0.968,896,204,1021,344
23880,6,Focused,0.981,1297,250,1431,412
23880,25,Focused,0.978,810,238,1039,473
23880,9,Focused,0.964,1491,415,1907,732
23880,28,Focused,0.591,147,805,537,1077
23910,1,Focused,0.98,1038,331,1408,708
23910,4,Focused,0.89,568,216,772,459
23910,11,Focused,0.822,0,314,288,624
23910,2,Focused,0.962,1544,264,1775,484
23910,8,Focused,0.941,275,224,452,453
23910,13,Focused,0.978,1034,212,1240,385
23910,3,Focused,0.974,925,205,1013,334
23910,6,Focused,0.98,1298,251,1432,411
23910,25,Focused,0.978,812,244,1039,473
23910,9,Focused,0.967,1503,410,1908,730
23940,4,Focused,0.913,576,232,781,454
23940,1,Focused,0.98,1047,369,1415,723
23940,13,Focused,0.979,1033,212,1253,384
23940,11,Focused,0.926,0,318,287,625
23940,6,Focused,0.979,1258,250,1431,411
23940,3,Focused,0.978,919,203,1010,333
23940,8,Focused,0.928,274,228,449,447
23940,2,Focused,0.971,1544,261,1774,489
23940,29,Unknown,0.0,259,325,721,697
23940,25,Focused,0.975,806,231,1020,463
23940,9,Focused,0.981,1497,423,1909,731
23970,4,Focused,0.868,587,222,771,457
23970,1,Focused,0.979,1044,346,1414,723
23970,13,Focused,0.978,1034,191,1257,383
23970,2,Focused,0.911,1543,261,1774,489
23970,11,Focused,0.926,0,317,291,629
23970,6,Focused,0.98,1304,253,1426,412
23970,3,Focused,0.978,921,203,1010,332
23970,8,Focused,0.929,275,221,445,433
23970,29,Unknown,0.0,288,321,686,700
23970,25,Focused,0.973,806,240,1042,473
23970,9,Focused,0.932,1497,456,1907,731
24000,1,Focused,0.979,1071,329,1441,763
24000,11,Focused,0.953,0,315,293,629
24000,13,Focused,0.976,1033,191,1240,380
24000,4,Focused,0.944,564,218,770,460
24000,2,Focused,0.89,1543,262,1777,491
24000,8,Focused,0.957,280,221,442,441
24000,6,Focused,0.976,1291,246,1426,411
24000,3,Focused,0.976,914,203,1010,349
24000,25,Focused,0.962,804,230,1026,473
24000,9,Focused,0.975,1497,416,1907,737
24000,29,Unknown,0.0,278,322,674,654
24000,28,Focused,0.789,143,805,554,1077
